{
    "metrics": {
        "checks": {
            "fails": 0,
            "passes": 9,
            "value": 0
        },
        "data_received": {
            "count": 6065,
            "rate": 99.44531079728984
        },
        "data_sent": {
            "count": 6690,
            "rate": 109.69317876898087
        },
        "http_req_blocked": {
            "avg": 98.60965566666665,
            "max": 887.390525,
            "med": 0.012431,
            "min": 0.009568,
            "p(90)": 177.49000500000017,
            "p(95)": 532.4402649999997
        },
        "http_req_connecting": {
            "avg": 30.356397555555557,
            "max": 273.207578,
            "med": 0,
            "min": 0,
            "p(90)": 54.64151560000005,
            "p(95)": 163.92454679999992
        },
        "http_req_duration": {
            "avg": 6673.987903777778,
            "max": 11548.981163,
            "med": 6032.627438,
            "min": 5847.373733,
            "p(90)": 7617.061046200001,
            "p(95)": 9583.021104599999
        },
        "http_req_receiving": {
            "avg": 0.12638277777777776,
            "max": 0.150638,
            "med": 0.129697,
            "min": 0.09826,
            "p(90)": 0.1498564,
            "p(95)": 0.1502472
        },
        "http_req_sending": {
            "avg": 0.05618977777777778,
            "max": 0.157775,
            "med": 0.041065,
            "min": 0.033382,
            "p(90)": 0.07960300000000002,
            "p(95)": 0.11868899999999996
        },
        "http_req_tls_handshaking": {
            "avg": 68.21867888888889,
            "max": 613.96811,
            "med": 0,
            "min": 0,
            "p(90)": 122.79362200000011,
            "p(95)": 368.3808659999998
        },
        "http_req_waiting": {
            "avg": 6673.805331222222,
            "max": 11548.693691,
            "med": 6032.44677,
            "min": 5847.230704,
            "p(90)": 7616.8787950000005,
            "p(95)": 9582.786242999999
        },
        "http_reqs": {
            "count": 9,
            "rate": 0.14756929879235095
        },
        "iteration_duration": {
            "avg": 6772.919381,
            "max": 12436.844382,
            "med": 6032.911745,
            "min": 5847.626972,
            "p(90)": 7794.858341200001,
            "p(95)": 10115.851361599998
        },
        "iterations": {
            "count": 9,
            "rate": 0.14756929879235095
        },
        "vus": {
            "max": 1,
            "min": 1,
            "value": 1
        },
        "vus_max": {
            "max": 1,
            "min": 1,
            "value": 1
        }
    },
    "root_group": {
        "name": "",
        "path": "",
        "id": "d41d8cd98f00b204e9800998ecf8427e",
        "groups": {},
        "checks": {
            "status is 200": {
                "name": "status is 200",
                "path": "::status is 200",
                "id": "6210a8cd14cd70477eba5c5e4cb3fb5f",
                "passes": 9,
                "fails": 0
            }
        }
    }
}
