{
    "metrics": {
        "checks": {
            "fails": 0,
            "passes": 27,
            "value": 0
        },
        "data_received": {
            "count": 15542,
            "rate": 255.677197366117
        },
        "data_sent": {
            "count": 15717,
            "rate": 258.55607457233697
        },
        "http_req_blocked": {
            "avg": 27.118414111111115,
            "max": 731.870234,
            "med": 0.012223,
            "min": 0.009987,
            "p(90)": 0.015142800000000003,
            "p(95)": 0.0160503
        },
        "http_req_connecting": {
            "avg": 9.844323962962962,
            "max": 265.796747,
            "med": 0,
            "min": 0,
            "p(90)": 0,
            "p(95)": 0
        },
        "http_req_duration": {
            "avg": 2222.522246111111,
            "max": 11256.496506,
            "med": 1567.214436,
            "min": 1249.209363,
            "p(90)": 2789.66319,
            "p(95)": 5759.7191921999965
        },
        "http_req_receiving": {
            "avg": 0.12179359259259258,
            "max": 0.1934,
            "med": 0.119714,
            "min": 0.084512,
            "p(90)": 0.15146520000000002,
            "p(95)": 0.1714964
        },
        "http_req_sending": {
            "avg": 0.051193444444444444,
            "max": 0.155195,
            "med": 0.044281,
            "min": 0.026192,
            "p(90)": 0.07085020000000002,
            "p(95)": 0.08102709999999999
        },
        "http_req_tls_handshaking": {
            "avg": 17.252699407407405,
            "max": 465.822884,
            "med": 0,
            "min": 0,
            "p(90)": 0,
            "p(95)": 0
        },
        "http_req_waiting": {
            "avg": 2222.349259074074,
            "max": 11256.33272,
            "med": 1567.028091,
            "min": 1249.04914,
            "p(90)": 2789.4712570000006,
            "p(95)": 5759.487908599997
        },
        "http_reqs": {
            "count": 27,
            "rate": 0.4441696261025067
        },
        "iteration_duration": {
            "avg": 2249.956888222222,
            "max": 11256.807175,
            "med": 1567.528318,
            "min": 1249.532465,
            "p(90)": 2790.0096474000006,
            "p(95)": 6272.537950299997
        },
        "iterations": {
            "count": 27,
            "rate": 0.4441696261025067
        },
        "vus": {
            "max": 1,
            "min": 1,
            "value": 1
        },
        "vus_max": {
            "max": 1,
            "min": 1,
            "value": 1
        }
    },
    "root_group": {
        "name": "",
        "path": "",
        "id": "d41d8cd98f00b204e9800998ecf8427e",
        "groups": {},
        "checks": {
            "status is 200": {
                "name": "status is 200",
                "path": "::status is 200",
                "id": "6210a8cd14cd70477eba5c5e4cb3fb5f",
                "passes": 27,
                "fails": 0
            }
        }
    }
}
