{
    "metrics": {
        "checks": {
            "fails": 0,
            "passes": 8,
            "value": 0
        },
        "data_received": {
            "count": 5537,
            "rate": 92.12272113225241
        },
        "data_sent": {
            "count": 5986,
            "rate": 99.59303028673703
        },
        "http_req_blocked": {
            "avg": 97.07188350000003,
            "max": 776.481339,
            "med": 0.01355,
            "min": 0.010406,
            "p(90)": 232.95838419999984,
            "p(95)": 504.7198615999996
        },
        "http_req_connecting": {
            "avg": 29.464327,
            "max": 235.714616,
            "med": 0,
            "min": 0,
            "p(90)": 70.71438479999996,
            "p(95)": 153.21450039999988
        },
        "http_req_duration": {
            "avg": 7411.540447125,
            "max": 11667.754428,
            "med": 6170.546254000001,
            "min": 5810.911402,
            "p(90)": 11380.9667429,
            "p(95)": 11524.36058545
        },
        "http_req_receiving": {
            "avg": 0.135094,
            "max": 0.159312,
            "med": 0.133645,
            "min": 0.105882,
            "p(90)": 0.1549608,
            "p(95)": 0.1571364
        },
        "http_req_sending": {
            "avg": 0.06031799999999999,
            "max": 0.141222,
            "med": 0.048785,
            "min": 0.034363,
            "p(90)": 0.08573229999999998,
            "p(95)": 0.11347714999999994
        },
        "http_req_tls_handshaking": {
            "avg": 67.570173125,
            "max": 540.561385,
            "med": 0,
            "min": 0,
            "p(90)": 162.1684154999999,
            "p(95)": 351.3649002499997
        },
        "http_req_waiting": {
            "avg": 7411.345035125001,
            "max": 11667.462973,
            "med": 6170.3555475,
            "min": 5810.690559,
            "p(90)": 11380.745200399999,
            "p(95)": 11524.1040867
        },
        "http_reqs": {
            "count": 8,
            "rate": 0.13310127669460345
        },
        "iteration_duration": {
            "avg": 7508.928745625,
            "max": 12444.713074,
            "med": 6170.826010000001,
            "min": 5811.26858,
            "p(90)": 11614.2891552,
            "p(95)": 12029.5011146
        },
        "iterations": {
            "count": 8,
            "rate": 0.13310127669460345
        },
        "vus": {
            "max": 1,
            "min": 1,
            "value": 1
        },
        "vus_max": {
            "max": 1,
            "min": 1,
            "value": 1
        }
    },
    "root_group": {
        "name": "",
        "path": "",
        "id": "d41d8cd98f00b204e9800998ecf8427e",
        "groups": {},
        "checks": {
            "status is 200": {
                "name": "status is 200",
                "path": "::status is 200",
                "id": "6210a8cd14cd70477eba5c5e4cb3fb5f",
                "passes": 8,
                "fails": 0
            }
        }
    }
}
