{
    "metrics": {
        "checks": {
            "fails": 0,
            "passes": 24,
            "value": 0
        },
        "data_received": {
            "count": 13985,
            "rate": 226.2749973289082
        },
        "data_sent": {
            "count": 16602,
            "rate": 268.6176264322155
        },
        "http_req_blocked": {
            "avg": 100.88301370833331,
            "max": 2420.836421,
            "med": 0.012327000000000001,
            "min": 0.010057,
            "p(90)": 0.0194856,
            "p(95)": 0.06220009999999988
        },
        "http_req_connecting": {
            "avg": 11.256905125000001,
            "max": 270.165723,
            "med": 0,
            "min": 0,
            "p(90)": 0,
            "p(95)": 0
        },
        "http_req_duration": {
            "avg": 2472.7029549166673,
            "max": 8835.822882,
            "med": 1654.040594,
            "min": 1125.247404,
            "p(90)": 3918.0776952,
            "p(95)": 6248.898681049994
        },
        "http_req_receiving": {
            "avg": 0.11289758333333337,
            "max": 0.147713,
            "med": 0.119532,
            "min": 0.067676,
            "p(90)": 0.13926239999999998,
            "p(95)": 0.14084465000000002
        },
        "http_req_sending": {
            "avg": 0.04652275,
            "max": 0.123688,
            "med": 0.03932,
            "min": 0.028635,
            "p(90)": 0.0641209,
            "p(95)": 0.0674631
        },
        "http_req_tls_handshaking": {
            "avg": 89.60347441666666,
            "max": 2150.483386,
            "med": 0,
            "min": 0,
            "p(90)": 0,
            "p(95)": 0
        },
        "http_req_waiting": {
            "avg": 2472.543534583334,
            "max": 8835.665741,
            "med": 1653.8584839999999,
            "min": 1125.082719,
            "p(90)": 3917.9101818,
            "p(95)": 6248.652607699994
        },
        "http_reqs": {
            "count": 24,
            "rate": 0.38831604832991035
        },
        "iteration_duration": {
            "avg": 2573.8759416666667,
            "max": 9071.580328,
            "med": 1654.3810675,
            "min": 1125.546322,
            "p(90)": 3918.3546837999997,
            "p(95)": 8106.9372733499895
        },
        "iterations": {
            "count": 24,
            "rate": 0.38831604832991035
        },
        "vus": {
            "max": 1,
            "min": 1,
            "value": 1
        },
        "vus_max": {
            "max": 1,
            "min": 1,
            "value": 1
        }
    },
    "root_group": {
        "name": "",
        "path": "",
        "id": "d41d8cd98f00b204e9800998ecf8427e",
        "groups": {},
        "checks": {
            "status is 200": {
                "name": "status is 200",
                "path": "::status is 200",
                "id": "6210a8cd14cd70477eba5c5e4cb3fb5f",
                "passes": 24,
                "fails": 0
            }
        }
    }
}
