{
    "metrics": {
        "checks": {
            "fails": 0,
            "passes": 25,
            "value": 0
        },
        "data_received": {
            "count": 14513,
            "rate": 374.08378416494367
        },
        "data_sent": {
            "count": 17279,
            "rate": 445.3795704944575
        },
        "http_req_blocked": {
            "avg": 35.300660160000014,
            "max": 882.23085,
            "med": 0.011524,
            "min": 0.009359,
            "p(90)": 0.014862200000000002,
            "p(95)": 0.015337
        },
        "http_req_connecting": {
            "avg": 10.66467848,
            "max": 266.616962,
            "med": 0,
            "min": 0,
            "p(90)": 0,
            "p(95)": 0
        },
        "http_req_duration": {
            "avg": 1514.8552775200003,
            "max": 6359.982135,
            "med": 1023.056344,
            "min": 818.288541,
            "p(90)": 2671.801540200003,
            "p(95)": 4600.9832801999955
        },
        "http_req_receiving": {
            "avg": 0.11745436,
            "max": 0.149811,
            "med": 0.113074,
            "min": 0.091074,
            "p(90)": 0.1425192,
            "p(95)": 0.1459552
        },
        "http_req_sending": {
            "avg": 0.043922119999999995,
            "max": 0.095963,
            "med": 0.040648,
            "min": 0.031429,
            "p(90)": 0.052353600000000014,
            "p(95)": 0.06282999999999997
        },
        "http_req_tls_handshaking": {
            "avg": 24.61442844,
            "max": 615.360711,
            "med": 0,
            "min": 0,
            "p(90)": 0,
            "p(95)": 0
        },
        "http_req_waiting": {
            "avg": 1514.69390104,
            "max": 6359.753542,
            "med": 1022.879505,
            "min": 818.133911,
            "p(90)": 2671.6328862000028,
            "p(95)": 4600.8067761999955
        },
        "http_reqs": {
            "count": 25,
            "rate": 0.6443943088350852
        },
        "iteration_duration": {
            "avg": 1550.44879824,
            "max": 7242.739802,
            "med": 1023.382597,
            "min": 818.613235,
            "p(90)": 2672.119990600003,
            "p(95)": 4601.3335513999955
        },
        "iterations": {
            "count": 25,
            "rate": 0.6443943088350852
        },
        "vus": {
            "max": 1,
            "min": 1,
            "value": 1
        },
        "vus_max": {
            "max": 1,
            "min": 1,
            "value": 1
        }
    },
    "root_group": {
        "name": "",
        "path": "",
        "id": "d41d8cd98f00b204e9800998ecf8427e",
        "groups": {},
        "checks": {
            "status is 200": {
                "name": "status is 200",
                "path": "::status is 200",
                "id": "6210a8cd14cd70477eba5c5e4cb3fb5f",
                "passes": 25,
                "fails": 0
            }
        }
    }
}
