{
    "metrics": {
        "checks": {
            "fails": 0,
            "passes": 31,
            "value": 0
        },
        "data_received": {
            "count": 17681,
            "rate": 290.74213762166914
        },
        "data_sent": {
            "count": 21341,
            "rate": 350.92630275346653
        },
        "http_req_blocked": {
            "avg": 25.32403987096775,
            "max": 784.650625,
            "med": 0.012991,
            "min": 0.008101,
            "p(90)": 0.015714,
            "p(95)": 0.019346500000000003
        },
        "http_req_connecting": {
            "avg": 8.754269548387096,
            "max": 271.382356,
            "med": 0,
            "min": 0,
            "p(90)": 0,
            "p(95)": 0
        },
        "http_req_duration": {
            "avg": 1934.8949112580644,
            "max": 9637.53935,
            "med": 1100.363062,
            "min": 756.617314,
            "p(90)": 4909.847122,
            "p(95)": 7247.8412075
        },
        "http_req_receiving": {
            "avg": 0.13288158064516128,
            "max": 0.254297,
            "med": 0.117755,
            "min": 0.060624,
            "p(90)": 0.220214,
            "p(95)": 0.23970049999999998
        },
        "http_req_sending": {
            "avg": 0.04607600000000001,
            "max": 0.121597,
            "med": 0.043442,
            "min": 0.03108,
            "p(90)": 0.055874,
            "p(95)": 0.057481000000000004
        },
        "http_req_tls_handshaking": {
            "avg": 16.550660451612902,
            "max": 513.070474,
            "med": 0,
            "min": 0,
            "p(90)": 0,
            "p(95)": 0
        },
        "http_req_waiting": {
            "avg": 1934.7159536774193,
            "max": 9637.37934,
            "med": 1100.240627,
            "min": 756.474417,
            "p(90)": 4909.655404,
            "p(95)": 7247.5272635
        },
        "http_reqs": {
            "count": 31,
            "rate": 0.5097565899141306
        },
        "iteration_duration": {
            "avg": 1960.5218141290322,
            "max": 9637.813483,
            "med": 1100.611492,
            "min": 756.928185,
            "p(90)": 4910.193892,
            "p(95)": 7640.597938500001
        },
        "iterations": {
            "count": 31,
            "rate": 0.5097565899141306
        },
        "vus": {
            "max": 1,
            "min": 1,
            "value": 1
        },
        "vus_max": {
            "max": 1,
            "min": 1,
            "value": 1
        }
    },
    "root_group": {
        "name": "",
        "path": "",
        "id": "d41d8cd98f00b204e9800998ecf8427e",
        "groups": {},
        "checks": {
            "status is 200": {
                "name": "status is 200",
                "path": "::status is 200",
                "id": "6210a8cd14cd70477eba5c5e4cb3fb5f",
                "passes": 31,
                "fails": 0
            }
        }
    }
}
