{
    "metrics": {
        "checks": {
            "fails": 0,
            "passes": 107,
            "value": 0
        },
        "data_received": {
            "count": 59010,
            "rate": 1071.3299001474172
        },
        "data_sent": {
            "count": 58733,
            "rate": 1066.3009494214245
        },
        "http_req_blocked": {
            "avg": 14.799593934579443,
            "max": 858.176989,
            "med": 0.011943,
            "min": 0.008451,
            "p(90)": 0.015184,
            "p(95)": 0.018941299999999998
        },
        "http_req_connecting": {
            "avg": 4.9125190000000005,
            "max": 285.884882,
            "med": 0,
            "min": 0,
            "p(90)": 0,
            "p(95)": 0
        },
        "http_req_duration": {
            "avg": 499.3010145981309,
            "max": 6080.860719,
            "med": 349.348349,
            "min": 288.278187,
            "p(90)": 664.6112750000002,
            "p(95)": 845.3166845999996
        },
        "http_req_receiving": {
            "avg": 0.11817194392523364,
            "max": 0.231598,
            "med": 0.113564,
            "min": 0.079271,
            "p(90)": 0.14890340000000002,
            "p(95)": 0.15689399999999998
        },
        "http_req_sending": {
            "avg": 0.0461899813084112,
            "max": 0.14597,
            "med": 0.042534,
            "min": 0.028566,
            "p(90)": 0.058751,
            "p(95)": 0.06862729999999999
        },
        "http_req_tls_handshaking": {
            "avg": 9.87080889719626,
            "max": 618.19116,
            "med": 0,
            "min": 0,
            "p(90)": 0,
            "p(95)": 0
        },
        "http_req_waiting": {
            "avg": 499.1366526728971,
            "max": 6080.709022,
            "med": 349.179051,
            "min": 288.102114,
            "p(90)": 664.4511696000002,
            "p(95)": 845.1766918999996
        },
        "http_reqs": {
            "count": 107,
            "rate": 1.9425910746614752
        },
        "iteration_duration": {
            "avg": 514.3876271495327,
            "max": 6081.140857,
            "med": 349.855472,
            "min": 288.568243,
            "p(90)": 701.3894490000002,
            "p(95)": 881.4026548999996
        },
        "iterations": {
            "count": 107,
            "rate": 1.9425910746614752
        },
        "vus": {
            "max": 1,
            "min": 1,
            "value": 1
        },
        "vus_max": {
            "max": 1,
            "min": 1,
            "value": 1
        }
    },
    "root_group": {
        "name": "",
        "path": "",
        "id": "d41d8cd98f00b204e9800998ecf8427e",
        "groups": {},
        "checks": {
            "status is 200": {
                "name": "status is 200",
                "path": "::status is 200",
                "id": "6210a8cd14cd70477eba5c5e4cb3fb5f",
                "passes": 107,
                "fails": 0
            }
        }
    }
}
