{
    "metrics": {
        "checks": {
            "fails": 0,
            "passes": 28,
            "value": 0
        },
        "data_received": {
            "count": 16097,
            "rate": 260.5721490106598
        },
        "data_sent": {
            "count": 19310,
            "rate": 312.58297803291555
        },
        "http_req_blocked": {
            "avg": 52.03011575,
            "max": 1456.503385,
            "med": 0.012013,
            "min": 0.009009,
            "p(90)": 0.0165177,
            "p(95)": 0.016853
        },
        "http_req_connecting": {
            "avg": 9.538626142857142,
            "max": 267.081532,
            "med": 0,
            "min": 0,
            "p(90)": 0,
            "p(95)": 0
        },
        "http_req_duration": {
            "avg": 2152.6238668214287,
            "max": 9552.171794,
            "med": 1202.068812,
            "min": 833.557651,
            "p(90)": 4752.637665000003,
            "p(95)": 8773.883038799999
        },
        "http_req_receiving": {
            "avg": 0.11806617857142858,
            "max": 0.153723,
            "med": 0.12044250000000001,
            "min": 0.085627,
            "p(90)": 0.1422691,
            "p(95)": 0.14978405
        },
        "http_req_sending": {
            "avg": 0.04692660714285716,
            "max": 0.141989,
            "med": 0.0412775,
            "min": 0.032477,
            "p(90)": 0.0563278,
            "p(95)": 0.0582312
        },
        "http_req_tls_handshaking": {
            "avg": 42.47172907142857,
            "max": 1189.208414,
            "med": 0,
            "min": 0,
            "p(90)": 0,
            "p(95)": 0
        },
        "http_req_waiting": {
            "avg": 2152.4588740357144,
            "max": 9552.039791,
            "med": 1201.8941009999999,
            "min": 833.409306,
            "p(90)": 4752.506256600003,
            "p(95)": 8773.637491299998
        },
        "http_reqs": {
            "count": 28,
            "rate": 0.4532534119586554
        },
        "iteration_duration": {
            "avg": 2204.943551285715,
            "max": 10540.001648,
            "med": 1202.3538035000001,
            "min": 833.826405,
            "p(90)": 4752.920505000004,
            "p(95)": 9079.131106349998
        },
        "iterations": {
            "count": 28,
            "rate": 0.4532534119586554
        },
        "vus": {
            "max": 1,
            "min": 1,
            "value": 1
        },
        "vus_max": {
            "max": 1,
            "min": 1,
            "value": 1
        }
    },
    "root_group": {
        "name": "",
        "path": "",
        "id": "d41d8cd98f00b204e9800998ecf8427e",
        "groups": {},
        "checks": {
            "status is 200": {
                "name": "status is 200",
                "path": "::status is 200",
                "id": "6210a8cd14cd70477eba5c5e4cb3fb5f",
                "passes": 28,
                "fails": 0
            }
        }
    }
}
