{
    "metrics": {
        "checks": {
            "fails": 0,
            "passes": 96,
            "value": 0
        },
        "data_received": {
            "count": 51905,
            "rate": 860.4535002052
        },
        "data_sent": {
            "count": 52386,
            "rate": 868.4272625325037
        },
        "http_req_blocked": {
            "avg": 9.1968375,
            "max": 881.72062,
            "med": 0.011454,
            "min": 0.008032,
            "p(90)": 0.016937,
            "p(95)": 0.01925925
        },
        "http_req_connecting": {
            "avg": 2.7723512083333333,
            "max": 266.145716,
            "med": 0,
            "min": 0,
            "p(90)": 0,
            "p(95)": 0
        },
        "http_req_duration": {
            "avg": 618.4804654687499,
            "max": 7056.182461,
            "med": 363.6554225,
            "min": 299.677782,
            "p(90)": 909.5537855,
            "p(95)": 1473.1400817499998
        },
        "http_req_receiving": {
            "avg": 0.12314023958333332,
            "max": 0.232363,
            "med": 0.11702000000000001,
            "min": 0.069213,
            "p(90)": 0.16126449999999998,
            "p(95)": 0.17514525
        },
        "http_req_sending": {
            "avg": 0.04942896875000002,
            "max": 0.192274,
            "med": 0.045746499999999996,
            "min": 0.029054,
            "p(90)": 0.059575,
            "p(95)": 0.07186675000000001
        },
        "http_req_tls_handshaking": {
            "avg": 6.409849416666667,
            "max": 615.345544,
            "med": 0,
            "min": 0,
            "p(90)": 0,
            "p(95)": 0
        },
        "http_req_waiting": {
            "avg": 618.3078962604166,
            "max": 7055.923278,
            "med": 363.4820065,
            "min": 299.522245,
            "p(90)": 909.395874,
            "p(95)": 1472.98903225
        },
        "http_reqs": {
            "count": 96,
            "rate": 1.5914369717695638
        },
        "iteration_duration": {
            "avg": 627.9750058020833,
            "max": 7938.333445,
            "med": 363.9608055,
            "min": 299.95219,
            "p(90)": 909.849391,
            "p(95)": 1473.46978625
        },
        "iterations": {
            "count": 96,
            "rate": 1.5914369717695638
        },
        "vus": {
            "max": 1,
            "min": 1,
            "value": 1
        },
        "vus_max": {
            "max": 1,
            "min": 1,
            "value": 1
        }
    },
    "root_group": {
        "name": "",
        "path": "",
        "id": "d41d8cd98f00b204e9800998ecf8427e",
        "groups": {},
        "checks": {
            "status is 200": {
                "name": "status is 200",
                "path": "::status is 200",
                "id": "6210a8cd14cd70477eba5c5e4cb3fb5f",
                "passes": 96,
                "fails": 0
            }
        }
    }
}
