{
    "metrics": {
        "checks": {
            "fails": 0,
            "passes": 46,
            "value": 0
        },
        "data_received": {
            "count": 25601,
            "rate": 470.15399954472855
        },
        "data_sent": {
            "count": 31496,
            "rate": 578.4137482778317
        },
        "http_req_blocked": {
            "avg": 16.62457434782609,
            "max": 764.146752,
            "med": 0.0116635,
            "min": 0.008102,
            "p(90)": 0.015714,
            "p(95)": 0.0176345
        },
        "http_req_connecting": {
            "avg": 5.129534804347826,
            "max": 235.958601,
            "med": 0,
            "min": 0,
            "p(90)": 0,
            "p(95)": 0
        },
        "http_req_duration": {
            "avg": 1165.9089231521743,
            "max": 7558.19351,
            "med": 920.6999255000001,
            "min": 799.964736,
            "p(90)": 1252.5543625,
            "p(95)": 2247.4376085000004
        },
        "http_req_receiving": {
            "avg": 0.11103121739130437,
            "max": 0.156305,
            "med": 0.11111750000000001,
            "min": 0.073962,
            "p(90)": 0.133991,
            "p(95)": 0.141289
        },
        "http_req_sending": {
            "avg": 0.04620756521739131,
            "max": 0.176489,
            "med": 0.040822,
            "min": 0.026191,
            "p(90)": 0.056816000000000005,
            "p(95)": 0.06737925
        },
        "http_req_tls_handshaking": {
            "avg": 11.477460695652175,
            "max": 527.963192,
            "med": 0,
            "min": 0,
            "p(90)": 0,
            "p(95)": 0
        },
        "http_req_waiting": {
            "avg": 1165.7516843695653,
            "max": 7557.931884,
            "med": 920.545297,
            "min": 799.82645,
            "p(90)": 1252.3868134999998,
            "p(95)": 2247.2788060000003
        },
        "http_reqs": {
            "count": 46,
            "rate": 0.844774968909711
        },
        "iteration_duration": {
            "avg": 1182.8140522608694,
            "max": 8322.756308,
            "med": 921.0000395,
            "min": 800.220147,
            "p(90)": 1252.9091925,
            "p(95)": 2247.72268375
        },
        "iterations": {
            "count": 46,
            "rate": 0.844774968909711
        },
        "vus": {
            "max": 1,
            "min": 1,
            "value": 1
        },
        "vus_max": {
            "max": 1,
            "min": 1,
            "value": 1
        }
    },
    "root_group": {
        "name": "",
        "path": "",
        "id": "d41d8cd98f00b204e9800998ecf8427e",
        "groups": {},
        "checks": {
            "status is 200": {
                "name": "status is 200",
                "path": "::status is 200",
                "id": "6210a8cd14cd70477eba5c5e4cb3fb5f",
                "passes": 46,
                "fails": 0
            }
        }
    }
}
