{
    "metrics": {
        "checks": {
            "fails": 0,
            "passes": 30,
            "value": 0
        },
        "data_received": {
            "count": 17153,
            "rate": 283.59813422345275
        },
        "data_sent": {
            "count": 20664,
            "rate": 341.6470498218054
        },
        "http_req_blocked": {
            "avg": 26.170401133333346,
            "max": 784.74241,
            "med": 0.0128865,
            "min": 0.008451,
            "p(90)": 0.0157218,
            "p(95)": 0.017657349999999995
        },
        "http_req_connecting": {
            "avg": 9.045659633333335,
            "max": 271.369789,
            "med": 0,
            "min": 0,
            "p(90)": 0,
            "p(95)": 0
        },
        "http_req_duration": {
            "avg": 1988.4690180666664,
            "max": 9174.284726,
            "med": 1092.299564,
            "min": 834.713557,
            "p(90)": 5166.314023,
            "p(95)": 6282.7760932999945
        },
        "http_req_receiving": {
            "avg": 0.1098183666666667,
            "max": 0.164556,
            "med": 0.107004,
            "min": 0.078157,
            "p(90)": 0.1258893,
            "p(95)": 0.14422794999999994
        },
        "http_req_sending": {
            "avg": 0.05008863333333334,
            "max": 0.206604,
            "med": 0.0437235,
            "min": 0.031919,
            "p(90)": 0.05441670000000002,
            "p(95)": 0.07029194999999998
        },
        "http_req_tls_handshaking": {
            "avg": 17.104916933333335,
            "max": 513.147508,
            "med": 0,
            "min": 0,
            "p(90)": 0,
            "p(95)": 0
        },
        "http_req_waiting": {
            "avg": 1988.3091110666674,
            "max": 9174.143009,
            "med": 1092.1441220000002,
            "min": 834.57177,
            "p(90)": 5166.1316777,
            "p(95)": 6282.541948599995
        },
        "http_reqs": {
            "count": 30,
            "rate": 0.4960032662918197
        },
        "iteration_duration": {
            "avg": 2014.9356856999996,
            "max": 9174.555169,
            "med": 1092.6028685,
            "min": 834.998109,
            "p(90)": 5245.117663000001,
            "p(95)": 6636.309586949997
        },
        "iterations": {
            "count": 30,
            "rate": 0.4960032662918197
        },
        "vus": {
            "max": 1,
            "min": 1,
            "value": 1
        },
        "vus_max": {
            "max": 1,
            "min": 1,
            "value": 1
        }
    },
    "root_group": {
        "name": "",
        "path": "",
        "id": "d41d8cd98f00b204e9800998ecf8427e",
        "groups": {},
        "checks": {
            "status is 200": {
                "name": "status is 200",
                "path": "::status is 200",
                "id": "6210a8cd14cd70477eba5c5e4cb3fb5f",
                "passes": 30,
                "fails": 0
            }
        }
    }
}
