{
    "metrics": {
        "checks": {
            "fails": 0,
            "passes": 2,
            "value": 0
        },
        "data_received": {
            "count": 2369,
            "rate": 105.71342723761907
        },
        "data_sent": {
            "count": 2497,
            "rate": 111.4252544585626
        },
        "http_req_blocked": {
            "avg": 641.6290280000001,
            "max": 1283.241224,
            "med": 641.6290280000001,
            "min": 0.016832,
            "p(90)": 1154.9187848000001,
            "p(95)": 1219.0800044
        },
        "http_req_connecting": {
            "avg": 400.8844045,
            "max": 801.768809,
            "med": 400.8844045,
            "min": 0,
            "p(90)": 721.5919281,
            "p(95)": 761.68036855
        },
        "http_req_duration": {
            "avg": 9919.70043,
            "max": 13903.380728,
            "med": 9919.70043,
            "min": 5936.020132,
            "p(90)": 13106.6446684,
            "p(95)": 13505.0126982
        },
        "http_req_receiving": {
            "avg": 0.140103,
            "max": 0.152116,
            "med": 0.140103,
            "min": 0.12809,
            "p(90)": 0.1497134,
            "p(95)": 0.1509147
        },
        "http_req_sending": {
            "avg": 0.11028,
            "max": 0.169296,
            "med": 0.11028,
            "min": 0.051264,
            "p(90)": 0.1574928,
            "p(95)": 0.1633944
        },
        "http_req_tls_handshaking": {
            "avg": 240.612902,
            "max": 481.225804,
            "med": 240.612902,
            "min": 0,
            "p(90)": 433.1032236,
            "p(95)": 457.16451379999995
        },
        "http_req_waiting": {
            "avg": 9919.450047,
            "max": 13903.059316,
            "med": 9919.450047,
            "min": 5935.840778,
            "p(90)": 13106.337462200001,
            "p(95)": 13504.6983891
        },
        "http_reqs": {
            "count": 2,
            "rate": 0.08924730032724278
        },
        "iteration_duration": {
            "avg": 10561.815557,
            "max": 15187.272738,
            "med": 10561.815557,
            "min": 5936.358376,
            "p(90)": 14262.1813018,
            "p(95)": 14724.7270199
        },
        "iterations": {
            "count": 2,
            "rate": 0.08924730032724278
        },
        "vus": {
            "max": 1,
            "min": 1,
            "value": 1
        },
        "vus_max": {
            "max": 1,
            "min": 1,
            "value": 1
        }
    },
    "root_group": {
        "name": "",
        "path": "",
        "id": "d41d8cd98f00b204e9800998ecf8427e",
        "groups": {},
        "checks": {
            "status is 200": {
                "name": "status is 200",
                "path": "::status is 200",
                "id": "6210a8cd14cd70477eba5c5e4cb3fb5f",
                "passes": 2,
                "fails": 0
            }
        }
    }
}
