{
    "metrics": {
        "checks": {
            "fails": 0,
            "passes": 101,
            "value": 0
        },
        "data_received": {
            "count": 55848,
            "rate": 921.147207996803
        },
        "data_sent": {
            "count": 55481,
            "rate": 915.0939737657683
        },
        "http_req_blocked": {
            "avg": 14.663789821782181,
            "max": 794.566143,
            "med": 0.011384,
            "min": 0.008731,
            "p(90)": 0.015715,
            "p(95)": 0.01774
        },
        "http_req_connecting": {
            "avg": 5.139465900990099,
            "max": 269.523721,
            "med": 0,
            "min": 0,
            "p(90)": 0,
            "p(95)": 0
        },
        "http_req_duration": {
            "avg": 584.9919577326731,
            "max": 6037.257917,
            "med": 342.280296,
            "min": 290.499225,
            "p(90)": 813.047479,
            "p(95)": 993.023062
        },
        "http_req_receiving": {
            "avg": 0.12203830693069308,
            "max": 0.322403,
            "med": 0.114331,
            "min": 0.083814,
            "p(90)": 0.153582,
            "p(95)": 0.163506
        },
        "http_req_sending": {
            "avg": 0.04803745544554454,
            "max": 0.157493,
            "med": 0.041767,
            "min": 0.028846,
            "p(90)": 0.060625,
            "p(95)": 0.097083
        },
        "http_req_tls_handshaking": {
            "avg": 9.508541326732672,
            "max": 524.850498,
            "med": 0,
            "min": 0,
            "p(90)": 0,
            "p(95)": 0
        },
        "http_req_waiting": {
            "avg": 584.821881970297,
            "max": 6037.016196,
            "med": 342.11204,
            "min": 290.358209,
            "p(90)": 812.876779,
            "p(95)": 992.805636
        },
        "http_reqs": {
            "count": 101,
            "rate": 1.6658764505027415
        },
        "iteration_duration": {
            "avg": 599.9483858415841,
            "max": 6037.658111,
            "med": 344.930495,
            "min": 290.823442,
            "p(90)": 819.314781,
            "p(95)": 1016.990046
        },
        "iterations": {
            "count": 101,
            "rate": 1.6658764505027415
        },
        "vus": {
            "max": 1,
            "min": 1,
            "value": 1
        },
        "vus_max": {
            "max": 1,
            "min": 1,
            "value": 1
        }
    },
    "root_group": {
        "name": "",
        "path": "",
        "id": "d41d8cd98f00b204e9800998ecf8427e",
        "groups": {},
        "checks": {
            "status is 200": {
                "name": "status is 200",
                "path": "::status is 200",
                "id": "6210a8cd14cd70477eba5c5e4cb3fb5f",
                "passes": 101,
                "fails": 0
            }
        }
    }
}
