{
    "metrics": {
        "checks": {
            "fails": 0,
            "passes": 9,
            "value": 0
        },
        "data_received": {
            "count": 6065,
            "rate": 92.68318212839486
        },
        "data_sent": {
            "count": 6780,
            "rate": 103.60955891682065
        },
        "http_req_blocked": {
            "avg": 4.940801444444444,
            "max": 44.338075,
            "med": 0.017042,
            "min": 0.010895,
            "p(90)": 8.88750620000001,
            "p(95)": 26.612790599999986
        },
        "http_req_connecting": {
            "avg": 1.0997174444444444,
            "max": 9.897457,
            "med": 0,
            "min": 0,
            "p(90)": 1.9794914000000017,
            "p(95)": 5.938474199999996
        },
        "http_req_duration": {
            "avg": 7261.711900333334,
            "max": 13061.600111,
            "med": 5836.556745,
            "min": 5731.860514,
            "p(90)": 11610.918795,
            "p(95)": 12336.259452999999
        },
        "http_req_receiving": {
            "avg": 0.13002166666666665,
            "max": 0.196464,
            "med": 0.12397,
            "min": 0.101968,
            "p(90)": 0.1518776,
            "p(95)": 0.1741708
        },
        "http_req_sending": {
            "avg": 0.07595666666666666,
            "max": 0.147156,
            "med": 0.058667,
            "min": 0.034851,
            "p(90)": 0.12111920000000001,
            "p(95)": 0.1341376
        },
        "http_req_tls_handshaking": {
            "avg": 3.8042541111111112,
            "max": 34.238287,
            "med": 0,
            "min": 0,
            "p(90)": 6.847657400000006,
            "p(95)": 20.542972199999987
        },
        "http_req_waiting": {
            "avg": 7261.505922,
            "max": 13061.334015,
            "med": 5836.400021,
            "min": 5731.605173,
            "p(90)": 11610.6997998,
            "p(95)": 12336.0169074
        },
        "http_reqs": {
            "count": 9,
            "rate": 0.13753481272144333
        },
        "iteration_duration": {
            "avg": 7267.078052444445,
            "max": 13106.492239,
            "med": 5836.873476,
            "min": 5732.468276,
            "p(90)": 11620.213407000001,
            "p(95)": 12363.352823
        },
        "iterations": {
            "count": 9,
            "rate": 0.13753481272144333
        },
        "vus": {
            "max": 1,
            "min": 1,
            "value": 1
        },
        "vus_max": {
            "max": 1,
            "min": 1,
            "value": 1
        }
    },
    "root_group": {
        "name": "",
        "path": "",
        "id": "d41d8cd98f00b204e9800998ecf8427e",
        "groups": {},
        "checks": {
            "status is 200": {
                "name": "status is 200",
                "path": "::status is 200",
                "id": "6210a8cd14cd70477eba5c5e4cb3fb5f",
                "passes": 9,
                "fails": 0
            }
        }
    }
}
