{
    "metrics": {
        "checks": {
            "fails": 0,
            "passes": 7,
            "value": 0
        },
        "data_received": {
            "count": 5009,
            "rate": 83.39511692925701
        },
        "data_sent": {
            "count": 5352,
            "rate": 89.10574282399351
        },
        "http_req_blocked": {
            "avg": 11.133858714285717,
            "max": 77.860535,
            "med": 0.012152,
            "min": 0.009568,
            "p(90)": 31.156031000000027,
            "p(95)": 54.50828299999994
        },
        "http_req_connecting": {
            "avg": 3.3914015714285712,
            "max": 23.739811,
            "med": 0,
            "min": 0,
            "p(90)": 9.495924400000009,
            "p(95)": 16.617867699999984
        },
        "http_req_duration": {
            "avg": 8563.424268285715,
            "max": 14203.537494,
            "med": 7674.946565,
            "min": 5762.573429,
            "p(90)": 13097.244975000001,
            "p(95)": 13650.391234499999
        },
        "http_req_receiving": {
            "avg": 0.12715185714285715,
            "max": 0.149392,
            "med": 0.124109,
            "min": 0.11447,
            "p(90)": 0.1416814,
            "p(95)": 0.1455367
        },
        "http_req_sending": {
            "avg": 0.06100185714285715,
            "max": 0.134026,
            "med": 0.049588,
            "min": 0.044629,
            "p(90)": 0.08558380000000004,
            "p(95)": 0.10980489999999996
        },
        "http_req_tls_handshaking": {
            "avg": 7.704433571428572,
            "max": 53.931035,
            "med": 0,
            "min": 0,
            "p(90)": 21.57241400000002,
            "p(95)": 37.751724499999966
        },
        "http_req_waiting": {
            "avg": 8563.236114571428,
            "max": 14203.365683,
            "med": 7674.759947,
            "min": 5762.399523,
            "p(90)": 13097.0061998,
            "p(95)": 13650.1859414
        },
        "http_reqs": {
            "count": 7,
            "rate": 0.11654338560686744
        },
        "iteration_duration": {
            "avg": 8574.885235285716,
            "max": 14203.87441,
            "med": 7675.250655,
            "min": 5762.865297,
            "p(90)": 13144.386086800001,
            "p(95)": 13674.130248399999
        },
        "iterations": {
            "count": 7,
            "rate": 0.11654338560686744
        },
        "vus": {
            "max": 1,
            "min": 1,
            "value": 1
        },
        "vus_max": {
            "max": 1,
            "min": 1,
            "value": 1
        }
    },
    "root_group": {
        "name": "",
        "path": "",
        "id": "d41d8cd98f00b204e9800998ecf8427e",
        "groups": {},
        "checks": {
            "status is 200": {
                "name": "status is 200",
                "path": "::status is 200",
                "id": "6210a8cd14cd70477eba5c5e4cb3fb5f",
                "passes": 7,
                "fails": 0
            }
        }
    }
}
