{
    "metrics": {
        "checks": {
            "fails": 0,
            "passes": 35,
            "value": 0
        },
        "data_received": {
            "count": 19793,
            "rate": 327.6050912568082
        },
        "data_sent": {
            "count": 24399,
            "rate": 403.8415915512991
        },
        "http_req_blocked": {
            "avg": 1.0192025428571427,
            "max": 35.264218,
            "med": 0.011454,
            "min": 0.00866,
            "p(90)": 0.0150854,
            "p(95)": 0.015867999999999997
        },
        "http_req_connecting": {
            "avg": 0.3055291142857143,
            "max": 10.693519,
            "med": 0,
            "min": 0,
            "p(90)": 0,
            "p(95)": 0
        },
        "http_req_duration": {
            "avg": 1723.8593409142857,
            "max": 8636.085693,
            "med": 1002.497246,
            "min": 670.721645,
            "p(90)": 3460.436603400002,
            "p(95)": 5138.790486199996
        },
        "http_req_receiving": {
            "avg": 0.12370354285714283,
            "max": 0.181798,
            "med": 0.117334,
            "min": 0.089607,
            "p(90)": 0.1535538,
            "p(95)": 0.16253539999999997
        },
        "http_req_sending": {
            "avg": 0.04765,
            "max": 0.109302,
            "med": 0.045118,
            "min": 0.03094,
            "p(90)": 0.062439,
            "p(95)": 0.07035849999999996
        },
        "http_req_tls_handshaking": {
            "avg": 0.697161,
            "max": 24.400635,
            "med": 0,
            "min": 0,
            "p(90)": 0,
            "p(95)": 0
        },
        "http_req_waiting": {
            "avg": 1723.6879873714283,
            "max": 8635.84446,
            "med": 1002.325994,
            "min": 670.529511,
            "p(90)": 3460.292352200002,
            "p(95)": 5138.618005199996
        },
        "http_reqs": {
            "count": 35,
            "rate": 0.5793047134839734
        },
        "iteration_duration": {
            "avg": 1725.1820371428569,
            "max": 8671.812124,
            "med": 1002.794491,
            "min": 671.109754,
            "p(90)": 3460.754885800002,
            "p(95)": 5139.097167799996
        },
        "iterations": {
            "count": 35,
            "rate": 0.5793047134839734
        },
        "vus": {
            "max": 1,
            "min": 1,
            "value": 1
        },
        "vus_max": {
            "max": 1,
            "min": 1,
            "value": 1
        }
    },
    "root_group": {
        "name": "",
        "path": "",
        "id": "d41d8cd98f00b204e9800998ecf8427e",
        "groups": {},
        "checks": {
            "status is 200": {
                "name": "status is 200",
                "path": "::status is 200",
                "id": "6210a8cd14cd70477eba5c5e4cb3fb5f",
                "passes": 35,
                "fails": 0
            }
        }
    }
}
