{
    "metrics": {
        "checks": {
            "fails": 0,
            "passes": 20,
            "value": 0
        },
        "data_received": {
            "count": 11873,
            "rate": 191.31614814086544
        },
        "data_sent": {
            "count": 14094,
            "rate": 227.10433689020107
        },
        "http_req_blocked": {
            "avg": 1.9858036000000012,
            "max": 39.447459,
            "med": 0.0113845,
            "min": 0.00894,
            "p(90)": 0.02040060000000007,
            "p(95)": 2.034807900000028
        },
        "http_req_connecting": {
            "avg": 0.58771485,
            "max": 11.754297,
            "med": 0,
            "min": 0,
            "p(90)": 0,
            "p(95)": 0.5877148500000083
        },
        "http_req_duration": {
            "avg": 3099.0091353499997,
            "max": 14286.781147,
            "med": 1342.8751185,
            "min": 757.431504,
            "p(90)": 10255.006132900005,
            "p(95)": 13749.418677250002
        },
        "http_req_receiving": {
            "avg": 0.11244865000000001,
            "max": 0.170763,
            "med": 0.1100005,
            "min": 0.08353,
            "p(90)": 0.1439647,
            "p(95)": 0.15802445
        },
        "http_req_sending": {
            "avg": 0.04395134999999999,
            "max": 0.115728,
            "med": 0.0384135,
            "min": 0.029194,
            "p(90)": 0.048651200000000006,
            "p(95)": 0.055349800000000046
        },
        "http_req_tls_handshaking": {
            "avg": 1.376092,
            "max": 27.52184,
            "med": 0,
            "min": 0,
            "p(90)": 0,
            "p(95)": 1.3760920000000196
        },
        "http_req_waiting": {
            "avg": 3098.85273535,
            "max": 14286.652849,
            "med": 1342.714657,
            "min": 757.271986,
            "p(90)": 10254.845943300006,
            "p(95)": 13749.15283445
        },
        "http_reqs": {
            "count": 20,
            "rate": 0.32227094776529175
        },
        "iteration_duration": {
            "avg": 3101.28810675,
            "max": 14287.092851,
            "med": 1343.1934575,
            "min": 757.73343,
            "p(90)": 10259.242090200005,
            "p(95)": 13787.29742635
        },
        "iterations": {
            "count": 20,
            "rate": 0.32227094776529175
        },
        "vus": {
            "max": 1,
            "min": 1,
            "value": 1
        },
        "vus_max": {
            "max": 1,
            "min": 1,
            "value": 1
        }
    },
    "root_group": {
        "name": "",
        "path": "",
        "id": "d41d8cd98f00b204e9800998ecf8427e",
        "groups": {},
        "checks": {
            "status is 200": {
                "name": "status is 200",
                "path": "::status is 200",
                "id": "6210a8cd14cd70477eba5c5e4cb3fb5f",
                "passes": 20,
                "fails": 0
            }
        }
    }
}
