{
    "metrics": {
        "checks": {
            "fails": 0,
            "passes": 106,
            "value": 0
        },
        "data_received": {
            "count": 58483,
            "rate": 969.4029466020664
        },
        "data_sent": {
            "count": 58509,
            "rate": 969.8339175955458
        },
        "http_req_blocked": {
            "avg": 2.7038417358490556,
            "max": 252.628754,
            "med": 0.004458999999999999,
            "min": 0.00381,
            "p(90)": 0.0056805,
            "p(95)": 0.00585375
        },
        "http_req_connecting": {
            "avg": 0.1581843867924528,
            "max": 8.996762,
            "med": 0,
            "min": 0,
            "p(90)": 0,
            "p(95)": 0
        },
        "http_req_duration": {
            "avg": 565.8302383962262,
            "max": 12080.977858,
            "med": 167.91775,
            "min": 75.387149,
            "p(90)": 616.3613715,
            "p(95)": 1216.3788205
        },
        "http_req_receiving": {
            "avg": 0.08911319811320753,
            "max": 0.130689,
            "med": 0.088815,
            "min": 0.061714,
            "p(90)": 0.1073975,
            "p(95)": 0.11691225000000001
        },
        "http_req_sending": {
            "avg": 0.03685,
            "max": 0.247701,
            "med": 0.031431,
            "min": 0.024345,
            "p(90)": 0.0431955,
            "p(95)": 0.05597225
        },
        "http_req_tls_handshaking": {
            "avg": 2.539043528301887,
            "max": 244.772737,
            "med": 0,
            "min": 0,
            "p(90)": 0,
            "p(95)": 0
        },
        "http_req_waiting": {
            "avg": 565.7042751981132,
            "max": 12080.856804,
            "med": 167.79834499999998,
            "min": 75.248729,
            "p(90)": 616.23731,
            "p(95)": 1216.2621640000002
        },
        "http_reqs": {
            "count": 106,
            "rate": 1.7570355888004898
        },
        "iteration_duration": {
            "avg": 568.7384401320754,
            "max": 12081.195716,
            "med": 168.104495,
            "min": 75.579324,
            "p(90)": 616.564367,
            "p(95)": 1216.58873475
        },
        "iterations": {
            "count": 106,
            "rate": 1.7570355888004898
        },
        "vus": {
            "max": 1,
            "min": 1,
            "value": 1
        },
        "vus_max": {
            "max": 1,
            "min": 1,
            "value": 1
        }
    },
    "root_group": {
        "name": "",
        "path": "",
        "id": "d41d8cd98f00b204e9800998ecf8427e",
        "groups": {},
        "checks": {
            "status is 200": {
                "name": "status is 200",
                "path": "::status is 200",
                "id": "6210a8cd14cd70477eba5c5e4cb3fb5f",
                "passes": 106,
                "fails": 0
            }
        }
    }
}
