{
    "metrics": {
        "checks": {
            "fails": 2,
            "passes": 1,
            "value": 0
        },
        "data_received": {
            "count": 3001,
            "rate": 33.352757951038384
        },
        "data_sent": {
            "count": 2421,
            "rate": 26.906706764233235
        },
        "http_req_blocked": {
            "avg": 5.502151666666666,
            "max": 16.497109,
            "med": 0.005032,
            "min": 0.004314,
            "p(90)": 13.198693599999999,
            "p(95)": 14.847901299999997
        },
        "http_req_connecting": {
            "avg": 1.093645,
            "max": 3.280935,
            "med": 0,
            "min": 0,
            "p(90)": 2.6247480000000003,
            "p(95)": 2.9528414999999995
        },
        "http_req_duration": {
            "avg": 29975.446136,
            "max": 32799.151185,
            "med": 32080.952314,
            "min": 25046.234909,
            "p(90)": 32655.5114108,
            "p(95)": 32727.3312979
        },
        "http_req_receiving": {
            "avg": 0.10507500000000002,
            "max": 0.137916,
            "med": 0.099972,
            "min": 0.077337,
            "p(90)": 0.1303272,
            "p(95)": 0.1341216
        },
        "http_req_sending": {
            "avg": 0.04820433333333333,
            "max": 0.075783,
            "med": 0.036702,
            "min": 0.032128,
            "p(90)": 0.0679668,
            "p(95)": 0.07187489999999999
        },
        "http_req_tls_handshaking": {
            "avg": 4.372498333333334,
            "max": 13.117495,
            "med": 0,
            "min": 0,
            "p(90)": 10.493996000000001,
            "p(95)": 11.805745499999999
        },
        "http_req_waiting": {
            "avg": 29975.292856666667,
            "max": 32799.019085,
            "med": 32080.838275,
            "min": 25046.02121,
            "p(90)": 32655.382923,
            "p(95)": 32727.201004
        },
        "http_reqs": {
            "count": 3,
            "rate": 0.033341644069681826
        },
        "iteration_duration": {
            "avg": 29981.225893666666,
            "max": 32799.369631,
            "med": 32081.16641,
            "min": 25063.14164,
            "p(90)": 32655.7289868,
            "p(95)": 32727.5493089
        },
        "iterations": {
            "count": 3,
            "rate": 0.033341644069681826
        },
        "vus": {
            "max": 1,
            "min": 1,
            "value": 1
        },
        "vus_max": {
            "max": 1,
            "min": 1,
            "value": 1
        }
    },
    "root_group": {
        "name": "",
        "path": "",
        "id": "d41d8cd98f00b204e9800998ecf8427e",
        "groups": {},
        "checks": {
            "status is 200": {
                "name": "status is 200",
                "path": "::status is 200",
                "id": "6210a8cd14cd70477eba5c5e4cb3fb5f",
                "passes": 1,
                "fails": 2
            }
        }
    }
}
