{
    "metrics": {
        "checks": {
            "fails": 0,
            "passes": 62,
            "value": 0
        },
        "data_received": {
            "count": 34049,
            "rate": 564.8868846675824
        },
        "data_sent": {
            "count": 43072,
            "rate": 714.5821579606481
        },
        "http_req_blocked": {
            "avg": 0.4082770483870967,
            "max": 24.968136,
            "med": 0.005143,
            "min": 0.003672,
            "p(90)": 0.0066007999999999995,
            "p(95)": 0.013788049999999977
        },
        "http_req_connecting": {
            "avg": 0.0441293064516129,
            "max": 2.736017,
            "med": 0,
            "min": 0,
            "p(90)": 0,
            "p(95)": 0
        },
        "http_req_duration": {
            "avg": 971.1277091612901,
            "max": 14753.184503,
            "med": 410.55118000000004,
            "min": 289.140438,
            "p(90)": 1129.5883191,
            "p(95)": 1272.5019316499995
        },
        "http_req_receiving": {
            "avg": 0.09985059677419357,
            "max": 0.165681,
            "med": 0.0987935,
            "min": 0.07063,
            "p(90)": 0.1066724,
            "p(95)": 0.1109587
        },
        "http_req_sending": {
            "avg": 0.04230156451612905,
            "max": 0.116345,
            "med": 0.043905,
            "min": 0.026206,
            "p(90)": 0.0514019,
            "p(95)": 0.05394665
        },
        "http_req_tls_handshaking": {
            "avg": 0.35699587096774194,
            "max": 22.133744,
            "med": 0,
            "min": 0,
            "p(90)": 0,
            "p(95)": 0
        },
        "http_req_waiting": {
            "avg": 970.9855570000002,
            "max": 14752.902477,
            "med": 410.40063799999996,
            "min": 289.0039,
            "p(90)": 1129.4472705,
            "p(95)": 1272.3754935999996
        },
        "http_reqs": {
            "count": 62,
            "rate": 1.028605446544395
        },
        "iteration_duration": {
            "avg": 971.7593822903226,
            "max": 14778.519041,
            "med": 410.7612085,
            "min": 289.353795,
            "p(90)": 1129.818784,
            "p(95)": 1272.6963177499995
        },
        "iterations": {
            "count": 62,
            "rate": 1.028605446544395
        },
        "vus": {
            "max": 1,
            "min": 1,
            "value": 1
        },
        "vus_max": {
            "max": 1,
            "min": 1,
            "value": 1
        }
    },
    "root_group": {
        "name": "",
        "path": "",
        "id": "d41d8cd98f00b204e9800998ecf8427e",
        "groups": {},
        "checks": {
            "status is 200": {
                "name": "status is 200",
                "path": "::status is 200",
                "id": "6210a8cd14cd70477eba5c5e4cb3fb5f",
                "passes": 62,
                "fails": 0
            }
        }
    }
}
