{
    "metrics": {
        "checks": {
            "fails": 0,
            "passes": 108,
            "value": 0
        },
        "data_received": {
            "count": 59537,
            "rate": 989.8594025665817
        },
        "data_sent": {
            "count": 59599,
            "rate": 990.8902116929926
        },
        "http_req_blocked": {
            "avg": 0.6610895833333332,
            "max": 49.777172,
            "med": 0.005209500000000001,
            "min": 0.003766,
            "p(90)": 0.014054899999999999,
            "p(95)": 0.01439525
        },
        "http_req_connecting": {
            "avg": 0.15033577777777776,
            "max": 8.495788,
            "med": 0,
            "min": 0,
            "p(90)": 0,
            "p(95)": 0
        },
        "http_req_duration": {
            "avg": 555.7705567314814,
            "max": 17598.258279,
            "med": 140.8175595,
            "min": 72.764151,
            "p(90)": 492.8082938999999,
            "p(95)": 1252.9755297499985
        },
        "http_req_receiving": {
            "avg": 0.10652232407407414,
            "max": 0.182938,
            "med": 0.1025485,
            "min": 0.085496,
            "p(90)": 0.1209795,
            "p(95)": 0.1373809
        },
        "http_req_sending": {
            "avg": 0.04506149074074073,
            "max": 0.072077,
            "med": 0.045425,
            "min": 0.028952,
            "p(90)": 0.0546772,
            "p(95)": 0.058649549999999995
        },
        "http_req_tls_handshaking": {
            "avg": 0.5029131574074074,
            "max": 41.957214,
            "med": 0,
            "min": 0,
            "p(90)": 0,
            "p(95)": 0
        },
        "http_req_waiting": {
            "avg": 555.6189729166666,
            "max": 17598.104527,
            "med": 140.672189,
            "min": 72.638207,
            "p(90)": 492.6652789999998,
            "p(95)": 1252.8323621499985
        },
        "http_reqs": {
            "count": 108,
            "rate": 1.7956029943932483
        },
        "iteration_duration": {
            "avg": 556.6650868240746,
            "max": 17598.511845,
            "med": 141.04427850000002,
            "min": 72.976194,
            "p(90)": 493.0603359999999,
            "p(95)": 1253.2072163999985
        },
        "iterations": {
            "count": 108,
            "rate": 1.7956029943932483
        },
        "vus": {
            "max": 1,
            "min": 1,
            "value": 1
        },
        "vus_max": {
            "max": 1,
            "min": 1,
            "value": 1
        }
    },
    "root_group": {
        "name": "",
        "path": "",
        "id": "d41d8cd98f00b204e9800998ecf8427e",
        "groups": {},
        "checks": {
            "status is 200": {
                "name": "status is 200",
                "path": "::status is 200",
                "id": "6210a8cd14cd70477eba5c5e4cb3fb5f",
                "passes": 108,
                "fails": 0
            }
        }
    }
}
