{
    "metrics": {
        "checks": {
            "fails": 0,
            "passes": 52,
            "value": 0
        },
        "data_received": {
            "count": 28769,
            "rate": 522.2174243548548
        },
        "data_sent": {
            "count": 36182,
            "rate": 656.7788539055008
        },
        "http_req_blocked": {
            "avg": 0.6390013269230769,
            "max": 32.978846,
            "med": 0.0041985,
            "min": 0.003356,
            "p(90)": 0.004886399999999999,
            "p(95)": 0.01648355
        },
        "http_req_connecting": {
            "avg": 0.1301281923076923,
            "max": 6.766666,
            "med": 0,
            "min": 0,
            "p(90)": 0,
            "p(95)": 0
        },
        "http_req_duration": {
            "avg": 1058.0373879038461,
            "max": 13064.726034,
            "med": 584.9602905,
            "min": 317.541357,
            "p(90)": 1705.2513419999993,
            "p(95)": 2302.002609399999
        },
        "http_req_receiving": {
            "avg": 0.07969407692307692,
            "max": 0.118831,
            "med": 0.0786625,
            "min": 0.062548,
            "p(90)": 0.0927206,
            "p(95)": 0.09764934999999998
        },
        "http_req_sending": {
            "avg": 0.04024121153846154,
            "max": 0.106262,
            "med": 0.0407605,
            "min": 0.022772,
            "p(90)": 0.0543153,
            "p(95)": 0.0549795
        },
        "http_req_tls_handshaking": {
            "avg": 0.5018158269230769,
            "max": 26.094423,
            "med": 0,
            "min": 0,
            "p(90)": 0,
            "p(95)": 0
        },
        "http_req_waiting": {
            "avg": 1057.9174526153847,
            "max": 13064.597714,
            "med": 584.8443545,
            "min": 317.436204,
            "p(90)": 1705.1341376999994,
            "p(95)": 2301.872541649999
        },
        "http_reqs": {
            "count": 52,
            "rate": 0.9439085844642652
        },
        "iteration_duration": {
            "avg": 1058.8677700384617,
            "max": 13064.910425,
            "med": 585.1533735,
            "min": 317.7271,
            "p(90)": 1705.4443573999993,
            "p(95)": 2302.185147749999
        },
        "iterations": {
            "count": 52,
            "rate": 0.9439085844642652
        },
        "vus": {
            "max": 1,
            "min": 1,
            "value": 1
        },
        "vus_max": {
            "max": 1,
            "min": 1,
            "value": 1
        }
    },
    "root_group": {
        "name": "",
        "path": "",
        "id": "d41d8cd98f00b204e9800998ecf8427e",
        "groups": {},
        "checks": {
            "status is 200": {
                "name": "status is 200",
                "path": "::status is 200",
                "id": "6210a8cd14cd70477eba5c5e4cb3fb5f",
                "passes": 52,
                "fails": 0
            }
        }
    }
}
