{
    "metrics": {
        "checks": {
            "fails": 0,
            "passes": 128,
            "value": 0
        },
        "data_received": {
            "count": 70077,
            "rate": 1295.0978695479316
        },
        "data_sent": {
            "count": 70499,
            "rate": 1302.8968806492805
        },
        "http_req_blocked": {
            "avg": 9.980011734374997,
            "max": 1261.251591,
            "med": 0.0030435,
            "min": 0.00234,
            "p(90)": 0.0038801,
            "p(95)": 0.0054635
        },
        "http_req_connecting": {
            "avg": 8.105652398437499,
            "max": 1033.071491,
            "med": 0,
            "min": 0,
            "p(90)": 0,
            "p(95)": 0
        },
        "http_req_duration": {
            "avg": 412.3024476250001,
            "max": 6778.664608,
            "med": 114.0557005,
            "min": 66.429874,
            "p(90)": 626.6800820999999,
            "p(95)": 1200.5199106499995
        },
        "http_req_receiving": {
            "avg": 0.0685858203125,
            "max": 0.121312,
            "med": 0.067251,
            "min": 0.045441,
            "p(90)": 0.08093719999999999,
            "p(95)": 0.09119924999999997
        },
        "http_req_sending": {
            "avg": 0.0332311640625,
            "max": 0.125534,
            "med": 0.032425499999999996,
            "min": 0.014952,
            "p(90)": 0.0461154,
            "p(95)": 0.050241549999999996
        },
        "http_req_tls_handshaking": {
            "avg": 1.8692737968750002,
            "max": 228.059501,
            "med": 0,
            "min": 0,
            "p(90)": 0,
            "p(95)": 0
        },
        "http_req_waiting": {
            "avg": 412.200630640625,
            "max": 6778.56113,
            "med": 113.962205,
            "min": 66.320348,
            "p(90)": 626.5835278,
            "p(95)": 1200.4172804499992
        },
        "http_reqs": {
            "count": 128,
            "rate": 2.3655768269494306
        },
        "iteration_duration": {
            "avg": 422.4426718359375,
            "max": 6778.861304,
            "med": 118.0886275,
            "min": 66.612027,
            "p(90)": 655.1742865999998,
            "p(95)": 1319.362530499999
        },
        "iterations": {
            "count": 128,
            "rate": 2.3655768269494306
        },
        "vus": {
            "max": 1,
            "min": 1,
            "value": 1
        },
        "vus_max": {
            "max": 1,
            "min": 1,
            "value": 1
        }
    },
    "root_group": {
        "name": "",
        "path": "",
        "id": "d41d8cd98f00b204e9800998ecf8427e",
        "groups": {},
        "checks": {
            "status is 200": {
                "name": "status is 200",
                "path": "::status is 200",
                "id": "6210a8cd14cd70477eba5c5e4cb3fb5f",
                "passes": 128,
                "fails": 0
            }
        }
    }
}
