{
    "metrics": {
        "checks": {
            "fails": 1,
            "passes": 0,
            "value": 0
        },
        "data_received": {
            "count": 1860,
            "rate": 30.772721496946893
        },
        "data_sent": {
            "count": 1043,
            "rate": 17.255886301782585
        },
        "http_req_blocked": {
            "avg": 61.651539,
            "max": 61.651539,
            "med": 61.651539,
            "min": 61.651539,
            "p(90)": 61.651539,
            "p(95)": 61.651539
        },
        "http_req_connecting": {
            "avg": 14.119662,
            "max": 14.119662,
            "med": 14.119662,
            "min": 14.119662,
            "p(90)": 14.119662,
            "p(95)": 14.119662
        },
        "http_req_duration": {
            "avg": 60353.965048,
            "max": 60353.965048,
            "med": 60353.965048,
            "min": 60353.965048,
            "p(90)": 60353.965048,
            "p(95)": 60353.965048
        },
        "http_req_receiving": {
            "avg": 0.09544,
            "max": 0.09544,
            "med": 0.09544,
            "min": 0.09544,
            "p(90)": 0.09544,
            "p(95)": 0.09544
        },
        "http_req_sending": {
            "avg": 0.075615,
            "max": 0.075615,
            "med": 0.075615,
            "min": 0.075615,
            "p(90)": 0.075615,
            "p(95)": 0.075615
        },
        "http_req_tls_handshaking": {
            "avg": 47.445249,
            "max": 47.445249,
            "med": 47.445249,
            "min": 47.445249,
            "p(90)": 47.445249,
            "p(95)": 47.445249
        },
        "http_req_waiting": {
            "avg": 60353.793993,
            "max": 60353.793993,
            "med": 60353.793993,
            "min": 60353.793993,
            "p(90)": 60353.793993,
            "p(95)": 60353.793993
        },
        "http_reqs": {
            "count": 1,
            "rate": 0.016544473923089727
        },
        "iteration_duration": {
            "avg": 60415.98195,
            "max": 60415.98195,
            "med": 60415.98195,
            "min": 60415.98195,
            "p(90)": 60415.98195,
            "p(95)": 60415.98195
        },
        "iterations": {
            "count": 1,
            "rate": 0.016544473923089727
        },
        "vus": {
            "max": 1,
            "min": 1,
            "value": 1
        },
        "vus_max": {
            "max": 1,
            "min": 1,
            "value": 1
        }
    },
    "root_group": {
        "name": "",
        "path": "",
        "id": "d41d8cd98f00b204e9800998ecf8427e",
        "groups": {},
        "checks": {
            "status is 200": {
                "name": "status is 200",
                "path": "::status is 200",
                "id": "6210a8cd14cd70477eba5c5e4cb3fb5f",
                "passes": 0,
                "fails": 1
            }
        }
    }
}
