{
    "metrics": {
        "checks": {
            "fails": 0,
            "passes": 117,
            "value": 0
        },
        "data_received": {
            "count": 64397,
            "rate": 1066.3595676166628
        },
        "data_sent": {
            "count": 81352,
            "rate": 1347.1199519348845
        },
        "http_req_blocked": {
            "avg": 0.5108815726495728,
            "max": 31.46892,
            "med": 0.003586,
            "min": 0.002376,
            "p(90)": 0.005341400000000001,
            "p(95)": 0.015232199999999991
        },
        "http_req_connecting": {
            "avg": 0.11144530769230769,
            "max": 9.859816,
            "med": 0,
            "min": 0,
            "p(90)": 0,
            "p(95)": 0
        },
        "http_req_duration": {
            "avg": 515.157675205128,
            "max": 5656.939087,
            "med": 352.520611,
            "min": 255.863077,
            "p(90)": 450.3040182000001,
            "p(95)": 561.8333691999999
        },
        "http_req_receiving": {
            "avg": 0.07716188034188042,
            "max": 0.162619,
            "med": 0.076618,
            "min": 0.050703,
            "p(90)": 0.0880206,
            "p(95)": 0.09529359999999999
        },
        "http_req_sending": {
            "avg": 0.03517100854700856,
            "max": 0.07817,
            "med": 0.037896,
            "min": 0.016555,
            "p(90)": 0.044136600000000005,
            "p(95)": 0.0528502
        },
        "http_req_tls_handshaking": {
            "avg": 0.39376120512820517,
            "max": 24.53122,
            "med": 0,
            "min": 0,
            "p(90)": 0,
            "p(95)": 0
        },
        "http_req_waiting": {
            "avg": 515.0453423162395,
            "max": 5656.844087,
            "med": 352.408725,
            "min": 255.759391,
            "p(90)": 450.2066844000001,
            "p(95)": 561.7266265999998
        },
        "http_reqs": {
            "count": 117,
            "rate": 1.9374205228682946
        },
        "iteration_duration": {
            "avg": 515.8523146153844,
            "max": 5657.110722,
            "med": 354.915789,
            "min": 256.047957,
            "p(90)": 450.4826104000001,
            "p(95)": 562.0229481999999
        },
        "iterations": {
            "count": 117,
            "rate": 1.9374205228682946
        },
        "vus": {
            "max": 1,
            "min": 1,
            "value": 1
        },
        "vus_max": {
            "max": 1,
            "min": 1,
            "value": 1
        }
    },
    "root_group": {
        "name": "",
        "path": "",
        "id": "d41d8cd98f00b204e9800998ecf8427e",
        "groups": {},
        "checks": {
            "status is 200": {
                "name": "status is 200",
                "path": "::status is 200",
                "id": "6210a8cd14cd70477eba5c5e4cb3fb5f",
                "passes": 117,
                "fails": 0
            }
        }
    }
}
