{
    "metrics": {
        "checks": {
            "fails": 0,
            "passes": 70,
            "value": 0
        },
        "data_received": {
            "count": 38273,
            "rate": 628.3076079359703
        },
        "data_sent": {
            "count": 48584,
            "rate": 797.577844014349
        },
        "http_req_blocked": {
            "avg": 0.3482105142857144,
            "max": 23.994108,
            "med": 0.005111,
            "min": 0.003132,
            "p(90)": 0.0056649,
            "p(95)": 0.0137744
        },
        "http_req_connecting": {
            "avg": 0.0628881,
            "max": 4.402167,
            "med": 0,
            "min": 0,
            "p(90)": 0,
            "p(95)": 0
        },
        "http_req_duration": {
            "avg": 869.2547700857143,
            "max": 8551.031656,
            "med": 480.1496825,
            "min": 251.649079,
            "p(90)": 1354.4312409000001,
            "p(95)": 1544.7270594999998
        },
        "http_req_receiving": {
            "avg": 0.09813697142857139,
            "max": 0.139966,
            "med": 0.098021,
            "min": 0.05196,
            "p(90)": 0.1090608,
            "p(95)": 0.11120745
        },
        "http_req_sending": {
            "avg": 0.042724157142857135,
            "max": 0.091499,
            "med": 0.0443565,
            "min": 0.024136,
            "p(90)": 0.0542944,
            "p(95)": 0.05530385
        },
        "http_req_tls_handshaking": {
            "avg": 0.27865567142857145,
            "max": 19.505897,
            "med": 0,
            "min": 0,
            "p(90)": 0,
            "p(95)": 0
        },
        "http_req_waiting": {
            "avg": 869.1139089571427,
            "max": 8550.800191,
            "med": 480.031661,
            "min": 251.498537,
            "p(90)": 1354.2996391,
            "p(95)": 1544.6218114999997
        },
        "http_reqs": {
            "count": 70,
            "rate": 1.149152994422123
        },
        "iteration_duration": {
            "avg": 869.8252000714284,
            "max": 8575.390024,
            "med": 480.3636765,
            "min": 251.856658,
            "p(90)": 1354.6199123000001,
            "p(95)": 1544.9281604499997
        },
        "iterations": {
            "count": 70,
            "rate": 1.149152994422123
        },
        "vus": {
            "max": 1,
            "min": 1,
            "value": 1
        },
        "vus_max": {
            "max": 1,
            "min": 1,
            "value": 1
        }
    },
    "root_group": {
        "name": "",
        "path": "",
        "id": "d41d8cd98f00b204e9800998ecf8427e",
        "groups": {},
        "checks": {
            "status is 200": {
                "name": "status is 200",
                "path": "::status is 200",
                "id": "6210a8cd14cd70477eba5c5e4cb3fb5f",
                "passes": 70,
                "fails": 0
            }
        }
    }
}
