{
    "metrics": {
        "checks": {
            "fails": 0,
            "passes": 82,
            "value": 0
        },
        "data_received": {
            "count": 44609,
            "rate": 740.1125335285412
        },
        "data_sent": {
            "count": 56852,
            "rate": 943.2374129921008
        },
        "http_req_blocked": {
            "avg": 0.2816212804878048,
            "max": 22.615233,
            "med": 0.005231,
            "min": 0.003912,
            "p(90)": 0.006597600000000001,
            "p(95)": 0.0138699
        },
        "http_req_connecting": {
            "avg": 0.03855239024390244,
            "max": 3.161296,
            "med": 0,
            "min": 0,
            "p(90)": 0,
            "p(95)": 0
        },
        "http_req_duration": {
            "avg": 734.1107927560975,
            "max": 8338.440084,
            "med": 392.9904425,
            "min": 275.94042,
            "p(90)": 979.8309205000005,
            "p(95)": 1963.2325602000024
        },
        "http_req_receiving": {
            "avg": 0.10061685365853662,
            "max": 0.149061,
            "med": 0.0987105,
            "min": 0.07649,
            "p(90)": 0.1099566,
            "p(95)": 0.11276100000000001
        },
        "http_req_sending": {
            "avg": 0.04340258536585368,
            "max": 0.125531,
            "med": 0.0442955,
            "min": 0.028342,
            "p(90)": 0.0524236,
            "p(95)": 0.05501865
        },
        "http_req_tls_handshaking": {
            "avg": 0.23587236585365853,
            "max": 19.341534,
            "med": 0,
            "min": 0,
            "p(90)": 0,
            "p(95)": 0
        },
        "http_req_waiting": {
            "avg": 733.9667733170734,
            "max": 8338.285152,
            "med": 392.8415665,
            "min": 275.803982,
            "p(90)": 979.6966298000004,
            "p(95)": 1963.1049101000024
        },
        "http_reqs": {
            "count": 82,
            "rate": 1.3604704823990759
        },
        "iteration_duration": {
            "avg": 734.6177341585363,
            "max": 8338.697243,
            "med": 393.2132555,
            "min": 276.154638,
            "p(90)": 980.0323598000004,
            "p(95)": 1963.4354121000024
        },
        "iterations": {
            "count": 82,
            "rate": 1.3604704823990759
        },
        "vus": {
            "max": 1,
            "min": 1,
            "value": 1
        },
        "vus_max": {
            "max": 1,
            "min": 1,
            "value": 1
        }
    },
    "root_group": {
        "name": "",
        "path": "",
        "id": "d41d8cd98f00b204e9800998ecf8427e",
        "groups": {},
        "checks": {
            "status is 200": {
                "name": "status is 200",
                "path": "::status is 200",
                "id": "6210a8cd14cd70477eba5c5e4cb3fb5f",
                "passes": 82,
                "fails": 0
            }
        }
    }
}
