{
    "metrics": {
        "checks": {
            "fails": 0,
            "passes": 61,
            "value": 0
        },
        "data_received": {
            "count": 33521,
            "rate": 549.6540472261607
        },
        "data_sent": {
            "count": 42383,
            "rate": 694.9669605198643
        },
        "http_req_blocked": {
            "avg": 0.6800431475409835,
            "max": 41.187095,
            "med": 0.004638,
            "min": 0.003458,
            "p(90)": 0.006432,
            "p(95)": 0.00658
        },
        "http_req_connecting": {
            "avg": 0.19246440983606555,
            "max": 11.740329,
            "med": 0,
            "min": 0,
            "p(90)": 0,
            "p(95)": 0
        },
        "http_req_duration": {
            "avg": 998.2430236557377,
            "max": 20978.540775,
            "med": 432.249361,
            "min": 297.834655,
            "p(90)": 907.017324,
            "p(95)": 1273.370601
        },
        "http_req_receiving": {
            "avg": 0.09143381967213114,
            "max": 0.151825,
            "med": 0.08981,
            "min": 0.064322,
            "p(90)": 0.11085,
            "p(95)": 0.112578
        },
        "http_req_sending": {
            "avg": 0.03557416393442623,
            "max": 0.094441,
            "med": 0.032551,
            "min": 0.023774,
            "p(90)": 0.043738,
            "p(95)": 0.044831
        },
        "http_req_tls_handshaking": {
            "avg": 0.4812063442622951,
            "max": 29.353587,
            "med": 0,
            "min": 0,
            "p(90)": 0,
            "p(95)": 0
        },
        "http_req_waiting": {
            "avg": 998.1160156721313,
            "max": 20978.412425,
            "med": 432.130887,
            "min": 297.691353,
            "p(90)": 906.903529,
            "p(95)": 1273.243898
        },
        "http_reqs": {
            "count": 61,
            "rate": 1.0002355801078668
        },
        "iteration_duration": {
            "avg": 999.1407621967212,
            "max": 20978.765053,
            "med": 432.482559,
            "min": 298.085836,
            "p(90)": 907.209555,
            "p(95)": 1273.586436
        },
        "iterations": {
            "count": 61,
            "rate": 1.0002355801078668
        },
        "vus": {
            "max": 1,
            "min": 1,
            "value": 1
        },
        "vus_max": {
            "max": 1,
            "min": 1,
            "value": 1
        }
    },
    "root_group": {
        "name": "",
        "path": "",
        "id": "d41d8cd98f00b204e9800998ecf8427e",
        "groups": {},
        "checks": {
            "status is 200": {
                "name": "status is 200",
                "path": "::status is 200",
                "id": "6210a8cd14cd70477eba5c5e4cb3fb5f",
                "passes": 61,
                "fails": 0
            }
        }
    }
}
