{
    "metrics": {
        "checks": {
            "fails": 0,
            "passes": 5,
            "value": 0
        },
        "data_received": {
            "count": 4298,
            "rate": 1018.5801108147667
        },
        "data_sent": {
            "count": 4669,
            "rate": 1106.5031496961717
        },
        "http_req_blocked": {
            "avg": 3.9857024,
            "max": 19.911057,
            "med": 0.004731,
            "min": 0.003658,
            "p(90)": 11.948782600000001,
            "p(95)": 15.929919799999997
        },
        "http_req_connecting": {
            "avg": 0.6259868,
            "max": 3.129934,
            "med": 0,
            "min": 0,
            "p(90)": 1.8779604000000003,
            "p(95)": 2.5039471999999994
        },
        "http_req_duration": {
            "avg": 721.3738632000001,
            "max": 987.706805,
            "med": 688.216567,
            "min": 529.267677,
            "p(90)": 924.5201586000001,
            "p(95)": 956.1134818
        },
        "http_req_receiving": {
            "avg": 0.0910528,
            "max": 0.113329,
            "med": 0.090833,
            "min": 0.075504,
            "p(90)": 0.106809,
            "p(95)": 0.110069
        },
        "http_req_sending": {
            "avg": 0.049637200000000006,
            "max": 0.111543,
            "med": 0.033171,
            "min": 0.029549,
            "p(90)": 0.08367100000000001,
            "p(95)": 0.097607
        },
        "http_req_tls_handshaking": {
            "avg": 3.3298347999999995,
            "max": 16.649174,
            "med": 0,
            "min": 0,
            "p(90)": 9.989504400000001,
            "p(95)": 13.319339199999996
        },
        "http_req_waiting": {
            "avg": 721.2331732,
            "max": 987.596176,
            "med": 688.007995,
            "min": 529.121177,
            "p(90)": 924.4068344,
            "p(95)": 956.0015052
        },
        "http_reqs": {
            "count": 5,
            "rate": 1.1849466156523576
        },
        "iteration_duration": {
            "avg": 725.5995786,
            "max": 987.968481,
            "med": 708.460942,
            "min": 529.514777,
            "p(90)": 924.7553142,
            "p(95)": 956.3618976
        },
        "iterations": {
            "count": 5,
            "rate": 1.1849466156523576
        },
        "vus": {
            "max": 1,
            "min": 1,
            "value": 1
        },
        "vus_max": {
            "max": 1,
            "min": 1,
            "value": 1
        }
    },
    "root_group": {
        "name": "",
        "path": "",
        "id": "d41d8cd98f00b204e9800998ecf8427e",
        "groups": {},
        "checks": {
            "status is 200": {
                "name": "status is 200",
                "path": "::status is 200",
                "id": "6210a8cd14cd70477eba5c5e4cb3fb5f",
                "passes": 5,
                "fails": 0
            }
        }
    }
}
