{
    "metrics": {
        "checks": {
            "fails": 0,
            "passes": 57,
            "value": 0
        },
        "data_received": {
            "count": 31409,
            "rate": 625.4769609699047
        },
        "data_sent": {
            "count": 39627,
            "rate": 789.1297249945687
        },
        "http_req_blocked": {
            "avg": 0.536451789473684,
            "max": 30.269453,
            "med": 0.004893,
            "min": 0.003918,
            "p(90)": 0.0065898,
            "p(95)": 0.0138452
        },
        "http_req_connecting": {
            "avg": 0.14718,
            "max": 8.38926,
            "med": 0,
            "min": 0,
            "p(90)": 0,
            "p(95)": 0
        },
        "http_req_duration": {
            "avg": 879.7490418947366,
            "max": 6506.32834,
            "med": 471.770141,
            "min": 285.362777,
            "p(90)": 1332.5511929999989,
            "p(95)": 3655.9365545999985
        },
        "http_req_receiving": {
            "avg": 0.10240817543859651,
            "max": 0.144092,
            "med": 0.10046,
            "min": 0.079237,
            "p(90)": 0.1132372,
            "p(95)": 0.1177074
        },
        "http_req_sending": {
            "avg": 0.04403259649122806,
            "max": 0.089251,
            "med": 0.045384,
            "min": 0.026981,
            "p(90)": 0.049597,
            "p(95)": 0.051726199999999986
        },
        "http_req_tls_handshaking": {
            "avg": 0.38204412280701755,
            "max": 21.776515,
            "med": 0,
            "min": 0,
            "p(90)": 0,
            "p(95)": 0
        },
        "http_req_waiting": {
            "avg": 879.6026011228071,
            "max": 6506.182651,
            "med": 471.644092,
            "min": 285.21936,
            "p(90)": 1332.411828599999,
            "p(95)": 3655.786052599999
        },
        "http_reqs": {
            "count": 57,
            "rate": 1.1350946154059207
        },
        "iteration_duration": {
            "avg": 880.5142733859645,
            "max": 6506.550464,
            "med": 471.977211,
            "min": 285.617396,
            "p(90)": 1332.773284199999,
            "p(95)": 3656.174157599999
        },
        "iterations": {
            "count": 57,
            "rate": 1.1350946154059207
        },
        "vus": {
            "max": 1,
            "min": 1,
            "value": 1
        },
        "vus_max": {
            "max": 1,
            "min": 1,
            "value": 1
        }
    },
    "root_group": {
        "name": "",
        "path": "",
        "id": "d41d8cd98f00b204e9800998ecf8427e",
        "groups": {},
        "checks": {
            "status is 200": {
                "name": "status is 200",
                "path": "::status is 200",
                "id": "6210a8cd14cd70477eba5c5e4cb3fb5f",
                "passes": 57,
                "fails": 0
            }
        }
    }
}
