{
    "metrics": {
        "checks": {
            "fails": 0,
            "passes": 249,
            "value": 0
        },
        "data_received": {
            "count": 152582,
            "rate": 2772.018917348735
        },
        "data_sent": {
            "count": 172685,
            "rate": 3137.238250529986
        },
        "http_req_blocked": {
            "avg": 5.317241706827314,
            "max": 1045.511264,
            "med": 0.004579,
            "min": 0.003415,
            "p(90)": 0.0060602,
            "p(95)": 0.007484399999999999
        },
        "http_req_connecting": {
            "avg": 4.174631208835341,
            "max": 1020.974352,
            "med": 0,
            "min": 0,
            "p(90)": 0,
            "p(95)": 0
        },
        "http_req_duration": {
            "avg": 215.40938001606432,
            "max": 11618.704326,
            "med": 85.571321,
            "min": 39.60067,
            "p(90)": 288.4162438000001,
            "p(95)": 438.01003359999993
        },
        "http_req_receiving": {
            "avg": 0.08818868273092365,
            "max": 0.147008,
            "med": 0.085265,
            "min": 0.051905,
            "p(90)": 0.10867980000000001,
            "p(95)": 0.1174992
        },
        "http_req_sending": {
            "avg": 0.035556040160642566,
            "max": 0.16259,
            "med": 0.032162,
            "min": 0.018795,
            "p(90)": 0.0442532,
            "p(95)": 0.05052679999999999
        },
        "http_req_tls_handshaking": {
            "avg": 1.1364490200803212,
            "max": 242.941754,
            "med": 0,
            "min": 0,
            "p(90)": 0,
            "p(95)": 0
        },
        "http_req_waiting": {
            "avg": 215.28563529317282,
            "max": 11618.602178,
            "med": 85.44824,
            "min": 39.472965,
            "p(90)": 288.2999394000001,
            "p(95)": 437.87995259999997
        },
        "http_reqs": {
            "count": 249,
            "rate": 4.523683726912972
        },
        "iteration_duration": {
            "avg": 220.92959043373497,
            "max": 11618.882063,
            "med": 85.942491,
            "min": 39.804471,
            "p(90)": 288.63967360000004,
            "p(95)": 438.21329519999995
        },
        "iterations": {
            "count": 249,
            "rate": 4.523683726912972
        },
        "vus": {
            "max": 1,
            "min": 1,
            "value": 1
        },
        "vus_max": {
            "max": 1,
            "min": 1,
            "value": 1
        }
    },
    "root_group": {
        "name": "",
        "path": "",
        "id": "d41d8cd98f00b204e9800998ecf8427e",
        "groups": {},
        "checks": {
            "status is 200": {
                "name": "status is 200",
                "path": "::status is 200",
                "id": "6210a8cd14cd70477eba5c5e4cb3fb5f",
                "passes": 249,
                "fails": 0
            }
        }
    }
}
