{
    "metrics": {
        "checks": {
            "fails": 0,
            "passes": 92,
            "value": 0
        },
        "data_received": {
            "count": 49889,
            "rate": 1029.2870113889483
        },
        "data_sent": {
            "count": 63742,
            "rate": 1315.0957662000508
        },
        "http_req_blocked": {
            "avg": 0.3491036086956522,
            "max": 31.598104,
            "med": 0.0050135,
            "min": 0.003886,
            "p(90)": 0.007391600000000005,
            "p(95)": 0.014036
        },
        "http_req_connecting": {
            "avg": 0.09019371739130434,
            "max": 8.297822,
            "med": 0,
            "min": 0,
            "p(90)": 0,
            "p(95)": 0
        },
        "http_req_duration": {
            "avg": 525.9698085108694,
            "max": 5796.930029,
            "med": 356.36842850000005,
            "min": 275.497885,
            "p(90)": 792.3008956000001,
            "p(95)": 899.7144279
        },
        "http_req_receiving": {
            "avg": 0.10050420652173914,
            "max": 0.1383,
            "med": 0.09849050000000001,
            "min": 0.077067,
            "p(90)": 0.11280650000000002,
            "p(95)": 0.11874515000000001
        },
        "http_req_sending": {
            "avg": 0.04478226086956521,
            "max": 0.114147,
            "med": 0.044693,
            "min": 0.02881,
            "p(90)": 0.05314480000000001,
            "p(95)": 0.0579663
        },
        "http_req_tls_handshaking": {
            "avg": 0.2521180543478261,
            "max": 23.194861,
            "med": 0,
            "min": 0,
            "p(90)": 0,
            "p(95)": 0
        },
        "http_req_waiting": {
            "avg": 525.8245220434784,
            "max": 5796.71261,
            "med": 356.22695450000003,
            "min": 275.354976,
            "p(90)": 792.1721130000001,
            "p(95)": 899.5638229000001
        },
        "http_reqs": {
            "count": 92,
            "rate": 1.898101887145127
        },
        "iteration_duration": {
            "avg": 526.5457521304347,
            "max": 5828.887569,
            "med": 356.61561,
            "min": 275.744587,
            "p(90)": 792.5110378,
            "p(95)": 899.9788520000001
        },
        "iterations": {
            "count": 92,
            "rate": 1.898101887145127
        },
        "vus": {
            "max": 1,
            "min": 1,
            "value": 1
        },
        "vus_max": {
            "max": 1,
            "min": 1,
            "value": 1
        }
    },
    "root_group": {
        "name": "",
        "path": "",
        "id": "d41d8cd98f00b204e9800998ecf8427e",
        "groups": {},
        "checks": {
            "status is 200": {
                "name": "status is 200",
                "path": "::status is 200",
                "id": "6210a8cd14cd70477eba5c5e4cb3fb5f",
                "passes": 92,
                "fails": 0
            }
        }
    }
}
