{
    "metrics": {
        "checks": {
            "fails": 0,
            "passes": 31,
            "value": 0
        },
        "data_received": {
            "count": 17681,
            "rate": 285.9161508840507
        },
        "data_sent": {
            "count": 21713,
            "rate": 351.11687032098826
        },
        "http_req_blocked": {
            "avg": 0.6838301935483871,
            "max": 21.055577,
            "med": 0.00454,
            "min": 0.003656,
            "p(90)": 0.007355,
            "p(95)": 0.0075565
        },
        "http_req_connecting": {
            "avg": 0.0924978064516129,
            "max": 2.867432,
            "med": 0,
            "min": 0,
            "p(90)": 0,
            "p(95)": 0
        },
        "http_req_duration": {
            "avg": 1992.9213392580643,
            "max": 7591.640139,
            "med": 478.03914,
            "min": 288.241209,
            "p(90)": 6622.722217,
            "p(95)": 6983.115225
        },
        "http_req_receiving": {
            "avg": 0.09221670967741938,
            "max": 0.167905,
            "med": 0.0881,
            "min": 0.069641,
            "p(90)": 0.107342,
            "p(95)": 0.1115235
        },
        "http_req_sending": {
            "avg": 0.034639161290322566,
            "max": 0.112223,
            "med": 0.030275,
            "min": 0.02612,
            "p(90)": 0.038424,
            "p(95)": 0.0500865
        },
        "http_req_tls_handshaking": {
            "avg": 0.5831452580645161,
            "max": 18.077503,
            "med": 0,
            "min": 0,
            "p(90)": 0,
            "p(95)": 0
        },
        "http_req_waiting": {
            "avg": 1992.794483387096,
            "max": 7591.53134,
            "med": 477.911966,
            "min": 288.136781,
            "p(90)": 6622.596694,
            "p(95)": 6982.912791999999
        },
        "http_reqs": {
            "count": 31,
            "rate": 0.501295213924867
        },
        "iteration_duration": {
            "avg": 1993.807720967742,
            "max": 7591.836885,
            "med": 478.253758,
            "min": 288.441135,
            "p(90)": 6622.924518,
            "p(95)": 6993.9305805
        },
        "iterations": {
            "count": 31,
            "rate": 0.501295213924867
        },
        "vus": {
            "max": 1,
            "min": 1,
            "value": 1
        },
        "vus_max": {
            "max": 1,
            "min": 1,
            "value": 1
        }
    },
    "root_group": {
        "name": "",
        "path": "",
        "id": "d41d8cd98f00b204e9800998ecf8427e",
        "groups": {},
        "checks": {
            "status is 200": {
                "name": "status is 200",
                "path": "::status is 200",
                "id": "6210a8cd14cd70477eba5c5e4cb3fb5f",
                "passes": 31,
                "fails": 0
            }
        }
    }
}
