{
    "metrics": {
        "checks": {
            "fails": 0,
            "passes": 1055,
            "value": 0
        },
        "data_received": {
            "count": 594643,
            "rate": 1981.2574282468875
        },
        "data_sent": {
            "count": 522209,
            "rate": 1739.9186744775923
        },
        "http_req_blocked": {
            "avg": 3.3129262578199117,
            "max": 3062.946722,
            "med": 0.007384,
            "min": 0.002637,
            "p(90)": 0.01015,
            "p(95)": 0.01293749999999999
        },
        "http_req_connecting": {
            "avg": 2.9264926796208535,
            "max": 3036.768875,
            "med": 0,
            "min": 0,
            "p(90)": 0,
            "p(95)": 0
        },
        "http_req_duration": {
            "avg": 280.7592330654026,
            "max": 14984.100978,
            "med": 128.930142,
            "min": 55.983282,
            "p(90)": 429.1785006,
            "p(95)": 669.2296383999995
        },
        "http_req_receiving": {
            "avg": 0.15193935355450242,
            "max": 0.424676,
            "med": 0.149903,
            "min": 0.064652,
            "p(90)": 0.2020584,
            "p(95)": 0.22109049999999994
        },
        "http_req_sending": {
            "avg": 0.058513252132701477,
            "max": 0.194051,
            "med": 0.056576,
            "min": 0.024014,
            "p(90)": 0.0826974,
            "p(95)": 0.0938865
        },
        "http_req_tls_handshaking": {
            "avg": 0.37701133175355445,
            "max": 245.084523,
            "med": 0,
            "min": 0,
            "p(90)": 0,
            "p(95)": 0
        },
        "http_req_waiting": {
            "avg": 280.5487804597152,
            "max": 14983.812115,
            "med": 128.7277,
            "min": 55.7341,
            "p(90)": 428.9867906,
            "p(95)": 669.0992550999995
        },
        "http_reqs": {
            "count": 1055,
            "rate": 3.5150949171191224
        },
        "iteration_duration": {
            "avg": 284.43602945497634,
            "max": 15000.19698,
            "med": 129.378709,
            "min": 56.420942,
            "p(90)": 430.4271216,
            "p(95)": 680.1677877999996
        },
        "iterations": {
            "count": 1055,
            "rate": 3.5150949171191224
        },
        "vus": {
            "max": 1,
            "min": 1,
            "value": 1
        },
        "vus_max": {
            "max": 1,
            "min": 1,
            "value": 1
        }
    },
    "root_group": {
        "name": "",
        "path": "",
        "id": "d41d8cd98f00b204e9800998ecf8427e",
        "groups": {},
        "checks": {
            "status is 200": {
                "name": "status is 200",
                "path": "::status is 200",
                "id": "6210a8cd14cd70477eba5c5e4cb3fb5f",
                "passes": 1055,
                "fails": 0
            }
        }
    }
}
