{
    "metrics": {
        "checks": {
            "fails": 0,
            "passes": 696,
            "value": 0
        },
        "data_received": {
            "count": 391961,
            "rate": 1305.2366235231084
        },
        "data_sent": {
            "count": 344400,
            "rate": 1146.8577055915218
        },
        "http_req_blocked": {
            "avg": 0.7305747528735632,
            "max": 314.864963,
            "med": 0.009610500000000001,
            "min": 0.004964,
            "p(90)": 0.0115955,
            "p(95)": 0.01326075
        },
        "http_req_connecting": {
            "avg": 0.103266625,
            "max": 24.915138,
            "med": 0,
            "min": 0,
            "p(90)": 0,
            "p(95)": 0
        },
        "http_req_duration": {
            "avg": 430.24246977729825,
            "max": 15929.825001,
            "med": 146.250386,
            "min": 55.61426,
            "p(90)": 922.115817,
            "p(95)": 1308.39288275
        },
        "http_req_receiving": {
            "avg": 0.1675505244252873,
            "max": 0.272579,
            "med": 0.162221,
            "min": 0.102371,
            "p(90)": 0.191773,
            "p(95)": 0.202292
        },
        "http_req_sending": {
            "avg": 0.07631989942528736,
            "max": 0.174048,
            "med": 0.07274749999999999,
            "min": 0.038577,
            "p(90)": 0.087171,
            "p(95)": 0.09063625
        },
        "http_req_tls_handshaking": {
            "avg": 0.615449856321839,
            "max": 289.742975,
            "med": 0,
            "min": 0,
            "p(90)": 0,
            "p(95)": 0
        },
        "http_req_waiting": {
            "avg": 429.998599353448,
            "max": 15929.571164,
            "med": 145.975075,
            "min": 55.394337,
            "p(90)": 921.862351,
            "p(95)": 1308.16322375
        },
        "http_reqs": {
            "count": 696,
            "rate": 2.3176915304637027
        },
        "iteration_duration": {
            "avg": 431.39589929310324,
            "max": 15930.313524,
            "med": 146.7030075,
            "min": 56.036939,
            "p(90)": 922.5845515000001,
            "p(95)": 1308.7972559999998
        },
        "iterations": {
            "count": 696,
            "rate": 2.3176915304637027
        },
        "vus": {
            "max": 1,
            "min": 1,
            "value": 1
        },
        "vus_max": {
            "max": 1,
            "min": 1,
            "value": 1
        }
    },
    "root_group": {
        "name": "",
        "path": "",
        "id": "d41d8cd98f00b204e9800998ecf8427e",
        "groups": {},
        "checks": {
            "status is 200": {
                "name": "status is 200",
                "path": "::status is 200",
                "id": "6210a8cd14cd70477eba5c5e4cb3fb5f",
                "passes": 696,
                "fails": 0
            }
        }
    }
}
