{
    "metrics": {
        "checks": {
            "fails": 0,
            "passes": 8331,
            "value": 0
        },
        "data_received": {
            "count": 4691927,
            "rate": 2606.1988596630836
        },
        "data_sent": {
            "count": 4122830,
            "rate": 2290.0856821908674
        },
        "http_req_blocked": {
            "avg": 2.1000368158684406,
            "max": 1474.473656,
            "med": 0.009779,
            "min": 0.00359,
            "p(90)": 0.012155,
            "p(95)": 0.0132905
        },
        "http_req_connecting": {
            "avg": 1.1837853748649618,
            "max": 1032.135775,
            "med": 0,
            "min": 0,
            "p(90)": 0,
            "p(95)": 0
        },
        "http_req_duration": {
            "avg": 213.55064029612268,
            "max": 11339.876916,
            "med": 116.250915,
            "min": 51.353605,
            "p(90)": 422.892145,
            "p(95)": 607.3786415
        },
        "http_req_receiving": {
            "avg": 0.16539471371984235,
            "max": 0.810407,
            "med": 0.16042,
            "min": 0.065644,
            "p(90)": 0.190088,
            "p(95)": 0.2
        },
        "http_req_sending": {
            "avg": 0.0756482473892689,
            "max": 0.283782,
            "med": 0.072212,
            "min": 0.029057,
            "p(90)": 0.087032,
            "p(95)": 0.0915675
        },
        "http_req_tls_handshaking": {
            "avg": 0.9043413728243906,
            "max": 922.826612,
            "med": 0,
            "min": 0,
            "p(90)": 0,
            "p(95)": 0
        },
        "http_req_waiting": {
            "avg": 213.30959733501268,
            "max": 11339.654327,
            "med": 115.990507,
            "min": 51.084097,
            "p(90)": 422.656226,
            "p(95)": 607.1326899999999
        },
        "http_reqs": {
            "count": 8331,
            "rate": 4.627574704349225
        },
        "iteration_duration": {
            "avg": 216.0711844065539,
            "max": 11340.290488,
            "med": 117.005941,
            "min": 51.803337,
            "p(90)": 428.050738,
            "p(95)": 618.1133105
        },
        "iterations": {
            "count": 8331,
            "rate": 4.627574704349225
        },
        "vus": {
            "max": 1,
            "min": 1,
            "value": 1
        },
        "vus_max": {
            "max": 1,
            "min": 1,
            "value": 1
        }
    },
    "root_group": {
        "name": "",
        "path": "",
        "id": "d41d8cd98f00b204e9800998ecf8427e",
        "groups": {},
        "checks": {
            "status is 200": {
                "name": "status is 200",
                "path": "::status is 200",
                "id": "6210a8cd14cd70477eba5c5e4cb3fb5f",
                "passes": 8331,
                "fails": 0
            }
        }
    }
}
