{
    "metrics": {
        "checks": {
            "fails": 0,
            "passes": 5652,
            "value": 0
        },
        "data_received": {
            "count": 3183161,
            "rate": 1767.6641579547227
        },
        "data_sent": {
            "count": 2797046,
            "rate": 1553.2478446269683
        },
        "http_req_blocked": {
            "avg": 2.904195488322722,
            "max": 1563.536731,
            "med": 0.009388,
            "min": 0.002533,
            "p(90)": 0.011442700000000002,
            "p(95)": 0.012756799999999999
        },
        "http_req_connecting": {
            "avg": 1.349990920028309,
            "max": 1041.544459,
            "med": 0,
            "min": 0,
            "p(90)": 0,
            "p(95)": 0
        },
        "http_req_duration": {
            "avg": 315.2752599508152,
            "max": 19844.783519,
            "med": 157.4541165,
            "min": 56.869382,
            "p(90)": 620.6687054000005,
            "p(95)": 951.8995360499993
        },
        "http_req_receiving": {
            "avg": 0.1607958508492569,
            "max": 0.888562,
            "med": 0.1568175,
            "min": 0.047453,
            "p(90)": 0.1913531,
            "p(95)": 0.20547934999999998
        },
        "http_req_sending": {
            "avg": 0.0717156342887472,
            "max": 0.353214,
            "med": 0.07098850000000001,
            "min": 0.016976,
            "p(90)": 0.08639360000000003,
            "p(95)": 0.0929865
        },
        "http_req_tls_handshaking": {
            "avg": 1.5430490070771412,
            "max": 933.598623,
            "med": 0,
            "min": 0,
            "p(90)": 0,
            "p(95)": 0
        },
        "http_req_waiting": {
            "avg": 315.0427484656755,
            "max": 19844.492173,
            "med": 157.2279145,
            "min": 56.677716,
            "p(90)": 620.4101048000005,
            "p(95)": 951.6748168499992
        },
        "http_reqs": {
            "count": 5652,
            "rate": 3.1386529995686967
        },
        "iteration_duration": {
            "avg": 318.58223985456453,
            "max": 19880.621806,
            "med": 159.0959375,
            "min": 57.241095,
            "p(90)": 627.7053352000004,
            "p(95)": 974.4427454499996
        },
        "iterations": {
            "count": 5652,
            "rate": 3.1386529995686967
        },
        "vus": {
            "max": 1,
            "min": 1,
            "value": 1
        },
        "vus_max": {
            "max": 1,
            "min": 1,
            "value": 1
        }
    },
    "root_group": {
        "name": "",
        "path": "",
        "id": "d41d8cd98f00b204e9800998ecf8427e",
        "groups": {},
        "checks": {
            "status is 200": {
                "name": "status is 200",
                "path": "::status is 200",
                "id": "6210a8cd14cd70477eba5c5e4cb3fb5f",
                "passes": 5652,
                "fails": 0
            }
        }
    }
}
