{
    "metrics": {
        "checks": {
            "fails": 0,
            "passes": 101,
            "value": 0
        },
        "data_received": {
            "count": 58171,
            "rate": 963.907767564336
        },
        "data_sent": {
            "count": 50330,
            "rate": 833.9804703634635
        },
        "http_req_blocked": {
            "avg": 15.431279128712873,
            "max": 1296.220111,
            "med": 0.009732,
            "min": 0.007086,
            "p(90)": 0.010393,
            "p(95)": 0.010961
        },
        "http_req_connecting": {
            "avg": 10.512197613861385,
            "max": 1043.850847,
            "med": 0,
            "min": 0,
            "p(90)": 0,
            "p(95)": 0
        },
        "http_req_duration": {
            "avg": 581.2344096930696,
            "max": 14092.556215,
            "med": 111.216576,
            "min": 63.741499,
            "p(90)": 342.175731,
            "p(95)": 5263.699077
        },
        "http_req_receiving": {
            "avg": 0.16466573267326723,
            "max": 0.307128,
            "med": 0.152071,
            "min": 0.124317,
            "p(90)": 0.194398,
            "p(95)": 0.199406
        },
        "http_req_sending": {
            "avg": 0.07371842574257424,
            "max": 0.184528,
            "med": 0.069743,
            "min": 0.048805,
            "p(90)": 0.085917,
            "p(95)": 0.088188
        },
        "http_req_tls_handshaking": {
            "avg": 4.906317811881188,
            "max": 252.20095,
            "med": 0,
            "min": 0,
            "p(90)": 0,
            "p(95)": 0
        },
        "http_req_waiting": {
            "avg": 580.9960255346534,
            "max": 14092.064559,
            "med": 110.997241,
            "min": 63.490736,
            "p(90)": 341.959594,
            "p(95)": 5263.445471
        },
        "http_reqs": {
            "count": 101,
            "rate": 1.6735948242938568
        },
        "iteration_duration": {
            "avg": 597.079392851485,
            "max": 14354.577342,
            "med": 111.795919,
            "min": 64.125881,
            "p(90)": 366.863819,
            "p(95)": 5264.085065
        },
        "iterations": {
            "count": 101,
            "rate": 1.6735948242938568
        },
        "vus": {
            "max": 1,
            "min": 1,
            "value": 1
        },
        "vus_max": {
            "max": 1,
            "min": 1,
            "value": 1
        }
    },
    "root_group": {
        "name": "",
        "path": "",
        "id": "d41d8cd98f00b204e9800998ecf8427e",
        "groups": {},
        "checks": {
            "status is 200": {
                "name": "status is 200",
                "path": "::status is 200",
                "id": "6210a8cd14cd70477eba5c5e4cb3fb5f",
                "passes": 101,
                "fails": 0
            }
        }
    }
}
