{
    "metrics": {
        "checks": {
            "fails": 0,
            "passes": 3434,
            "value": 0
        },
        "data_received": {
            "count": 1934485,
            "rate": 2147.5083070760866
        },
        "data_sent": {
            "count": 1699538,
            "rate": 1886.6892083378666
        },
        "http_req_blocked": {
            "avg": 3.480945525917294,
            "max": 1491.030869,
            "med": 0.009355,
            "min": 0.00327,
            "p(90)": 0.011010000000000011,
            "p(95)": 0.01231605
        },
        "http_req_connecting": {
            "avg": 2.4753274877693654,
            "max": 1039.264122,
            "med": 0,
            "min": 0,
            "p(90)": 0,
            "p(95)": 0
        },
        "http_req_duration": {
            "avg": 258.39078502766466,
            "max": 10826.820002,
            "med": 130.84931949999998,
            "min": 56.791167,
            "p(90)": 457.06702780000086,
            "p(95)": 693.2209031999998
        },
        "http_req_receiving": {
            "avg": 0.1647089796156085,
            "max": 1.202725,
            "med": 0.1586525,
            "min": 0.071754,
            "p(90)": 0.1920077,
            "p(95)": 0.20531894999999997
        },
        "http_req_sending": {
            "avg": 0.07530968549796166,
            "max": 0.203184,
            "med": 0.071839,
            "min": 0.031146,
            "p(90)": 0.0870327,
            "p(95)": 0.09136014999999999
        },
        "http_req_tls_handshaking": {
            "avg": 0.994199678509027,
            "max": 1137.617866,
            "med": 0,
            "min": 0,
            "p(90)": 0,
            "p(95)": 0
        },
        "http_req_waiting": {
            "avg": 258.1507663625506,
            "max": 10826.421958,
            "med": 130.604754,
            "min": 56.537825,
            "p(90)": 456.8461265000009,
            "p(95)": 692.9129929999998
        },
        "http_reqs": {
            "count": 3434,
            "rate": 3.812148208179066
        },
        "iteration_duration": {
            "avg": 262.28859785614424,
            "max": 10850.105607,
            "med": 131.41436700000003,
            "min": 57.191439,
            "p(90)": 470.14193300000017,
            "p(95)": 712.3593031999995
        },
        "iterations": {
            "count": 3434,
            "rate": 3.812148208179066
        },
        "vus": {
            "max": 1,
            "min": 1,
            "value": 1
        },
        "vus_max": {
            "max": 1,
            "min": 1,
            "value": 1
        }
    },
    "root_group": {
        "name": "",
        "path": "",
        "id": "d41d8cd98f00b204e9800998ecf8427e",
        "groups": {},
        "checks": {
            "status is 200": {
                "name": "status is 200",
                "path": "::status is 200",
                "id": "6210a8cd14cd70477eba5c5e4cb3fb5f",
                "passes": 3434,
                "fails": 0
            }
        }
    }
}
