{
    "metrics": {
        "checks": {
            "fails": 0,
            "passes": 182,
            "value": 0
        },
        "data_received": {
            "count": 102721,
            "rate": 1705.7198631735937
        },
        "data_sent": {
            "count": 90101,
            "rate": 1496.1601366011232
        },
        "http_req_blocked": {
            "avg": 0.25315676373626367,
            "max": 23.180278,
            "med": 0.0061775,
            "min": 0.003562,
            "p(90)": 0.0089907,
            "p(95)": 0.010530849999999998
        },
        "http_req_connecting": {
            "avg": 0.05881743956043956,
            "max": 5.857968,
            "med": 0,
            "min": 0,
            "p(90)": 0,
            "p(95)": 0
        },
        "http_req_duration": {
            "avg": 330.1236013241759,
            "max": 9877.115785,
            "med": 137.2438805,
            "min": 59.041337,
            "p(90)": 714.5698520000002,
            "p(95)": 913.5478893499998
        },
        "http_req_receiving": {
            "avg": 0.13367152197802198,
            "max": 0.272571,
            "med": 0.127446,
            "min": 0.06437,
            "p(90)": 0.19503180000000003,
            "p(95)": 0.20366575
        },
        "http_req_sending": {
            "avg": 0.05389185714285713,
            "max": 0.388878,
            "med": 0.047237,
            "min": 0.024187,
            "p(90)": 0.0754443,
            "p(95)": 0.08765699999999998
        },
        "http_req_tls_handshaking": {
            "avg": 0.186244010989011,
            "max": 17.204908,
            "med": 0,
            "min": 0,
            "p(90)": 0,
            "p(95)": 0
        },
        "http_req_waiting": {
            "avg": 329.936037945055,
            "max": 9876.785261,
            "med": 137.0821325,
            "min": 58.843551,
            "p(90)": 714.2006360000003,
            "p(95)": 913.3123517999999
        },
        "http_reqs": {
            "count": 182,
            "rate": 3.022176722360511
        },
        "iteration_duration": {
            "avg": 330.68478999450554,
            "max": 9877.481953,
            "med": 137.608906,
            "min": 59.330891,
            "p(90)": 718.1629519000003,
            "p(95)": 913.8612233999997
        },
        "iterations": {
            "count": 182,
            "rate": 3.022176722360511
        },
        "vus": {
            "max": 1,
            "min": 1,
            "value": 1
        },
        "vus_max": {
            "max": 1,
            "min": 1,
            "value": 1
        }
    },
    "root_group": {
        "name": "",
        "path": "",
        "id": "d41d8cd98f00b204e9800998ecf8427e",
        "groups": {},
        "checks": {
            "status is 200": {
                "name": "status is 200",
                "path": "::status is 200",
                "id": "6210a8cd14cd70477eba5c5e4cb3fb5f",
                "passes": 182,
                "fails": 0
            }
        }
    }
}
