{
    "metrics": {
        "checks": {
            "fails": 0,
            "passes": 2195,
            "value": 0
        },
        "data_received": {
            "count": 1236031,
            "rate": 1373.1951523028938
        },
        "data_sent": {
            "count": 1086184,
            "rate": 1206.7194134362053
        },
        "http_req_blocked": {
            "avg": 1.5803577457858775,
            "max": 1057.483709,
            "med": 0.007447,
            "min": 0.003491,
            "p(90)": 0.01012,
            "p(95)": 0.01279239999999999
        },
        "http_req_connecting": {
            "avg": 0.5428506054669702,
            "max": 1020.115374,
            "med": 0,
            "min": 0,
            "p(90)": 0,
            "p(95)": 0
        },
        "http_req_duration": {
            "avg": 408.09123157448727,
            "max": 15349.07455,
            "med": 254.452533,
            "min": 59.913749,
            "p(90)": 826.0813736000002,
            "p(95)": 1110.2784562999987
        },
        "http_req_receiving": {
            "avg": 0.15303988473804095,
            "max": 0.419157,
            "med": 0.149134,
            "min": 0.059577,
            "p(90)": 0.20442720000000003,
            "p(95)": 0.22500729999999997
        },
        "http_req_sending": {
            "avg": 0.06036164920273359,
            "max": 0.268871,
            "med": 0.057658,
            "min": 0.024323,
            "p(90)": 0.08357360000000004,
            "p(95)": 0.09410199999999995
        },
        "http_req_tls_handshaking": {
            "avg": 1.0279257211845103,
            "max": 457.731514,
            "med": 0,
            "min": 0,
            "p(90)": 0,
            "p(95)": 0
        },
        "http_req_waiting": {
            "avg": 407.8778300405473,
            "max": 15348.633689,
            "med": 254.265376,
            "min": 59.721884,
            "p(90)": 825.8330062000001,
            "p(95)": 1110.0592453999986
        },
        "http_reqs": {
            "count": 2195,
            "rate": 2.43858233272859
        },
        "iteration_duration": {
            "avg": 410.0407387995441,
            "max": 15372.567827,
            "med": 255.872859,
            "min": 60.257752,
            "p(90)": 831.2006292000001,
            "p(95)": 1114.2049581
        },
        "iterations": {
            "count": 2195,
            "rate": 2.43858233272859
        },
        "vus": {
            "max": 1,
            "min": 1,
            "value": 1
        },
        "vus_max": {
            "max": 1,
            "min": 1,
            "value": 1
        }
    },
    "root_group": {
        "name": "",
        "path": "",
        "id": "d41d8cd98f00b204e9800998ecf8427e",
        "groups": {},
        "checks": {
            "status is 200": {
                "name": "status is 200",
                "path": "::status is 200",
                "id": "6210a8cd14cd70477eba5c5e4cb3fb5f",
                "passes": 2195,
                "fails": 0
            }
        }
    }
}
