{
    "metrics": {
        "checks": {
            "fails": 0,
            "passes": 19,
            "value": 0
        },
        "data_received": {
            "count": 11763,
            "rate": 176.39001970358362
        },
        "data_sent": {
            "count": 9683,
            "rate": 145.19974162966932
        },
        "http_req_blocked": {
            "avg": 1.3147533684210524,
            "max": 24.898834,
            "med": 0.004442,
            "min": 0.003745,
            "p(90)": 0.0055578,
            "p(95)": 2.494960299999947
        },
        "http_req_connecting": {
            "avg": 0.4520959473684211,
            "max": 8.589823,
            "med": 0,
            "min": 0,
            "p(90)": 0,
            "p(95)": 0.8589822999999818
        },
        "http_req_duration": {
            "avg": 3505.9132924736846,
            "max": 27922.249912,
            "med": 181.111945,
            "min": 72.038137,
            "p(90)": 16575.569399399996,
            "p(95)": 21211.392972099984
        },
        "http_req_receiving": {
            "avg": 0.08811036842105262,
            "max": 0.113951,
            "med": 0.084689,
            "min": 0.068682,
            "p(90)": 0.1037598,
            "p(95)": 0.11172619999999998
        },
        "http_req_sending": {
            "avg": 0.036068684210526315,
            "max": 0.11554,
            "med": 0.031309,
            "min": 0.025191,
            "p(90)": 0.0367672,
            "p(95)": 0.04644519999999983
        },
        "http_req_tls_handshaking": {
            "avg": 0.8527670526315788,
            "max": 16.202574,
            "med": 0,
            "min": 0,
            "p(90)": 0,
            "p(95)": 1.6202573999999652
        },
        "http_req_waiting": {
            "avg": 3505.7891134210527,
            "max": 27922.147375,
            "med": 180.985917,
            "min": 71.893825,
            "p(90)": 16575.361744399997,
            "p(95)": 21211.265539299984
        },
        "http_reqs": {
            "count": 19,
            "rate": 0.2849111939444095
        },
        "iteration_duration": {
            "avg": 3507.433175052631,
            "max": 27922.479243,
            "med": 181.316073,
            "min": 72.224852,
            "p(90)": 16595.771753599995,
            "p(95)": 21211.59414749998
        },
        "iterations": {
            "count": 19,
            "rate": 0.2849111939444095
        },
        "vus": {
            "max": 1,
            "min": 1,
            "value": 1
        },
        "vus_max": {
            "max": 1,
            "min": 1,
            "value": 1
        }
    },
    "root_group": {
        "name": "",
        "path": "",
        "id": "d41d8cd98f00b204e9800998ecf8427e",
        "groups": {},
        "checks": {
            "status is 200": {
                "name": "status is 200",
                "path": "::status is 200",
                "id": "6210a8cd14cd70477eba5c5e4cb3fb5f",
                "passes": 19,
                "fails": 0
            }
        }
    }
}
