{
    "metrics": {
        "checks": {
            "fails": 0,
            "passes": 147,
            "value": 0
        },
        "data_received": {
            "count": 83471,
            "rate": 1278.098138433889
        },
        "data_sent": {
            "count": 72916,
            "rate": 1116.481219370146
        },
        "http_req_blocked": {
            "avg": 11.795751612244898,
            "max": 1489.977787,
            "med": 0.004629,
            "min": 0.002972,
            "p(90)": 0.008562000000000002,
            "p(95)": 0.011333399999999999
        },
        "http_req_connecting": {
            "avg": 7.026267863945577,
            "max": 1024.190459,
            "med": 0,
            "min": 0,
            "p(90)": 0,
            "p(95)": 0
        },
        "http_req_duration": {
            "avg": 431.9961100816324,
            "max": 8132.20525,
            "med": 124.700371,
            "min": 64.332104,
            "p(90)": 401.13523220000025,
            "p(95)": 634.5171359999997
        },
        "http_req_receiving": {
            "avg": 0.10106165306122453,
            "max": 0.295296,
            "med": 0.093265,
            "min": 0.063787,
            "p(90)": 0.127794,
            "p(95)": 0.16147319999999996
        },
        "http_req_sending": {
            "avg": 0.038737482993197264,
            "max": 0.150922,
            "med": 0.032998,
            "min": 0.024227,
            "p(90)": 0.050414800000000023,
            "p(95)": 0.07593079999999995
        },
        "http_req_tls_handshaking": {
            "avg": 4.762440224489796,
            "max": 465.635167,
            "med": 0,
            "min": 0,
            "p(90)": 0,
            "p(95)": 0
        },
        "http_req_waiting": {
            "avg": 431.8563109455782,
            "max": 8132.100998,
            "med": 124.539132,
            "min": 64.105927,
            "p(90)": 401.01571140000027,
            "p(95)": 634.3848194999997
        },
        "http_reqs": {
            "count": 147,
            "rate": 2.250846717420202
        },
        "iteration_duration": {
            "avg": 444.02887519727886,
            "max": 8854.058779,
            "med": 125.332525,
            "min": 64.570539,
            "p(90)": 401.3554538000002,
            "p(95)": 634.7287442999998
        },
        "iterations": {
            "count": 147,
            "rate": 2.250846717420202
        },
        "vus": {
            "max": 1,
            "min": 1,
            "value": 1
        },
        "vus_max": {
            "max": 1,
            "min": 1,
            "value": 1
        }
    },
    "root_group": {
        "name": "",
        "path": "",
        "id": "d41d8cd98f00b204e9800998ecf8427e",
        "groups": {},
        "checks": {
            "status is 200": {
                "name": "status is 200",
                "path": "::status is 200",
                "id": "6210a8cd14cd70477eba5c5e4cb3fb5f",
                "passes": 147,
                "fails": 0
            }
        }
    }
}
