{
    "metrics": {
        "checks": {
            "fails": 0,
            "passes": 176,
            "value": 0
        },
        "data_received": {
            "count": 99421,
            "rate": 1554.8432112911382
        },
        "data_sent": {
            "count": 87155,
            "rate": 1363.0154603160213
        },
        "http_req_blocked": {
            "avg": 0.24815134659090912,
            "max": 22.183766,
            "med": 0.0043535,
            "min": 0.003202,
            "p(90)": 0.006172,
            "p(95)": 0.00686225
        },
        "http_req_connecting": {
            "avg": 0.08614843181818183,
            "max": 8.257635,
            "med": 0,
            "min": 0,
            "p(90)": 0,
            "p(95)": 0
        },
        "http_req_duration": {
            "avg": 362.6650806363637,
            "max": 7836.856206,
            "med": 106.00079550000001,
            "min": 58.24807,
            "p(90)": 262.697605,
            "p(95)": 433.68136975000004
        },
        "http_req_receiving": {
            "avg": 0.09020779545454546,
            "max": 0.20467,
            "med": 0.08690149999999999,
            "min": 0.063159,
            "p(90)": 0.1083895,
            "p(95)": 0.1198125
        },
        "http_req_sending": {
            "avg": 0.03403430681818182,
            "max": 0.114888,
            "med": 0.031692,
            "min": 0.022935,
            "p(90)": 0.0414175,
            "p(95)": 0.04746
        },
        "http_req_tls_handshaking": {
            "avg": 0.15631273863636364,
            "max": 15.189426,
            "med": 0,
            "min": 0,
            "p(90)": 0,
            "p(95)": 0
        },
        "http_req_waiting": {
            "avg": 362.5408385340904,
            "max": 7836.74383,
            "med": 105.8699745,
            "min": 58.131328,
            "p(90)": 262.5819625,
            "p(95)": 433.5474225
        },
        "http_reqs": {
            "count": 176,
            "rate": 2.752460799903847
        },
        "iteration_duration": {
            "avg": 363.11999696022735,
            "max": 7837.036409,
            "med": 106.2318315,
            "min": 58.469373,
            "p(90)": 262.976653,
            "p(95)": 433.8732255
        },
        "iterations": {
            "count": 176,
            "rate": 2.752460799903847
        },
        "vus": {
            "max": 1,
            "min": 1,
            "value": 1
        },
        "vus_max": {
            "max": 1,
            "min": 1,
            "value": 1
        }
    },
    "root_group": {
        "name": "",
        "path": "",
        "id": "d41d8cd98f00b204e9800998ecf8427e",
        "groups": {},
        "checks": {
            "status is 200": {
                "name": "status is 200",
                "path": "::status is 200",
                "id": "6210a8cd14cd70477eba5c5e4cb3fb5f",
                "passes": 176,
                "fails": 0
            }
        }
    }
}
