{
    "metrics": {
        "checks": {
            "fails": 0,
            "passes": 1232,
            "value": 0
        },
        "data_received": {
            "count": 694609,
            "rate": 2314.798113568796
        },
        "data_sent": {
            "count": 609886,
            "rate": 2032.4570546768307
        },
        "http_req_blocked": {
            "avg": 2.465357645292207,
            "max": 1257.407361,
            "med": 0.003945499999999999,
            "min": 0.002342,
            "p(90)": 0.005045300000000001,
            "p(95)": 0.005538200000000001
        },
        "http_req_connecting": {
            "avg": 1.7125954780844157,
            "max": 1015.849049,
            "med": 0,
            "min": 0,
            "p(90)": 0,
            "p(95)": 0
        },
        "http_req_duration": {
            "avg": 240.87174144318186,
            "max": 15625.129685,
            "med": 112.345031,
            "min": 51.837398,
            "p(90)": 343.23760150000004,
            "p(95)": 522.0127261
        },
        "http_req_receiving": {
            "avg": 0.08581114366883111,
            "max": 0.210999,
            "med": 0.0845505,
            "min": 0.050545,
            "p(90)": 0.10098140000000001,
            "p(95)": 0.11055605
        },
        "http_req_sending": {
            "avg": 0.03213368100649355,
            "max": 0.147213,
            "med": 0.029528,
            "min": 0.015513,
            "p(90)": 0.040562100000000004,
            "p(95)": 0.044654150000000004
        },
        "http_req_tls_handshaking": {
            "avg": 0.7474908636363637,
            "max": 245.137105,
            "med": 0,
            "min": 0,
            "p(90)": 0,
            "p(95)": 0
        },
        "http_req_waiting": {
            "avg": 240.75379661850636,
            "max": 15624.991501,
            "med": 112.2312925,
            "min": 51.648393,
            "p(90)": 343.1062314,
            "p(95)": 521.91779315
        },
        "http_reqs": {
            "count": 1232,
            "rate": 4.1056641591409795
        },
        "iteration_duration": {
            "avg": 243.5330533952922,
            "max": 15625.37264,
            "med": 112.723975,
            "min": 52.033755,
            "p(90)": 346.3981545000001,
            "p(95)": 526.07826275
        },
        "iterations": {
            "count": 1232,
            "rate": 4.1056641591409795
        },
        "vus": {
            "max": 1,
            "min": 1,
            "value": 1
        },
        "vus_max": {
            "max": 1,
            "min": 1,
            "value": 1
        }
    },
    "root_group": {
        "name": "",
        "path": "",
        "id": "d41d8cd98f00b204e9800998ecf8427e",
        "groups": {},
        "checks": {
            "status is 200": {
                "name": "status is 200",
                "path": "::status is 200",
                "id": "6210a8cd14cd70477eba5c5e4cb3fb5f",
                "passes": 1232,
                "fails": 0
            }
        }
    }
}
