{
    "metrics": {
        "checks": {
            "fails": 0,
            "passes": 81,
            "value": 0
        },
        "data_received": {
            "count": 45863,
            "rate": 758.7290411437448
        },
        "data_sent": {
            "count": 40125,
            "rate": 663.8031261778069
        },
        "http_req_blocked": {
            "avg": 0.25497323456790144,
            "max": 20.285095,
            "med": 0.004014,
            "min": 0.003239,
            "p(90)": 0.005338,
            "p(95)": 0.008469
        },
        "http_req_connecting": {
            "avg": 0.056948851851851855,
            "max": 4.612857,
            "med": 0,
            "min": 0,
            "p(90)": 0,
            "p(95)": 0
        },
        "http_req_duration": {
            "avg": 745.3738285308639,
            "max": 15631.791657,
            "med": 114.124592,
            "min": 61.866849,
            "p(90)": 349.012602,
            "p(95)": 6081.412105
        },
        "http_req_receiving": {
            "avg": 0.09046264197530865,
            "max": 0.19133,
            "med": 0.084361,
            "min": 0.058152,
            "p(90)": 0.120415,
            "p(95)": 0.143197
        },
        "http_req_sending": {
            "avg": 0.03263183950617284,
            "max": 0.103162,
            "med": 0.029796,
            "min": 0.023168,
            "p(90)": 0.03858,
            "p(95)": 0.041675
        },
        "http_req_tls_handshaking": {
            "avg": 0.18675145679012345,
            "max": 15.126868,
            "med": 0,
            "min": 0,
            "p(90)": 0,
            "p(95)": 0
        },
        "http_req_waiting": {
            "avg": 745.2507340493826,
            "max": 15631.68817,
            "med": 114.011649,
            "min": 61.76896,
            "p(90)": 348.894451,
            "p(95)": 6081.188733
        },
        "http_reqs": {
            "count": 81,
            "rate": 1.3400137874243578
        },
        "iteration_duration": {
            "avg": 745.8535111975308,
            "max": 15631.97412,
            "med": 114.29782,
            "min": 62.041665,
            "p(90)": 349.221007,
            "p(95)": 6103.673322
        },
        "iterations": {
            "count": 81,
            "rate": 1.3400137874243578
        },
        "vus": {
            "max": 1,
            "min": 1,
            "value": 1
        },
        "vus_max": {
            "max": 1,
            "min": 1,
            "value": 1
        }
    },
    "root_group": {
        "name": "",
        "path": "",
        "id": "d41d8cd98f00b204e9800998ecf8427e",
        "groups": {},
        "checks": {
            "status is 200": {
                "name": "status is 200",
                "path": "::status is 200",
                "id": "6210a8cd14cd70477eba5c5e4cb3fb5f",
                "passes": 81,
                "fails": 0
            }
        }
    }
}
