{
    "metrics": {
        "checks": {
            "fails": 0,
            "passes": 3539,
            "value": 0
        },
        "data_received": {
            "count": 1993543,
            "rate": 2214.343028980858
        },
        "data_sent": {
            "count": 1751478,
            "rate": 1945.4674916534707
        },
        "http_req_blocked": {
            "avg": 1.576094254591689,
            "max": 1464.19952,
            "med": 0.00419,
            "min": 0.002519,
            "p(90)": 0.005477600000000001,
            "p(95)": 0.006441799999999999
        },
        "http_req_connecting": {
            "avg": 0.6688711277196948,
            "max": 1037.704158,
            "med": 0,
            "min": 0,
            "p(90)": 0,
            "p(95)": 0
        },
        "http_req_duration": {
            "avg": 252.5945414408021,
            "max": 11291.821582,
            "med": 134.470616,
            "min": 47.06334,
            "p(90)": 519.5548476000002,
            "p(95)": 693.1813834
        },
        "http_req_receiving": {
            "avg": 0.0881429502684374,
            "max": 0.219697,
            "med": 0.086454,
            "min": 0.052497,
            "p(90)": 0.10502620000000001,
            "p(95)": 0.1134337
        },
        "http_req_sending": {
            "avg": 0.033302092964114204,
            "max": 0.143799,
            "med": 0.03069,
            "min": 0.016335,
            "p(90)": 0.041965600000000006,
            "p(95)": 0.04591689999999999
        },
        "http_req_tls_handshaking": {
            "avg": 0.9017213614015261,
            "max": 466.426803,
            "med": 0,
            "min": 0,
            "p(90)": 0,
            "p(95)": 0
        },
        "http_req_waiting": {
            "avg": 252.47309639757083,
            "max": 11291.702912,
            "med": 134.361526,
            "min": 46.977046,
            "p(90)": 519.4437906000003,
            "p(95)": 693.0730656999999
        },
        "http_reqs": {
            "count": 3539,
            "rate": 3.930971130075075
        },
        "iteration_duration": {
            "avg": 254.37100736140144,
            "max": 11292.011193,
            "med": 135.067982,
            "min": 47.243205,
            "p(90)": 522.4833410000001,
            "p(95)": 696.3700584999997
        },
        "iterations": {
            "count": 3539,
            "rate": 3.930971130075075
        },
        "vus": {
            "max": 1,
            "min": 1,
            "value": 1
        },
        "vus_max": {
            "max": 1,
            "min": 1,
            "value": 1
        }
    },
    "root_group": {
        "name": "",
        "path": "",
        "id": "d41d8cd98f00b204e9800998ecf8427e",
        "groups": {},
        "checks": {
            "status is 200": {
                "name": "status is 200",
                "path": "::status is 200",
                "id": "6210a8cd14cd70477eba5c5e4cb3fb5f",
                "passes": 3539,
                "fails": 0
            }
        }
    }
}
