{
    "metrics": {
        "checks": {
            "fails": 1,
            "passes": 687,
            "value": 0
        },
        "data_received": {
            "count": 387551,
            "rate": 430.5174056088711
        },
        "data_sent": {
            "count": 359048,
            "rate": 398.8543790341244
        },
        "http_req_blocked": {
            "avg": 2.076387999999999,
            "max": 1042.60168,
            "med": 0.0080565,
            "min": 0.00356,
            "p(90)": 0.009420099999999999,
            "p(95)": 0.0109145
        },
        "http_req_connecting": {
            "avg": 1.5581025886627906,
            "max": 1021.191664,
            "med": 0,
            "min": 0,
            "p(90)": 0,
            "p(95)": 0
        },
        "http_req_duration": {
            "avg": 1305.897252614827,
            "max": 21599.922635,
            "med": 1195.141362,
            "min": 1130.912873,
            "p(90)": 1395.5734177000002,
            "p(95)": 1474.2005537999999
        },
        "http_req_receiving": {
            "avg": 0.14214107703488363,
            "max": 0.252199,
            "med": 0.13841900000000001,
            "min": 0.055166,
            "p(90)": 0.1733435,
            "p(95)": 0.18995789999999999
        },
        "http_req_sending": {
            "avg": 0.060425386627906974,
            "max": 0.161034,
            "med": 0.0591155,
            "min": 0.023441,
            "p(90)": 0.0713361,
            "p(95)": 0.07801394999999998
        },
        "http_req_tls_handshaking": {
            "avg": 0.5087877790697675,
            "max": 229.73806,
            "med": 0,
            "min": 0,
            "p(90)": 0,
            "p(95)": 0
        },
        "http_req_waiting": {
            "avg": 1305.6946861511651,
            "max": 21599.638719,
            "med": 1194.9334199999998,
            "min": 1130.629625,
            "p(90)": 1395.3658719,
            "p(95)": 1473.9436333999997
        },
        "http_reqs": {
            "count": 688,
            "rate": 0.7642761212302466
        },
        "iteration_duration": {
            "avg": 1308.3408832732566,
            "max": 21600.3629,
            "med": 1195.7809160000002,
            "min": 1131.296519,
            "p(90)": 1396.3661193,
            "p(95)": 1474.6719395999999
        },
        "iterations": {
            "count": 688,
            "rate": 0.7642761212302466
        },
        "vus": {
            "max": 1,
            "min": 1,
            "value": 1
        },
        "vus_max": {
            "max": 1,
            "min": 1,
            "value": 1
        }
    },
    "root_group": {
        "name": "",
        "path": "",
        "id": "d41d8cd98f00b204e9800998ecf8427e",
        "groups": {},
        "checks": {
            "status is 200": {
                "name": "status is 200",
                "path": "::status is 200",
                "id": "6210a8cd14cd70477eba5c5e4cb3fb5f",
                "passes": 687,
                "fails": 1
            }
        }
    }
}
