{
    "metrics": {
        "checks": {
            "fails": 0,
            "passes": 1359,
            "value": 0
        },
        "data_received": {
            "count": 765767,
            "rate": 425.184470836015
        },
        "data_sent": {
            "count": 709321,
            "rate": 393.84339366657616
        },
        "http_req_blocked": {
            "avg": 2.884761643119942,
            "max": 3291.247132,
            "med": 0.007152,
            "min": 0.003449,
            "p(90)": 0.0101606,
            "p(95)": 0.011344099999999996
        },
        "http_req_connecting": {
            "avg": 2.3237129345106697,
            "max": 3035.314888,
            "med": 0,
            "min": 0,
            "p(90)": 0,
            "p(95)": 0
        },
        "http_req_duration": {
            "avg": 1321.966513603383,
            "max": 11041.481522,
            "med": 1218.891749,
            "min": 1132.618751,
            "p(90)": 1511.69841,
            "p(95)": 1650.0919660999996
        },
        "http_req_receiving": {
            "avg": 0.14848372479764524,
            "max": 0.464079,
            "med": 0.147771,
            "min": 0.063454,
            "p(90)": 0.2005856,
            "p(95)": 0.2161978
        },
        "http_req_sending": {
            "avg": 0.05803500367917591,
            "max": 0.245058,
            "med": 0.056723,
            "min": 0.023741,
            "p(90)": 0.0823948,
            "p(95)": 0.093956
        },
        "http_req_tls_handshaking": {
            "avg": 0.551902540838852,
            "max": 255.782949,
            "med": 0,
            "min": 0,
            "p(90)": 0,
            "p(95)": 0
        },
        "http_req_waiting": {
            "avg": 1321.7599948749078,
            "max": 11041.327657,
            "med": 1218.711682,
            "min": 1132.437427,
            "p(90)": 1511.4884736000001,
            "p(95)": 1649.9053913999996
        },
        "http_reqs": {
            "count": 1359,
            "rate": 0.7545711631163845
        },
        "iteration_duration": {
            "avg": 1325.2104206070658,
            "max": 11041.779379,
            "med": 1219.939589,
            "min": 1133.002909,
            "p(90)": 1512.0282240000001,
            "p(95)": 1650.3999105999997
        },
        "iterations": {
            "count": 1359,
            "rate": 0.7545711631163845
        },
        "vus": {
            "max": 1,
            "min": 0,
            "value": 0
        },
        "vus_max": {
            "max": 1,
            "min": 1,
            "value": 1
        }
    },
    "root_group": {
        "name": "",
        "path": "",
        "id": "d41d8cd98f00b204e9800998ecf8427e",
        "groups": {},
        "checks": {
            "status is 200": {
                "name": "status is 200",
                "path": "::status is 200",
                "id": "6210a8cd14cd70477eba5c5e4cb3fb5f",
                "passes": 1359,
                "fails": 0
            }
        }
    }
}
