{
    "metrics": {
        "checks": {
            "fails": 0,
            "passes": 214,
            "value": 0
        },
        "data_received": {
            "count": 121629,
            "rate": 403.8519307129834
        },
        "data_sent": {
            "count": 111976,
            "rate": 371.8005064048626
        },
        "http_req_blocked": {
            "avg": 0.357064476635514,
            "max": 34.466565,
            "med": 0.0077145,
            "min": 0.003672,
            "p(90)": 0.009155400000000005,
            "p(95)": 0.010392899999999998
        },
        "http_req_connecting": {
            "avg": 0.1397516401869159,
            "max": 15.212787,
            "med": 0,
            "min": 0,
            "p(90)": 0,
            "p(95)": 0
        },
        "http_req_duration": {
            "avg": 1406.4523815233645,
            "max": 11099.303813,
            "med": 1213.3469369999998,
            "min": 1134.509861,
            "p(90)": 1532.3378001000012,
            "p(95)": 1657.7267026499999
        },
        "http_req_receiving": {
            "avg": 0.13578886448598132,
            "max": 0.239126,
            "med": 0.135484,
            "min": 0.065794,
            "p(90)": 0.16358370000000003,
            "p(95)": 0.17502394999999998
        },
        "http_req_sending": {
            "avg": 0.06019112616822428,
            "max": 0.21636,
            "med": 0.057977,
            "min": 0.023431,
            "p(90)": 0.0699559,
            "p(95)": 0.08358989999999998
        },
        "http_req_tls_handshaking": {
            "avg": 0.20765997196261682,
            "max": 19.113224,
            "med": 0,
            "min": 0,
            "p(90)": 0,
            "p(95)": 0
        },
        "http_req_waiting": {
            "avg": 1406.256401532711,
            "max": 11099.098549,
            "med": 1213.1334245,
            "min": 1134.326407,
            "p(90)": 1532.1390992000013,
            "p(95)": 1657.5358563999998
        },
        "http_reqs": {
            "count": 214,
            "rate": 0.7105568011952614
        },
        "iteration_duration": {
            "avg": 1407.1701447149533,
            "max": 11099.729536,
            "med": 1213.6905984999999,
            "min": 1134.884586,
            "p(90)": 1532.713287400001,
            "p(95)": 1658.0914811999999
        },
        "iterations": {
            "count": 214,
            "rate": 0.7105568011952614
        },
        "vus": {
            "max": 1,
            "min": 1,
            "value": 1
        },
        "vus_max": {
            "max": 1,
            "min": 1,
            "value": 1
        }
    },
    "root_group": {
        "name": "",
        "path": "",
        "id": "d41d8cd98f00b204e9800998ecf8427e",
        "groups": {},
        "checks": {
            "status is 200": {
                "name": "status is 200",
                "path": "::status is 200",
                "id": "6210a8cd14cd70477eba5c5e4cb3fb5f",
                "passes": 214,
                "fails": 0
            }
        }
    }
}
