{
    "metrics": {
        "checks": {
            "fails": 0,
            "passes": 78,
            "value": 0
        },
        "data_received": {
            "count": 44213,
            "rate": 701.250873923949
        },
        "data_sent": {
            "count": 38652,
            "rate": 613.0493017643787
        },
        "http_req_blocked": {
            "avg": 0.6281625,
            "max": 48.679247,
            "med": 0.0039375,
            "min": 0.002503,
            "p(90)": 0.0048073000000000005,
            "p(95)": 0.005365549999999998
        },
        "http_req_connecting": {
            "avg": 0.13497875641025642,
            "max": 10.528343,
            "med": 0,
            "min": 0,
            "p(90)": 0,
            "p(95)": 0
        },
        "http_req_duration": {
            "avg": 807.107077051282,
            "max": 13931.534449,
            "med": 124.240429,
            "min": 64.458271,
            "p(90)": 453.0398795999998,
            "p(95)": 7588.832239599998
        },
        "http_req_receiving": {
            "avg": 0.08865452564102563,
            "max": 0.135037,
            "med": 0.0872695,
            "min": 0.052363,
            "p(90)": 0.10336429999999999,
            "p(95)": 0.11286259999999997
        },
        "http_req_sending": {
            "avg": 0.036899666666666664,
            "max": 0.142101,
            "med": 0.037695,
            "min": 0.015385,
            "p(90)": 0.0487233,
            "p(95)": 0.05390124999999998
        },
        "http_req_tls_handshaking": {
            "avg": 0.48126582051282046,
            "max": 37.538734,
            "med": 0,
            "min": 0,
            "p(90)": 0,
            "p(95)": 0
        },
        "http_req_waiting": {
            "avg": 806.9815228589745,
            "max": 13931.271468,
            "med": 124.1286935,
            "min": 64.325148,
            "p(90)": 452.9077259999998,
            "p(95)": 7588.723098399997
        },
        "http_reqs": {
            "count": 78,
            "rate": 1.2371376781957348
        },
        "iteration_duration": {
            "avg": 807.9490717051285,
            "max": 13981.641905,
            "med": 124.427886,
            "min": 64.67319,
            "p(90)": 453.2162593999998,
            "p(95)": 7589.030545649997
        },
        "iterations": {
            "count": 78,
            "rate": 1.2371376781957348
        },
        "vus": {
            "max": 1,
            "min": 1,
            "value": 1
        },
        "vus_max": {
            "max": 1,
            "min": 1,
            "value": 1
        }
    },
    "root_group": {
        "name": "",
        "path": "",
        "id": "d41d8cd98f00b204e9800998ecf8427e",
        "groups": {},
        "checks": {
            "status is 200": {
                "name": "status is 200",
                "path": "::status is 200",
                "id": "6210a8cd14cd70477eba5c5e4cb3fb5f",
                "passes": 78,
                "fails": 0
            }
        }
    }
}
