{
    "metrics": {
        "checks": {
            "fails": 0,
            "passes": 30,
            "value": 0
        },
        "data_received": {
            "count": 17813,
            "rate": 295.6446727155459
        },
        "data_sent": {
            "count": 15084,
            "rate": 250.35110555444302
        },
        "http_req_blocked": {
            "avg": 1.4520384999999998,
            "max": 43.425617,
            "med": 0.0046005,
            "min": 0.003596,
            "p(90)": 0.0055106,
            "p(95)": 0.006033949999999999
        },
        "http_req_connecting": {
            "avg": 0.4176284333333333,
            "max": 12.528853,
            "med": 0,
            "min": 0,
            "p(90)": 0,
            "p(95)": 0
        },
        "http_req_duration": {
            "avg": 2005.6885487666666,
            "max": 32837.051408,
            "med": 252.2080135,
            "min": 75.027051,
            "p(90)": 1997.702035100011,
            "p(95)": 9510.239967149997
        },
        "http_req_receiving": {
            "avg": 0.09221993333333335,
            "max": 0.126893,
            "med": 0.08843100000000001,
            "min": 0.069769,
            "p(90)": 0.1167742,
            "p(95)": 0.12017805
        },
        "http_req_sending": {
            "avg": 0.03628213333333333,
            "max": 0.07871,
            "med": 0.032367,
            "min": 0.027243,
            "p(90)": 0.04429410000000001,
            "p(95)": 0.05421699999999998
        },
        "http_req_tls_handshaking": {
            "avg": 1.0249997,
            "max": 30.749991,
            "med": 0,
            "min": 0,
            "p(90)": 0,
            "p(95)": 0
        },
        "http_req_waiting": {
            "avg": 2005.5600467000008,
            "max": 32836.852461,
            "med": 252.0707515,
            "min": 74.910256,
            "p(90)": 1997.5855762000112,
            "p(95)": 9510.113102099996
        },
        "http_reqs": {
            "count": 30,
            "rate": 0.49791389330637037
        },
        "iteration_duration": {
            "avg": 2007.3667596666667,
            "max": 32880.827525,
            "med": 252.438134,
            "min": 75.218309,
            "p(90)": 1997.924233700011,
            "p(95)": 9510.442374649998
        },
        "iterations": {
            "count": 30,
            "rate": 0.49791389330637037
        },
        "vus": {
            "max": 1,
            "min": 1,
            "value": 1
        },
        "vus_max": {
            "max": 1,
            "min": 1,
            "value": 1
        }
    },
    "root_group": {
        "name": "",
        "path": "",
        "id": "d41d8cd98f00b204e9800998ecf8427e",
        "groups": {},
        "checks": {
            "status is 200": {
                "name": "status is 200",
                "path": "::status is 200",
                "id": "6210a8cd14cd70477eba5c5e4cb3fb5f",
                "passes": 30,
                "fails": 0
            }
        }
    }
}
