{
    "metrics": {
        "checks": {
            "fails": 0,
            "passes": 31,
            "value": 0
        },
        "data_received": {
            "count": 18363,
            "rate": 304.58314122197055
        },
        "data_sent": {
            "count": 16412,
            "rate": 272.2223228086359
        },
        "http_req_blocked": {
            "avg": 1.1235595806451613,
            "max": 34.660277,
            "med": 0.005272,
            "min": 0.003622,
            "p(90)": 0.007615,
            "p(95)": 0.010622
        },
        "http_req_connecting": {
            "avg": 0.24727351612903228,
            "max": 7.665479,
            "med": 0,
            "min": 0,
            "p(90)": 0,
            "p(95)": 0
        },
        "http_req_duration": {
            "avg": 1942.3196899999998,
            "max": 15731.152141,
            "med": 1214.910073,
            "min": 1150.475378,
            "p(90)": 1854.259313,
            "p(95)": 4251.358383499999
        },
        "http_req_receiving": {
            "avg": 0.10283687096774194,
            "max": 0.182119,
            "med": 0.091292,
            "min": 0.056428,
            "p(90)": 0.148556,
            "p(95)": 0.1681495
        },
        "http_req_sending": {
            "avg": 0.04396948387096774,
            "max": 0.134736,
            "med": 0.040062,
            "min": 0.025395,
            "p(90)": 0.059473,
            "p(95)": 0.068665
        },
        "http_req_tls_handshaking": {
            "avg": 0.8660108064516129,
            "max": 26.846335,
            "med": 0,
            "min": 0,
            "p(90)": 0,
            "p(95)": 0
        },
        "http_req_waiting": {
            "avg": 1942.172883645161,
            "max": 15730.895028,
            "med": 1214.689666,
            "min": 1150.352005,
            "p(90)": 1854.172406,
            "p(95)": 4251.17822
        },
        "http_reqs": {
            "count": 31,
            "rate": 0.5141903489561122
        },
        "iteration_duration": {
            "avg": 1943.6903109677428,
            "max": 15766.196385,
            "med": 1215.304015,
            "min": 1150.722882,
            "p(90)": 1854.444534,
            "p(95)": 4251.668181999999
        },
        "iterations": {
            "count": 31,
            "rate": 0.5141903489561122
        },
        "vus": {
            "max": 1,
            "min": 1,
            "value": 1
        },
        "vus_max": {
            "max": 1,
            "min": 1,
            "value": 1
        }
    },
    "root_group": {
        "name": "",
        "path": "",
        "id": "d41d8cd98f00b204e9800998ecf8427e",
        "groups": {},
        "checks": {
            "status is 200": {
                "name": "status is 200",
                "path": "::status is 200",
                "id": "6210a8cd14cd70477eba5c5e4cb3fb5f",
                "passes": 31,
                "fails": 0
            }
        }
    }
}
