{
    "metrics": {
        "checks": {
            "fails": 0,
            "passes": 77,
            "value": 0
        },
        "data_received": {
            "count": 43663,
            "rate": 722.450073995101
        },
        "data_sent": {
            "count": 38161,
            "rate": 631.4137203977521
        },
        "http_req_blocked": {
            "avg": 0.4816512207792205,
            "max": 36.7211,
            "med": 0.004341,
            "min": 0.003276,
            "p(90)": 0.005654200000000001,
            "p(95)": 0.006843400000000002
        },
        "http_req_connecting": {
            "avg": 0.15362437662337664,
            "max": 11.829077,
            "med": 0,
            "min": 0,
            "p(90)": 0,
            "p(95)": 0
        },
        "http_req_duration": {
            "avg": 783.8208852987011,
            "max": 13358.59702,
            "med": 202.195054,
            "min": 70.464289,
            "p(90)": 963.7972894000031,
            "p(95)": 1825.3079184000026
        },
        "http_req_receiving": {
            "avg": 0.08518993506493505,
            "max": 0.213182,
            "med": 0.080858,
            "min": 0.057823,
            "p(90)": 0.0986144,
            "p(95)": 0.10905080000000003
        },
        "http_req_sending": {
            "avg": 0.033673324675324676,
            "max": 0.134228,
            "med": 0.030575,
            "min": 0.023403,
            "p(90)": 0.042019600000000004,
            "p(95)": 0.0440758
        },
        "http_req_tls_handshaking": {
            "avg": 0.3218273376623377,
            "max": 24.780705,
            "med": 0,
            "min": 0,
            "p(90)": 0,
            "p(95)": 0
        },
        "http_req_waiting": {
            "avg": 783.702022038961,
            "max": 13358.36567,
            "med": 202.091888,
            "min": 70.355794,
            "p(90)": 963.6788076000032,
            "p(95)": 1825.2047278000027
        },
        "http_reqs": {
            "count": 77,
            "rate": 1.2740456610316007
        },
        "iteration_duration": {
            "avg": 784.5015561168831,
            "max": 13395.645949,
            "med": 202.419607,
            "min": 70.679454,
            "p(90)": 963.9932264000031,
            "p(95)": 1825.4803668000027
        },
        "iterations": {
            "count": 77,
            "rate": 1.2740456610316007
        },
        "vus": {
            "max": 1,
            "min": 1,
            "value": 1
        },
        "vus_max": {
            "max": 1,
            "min": 1,
            "value": 1
        }
    },
    "root_group": {
        "name": "",
        "path": "",
        "id": "d41d8cd98f00b204e9800998ecf8427e",
        "groups": {},
        "checks": {
            "status is 200": {
                "name": "status is 200",
                "path": "::status is 200",
                "id": "6210a8cd14cd70477eba5c5e4cb3fb5f",
                "passes": 77,
                "fails": 0
            }
        }
    }
}
