{
    "metrics": {
        "checks": {
            "fails": 0,
            "passes": 9380,
            "value": 0
        },
        "data_received": {
            "count": 5281957,
            "rate": 2934.2807730314407
        },
        "data_sent": {
            "count": 4641739,
            "rate": 2578.621049192598
        },
        "http_req_blocked": {
            "avg": 2.643866526226018,
            "max": 1932.255144,
            "med": 0.003965,
            "min": 0.002494,
            "p(90)": 0.0052122,
            "p(95)": 0.005951
        },
        "http_req_connecting": {
            "avg": 1.8133710462686567,
            "max": 1043.404233,
            "med": 0,
            "min": 0,
            "p(90)": 0,
            "p(95)": 0
        },
        "http_req_duration": {
            "avg": 189.0543914742012,
            "max": 11341.132308,
            "med": 111.678812,
            "min": 49.080365,
            "p(90)": 347.7958845,
            "p(95)": 515.5031384999993
        },
        "http_req_receiving": {
            "avg": 0.08605288560767653,
            "max": 0.245549,
            "med": 0.0840625,
            "min": 0.049863,
            "p(90)": 0.1029046,
            "p(95)": 0.11064769999999999
        },
        "http_req_sending": {
            "avg": 0.032407059168443594,
            "max": 0.473437,
            "med": 0.029606,
            "min": 0.016703,
            "p(90)": 0.040870199999999995,
            "p(95)": 0.04431914999999999
        },
        "http_req_tls_handshaking": {
            "avg": 0.8253682499999999,
            "max": 907.225592,
            "med": 0,
            "min": 0,
            "p(90)": 0,
            "p(95)": 0
        },
        "http_req_waiting": {
            "avg": 188.93593152942395,
            "max": 11341.010936,
            "med": 111.56085999999999,
            "min": 48.959602,
            "p(90)": 347.65191070000003,
            "p(95)": 515.3919160499994
        },
        "http_reqs": {
            "count": 9380,
            "rate": 5.210862877345445
        },
        "iteration_duration": {
            "avg": 191.89380303645993,
            "max": 11341.361915,
            "med": 112.306742,
            "min": 49.27265,
            "p(90)": 350.6750719000001,
            "p(95)": 523.0579198999998
        },
        "iterations": {
            "count": 9380,
            "rate": 5.210862877345445
        },
        "vus": {
            "max": 1,
            "min": 1,
            "value": 1
        },
        "vus_max": {
            "max": 1,
            "min": 1,
            "value": 1
        }
    },
    "root_group": {
        "name": "",
        "path": "",
        "id": "d41d8cd98f00b204e9800998ecf8427e",
        "groups": {},
        "checks": {
            "status is 200": {
                "name": "status is 200",
                "path": "::status is 200",
                "id": "6210a8cd14cd70477eba5c5e4cb3fb5f",
                "passes": 9380,
                "fails": 0
            }
        }
    }
}
