{
    "metrics": {
        "checks": {
            "fails": 0,
            "passes": 101,
            "value": 0
        },
        "data_received": {
            "count": 58171,
            "rate": 923.9313271847216
        },
        "data_sent": {
            "count": 50330,
            "rate": 799.3925443469604
        },
        "http_req_blocked": {
            "avg": 30.9455528019802,
            "max": 3089.525532,
            "med": 0.004494,
            "min": 0.003185,
            "p(90)": 0.007201,
            "p(95)": 0.008735
        },
        "http_req_connecting": {
            "avg": 30.250551168316832,
            "max": 3046.202785,
            "med": 0,
            "min": 0,
            "p(90)": 0,
            "p(95)": 0
        },
        "http_req_duration": {
            "avg": 591.7855480891088,
            "max": 12155.434161,
            "med": 130.8541,
            "min": 52.073236,
            "p(90)": 594.33742,
            "p(95)": 1066.323453
        },
        "http_req_receiving": {
            "avg": 0.09189352475247525,
            "max": 0.29733,
            "med": 0.084269,
            "min": 0.05759,
            "p(90)": 0.112371,
            "p(95)": 0.145055
        },
        "http_req_sending": {
            "avg": 0.035670336633663355,
            "max": 0.108864,
            "med": 0.030864,
            "min": 0.024067,
            "p(90)": 0.044094,
            "p(95)": 0.057616
        },
        "http_req_tls_handshaking": {
            "avg": 0.6879563663366337,
            "max": 43.217426,
            "med": 0,
            "min": 0,
            "p(90)": 0,
            "p(95)": 0
        },
        "http_req_waiting": {
            "avg": 591.6579842277232,
            "max": 12155.245,
            "med": 130.747819,
            "min": 51.849966,
            "p(90)": 594.209906,
            "p(95)": 1066.22163
        },
        "http_reqs": {
            "count": 101,
            "rate": 1.6041853164920128
        },
        "iteration_duration": {
            "avg": 622.9431839207922,
            "max": 12191.297339,
            "med": 131.112473,
            "min": 52.405624,
            "p(90)": 645.689987,
            "p(95)": 1387.403249
        },
        "iterations": {
            "count": 101,
            "rate": 1.6041853164920128
        },
        "vus": {
            "max": 1,
            "min": 1,
            "value": 1
        },
        "vus_max": {
            "max": 1,
            "min": 1,
            "value": 1
        }
    },
    "root_group": {
        "name": "",
        "path": "",
        "id": "d41d8cd98f00b204e9800998ecf8427e",
        "groups": {},
        "checks": {
            "status is 200": {
                "name": "status is 200",
                "path": "::status is 200",
                "id": "6210a8cd14cd70477eba5c5e4cb3fb5f",
                "passes": 101,
                "fails": 0
            }
        }
    }
}
