{
    "metrics": {
        "checks": {
            "fails": 0,
            "passes": 168,
            "value": 0
        },
        "data_received": {
            "count": 95021,
            "rate": 1451.1711544369782
        },
        "data_sent": {
            "count": 83227,
            "rate": 1271.051890322417
        },
        "http_req_blocked": {
            "avg": 12.374335416666668,
            "max": 1046.593566,
            "med": 0.0044215,
            "min": 0.003603,
            "p(90)": 0.006104500000000002,
            "p(95)": 0.006972400000000003
        },
        "http_req_connecting": {
            "avg": 12.021674178571429,
            "max": 1012.155342,
            "med": 0,
            "min": 0,
            "p(90)": 0,
            "p(95)": 0
        },
        "http_req_duration": {
            "avg": 376.96957713690466,
            "max": 8662.752105,
            "med": 122.2379435,
            "min": 59.240179,
            "p(90)": 472.35231550000003,
            "p(95)": 669.7401575000006
        },
        "http_req_receiving": {
            "avg": 0.09023466666666669,
            "max": 0.21782,
            "med": 0.08637900000000001,
            "min": 0.065475,
            "p(90)": 0.10651140000000003,
            "p(95)": 0.11279885
        },
        "http_req_sending": {
            "avg": 0.03448994642857141,
            "max": 0.094822,
            "med": 0.031493,
            "min": 0.023103,
            "p(90)": 0.042259500000000005,
            "p(95)": 0.04501865000000001
        },
        "http_req_tls_handshaking": {
            "avg": 0.3463454880952381,
            "max": 34.342981,
            "med": 0,
            "min": 0,
            "p(90)": 0,
            "p(95)": 0
        },
        "http_req_waiting": {
            "avg": 376.8448525238095,
            "max": 8662.638672,
            "med": 122.12821650000001,
            "min": 59.113169,
            "p(90)": 472.23634020000003,
            "p(95)": 669.6366358000007
        },
        "http_reqs": {
            "count": 168,
            "rate": 2.5657144625441988
        },
        "iteration_duration": {
            "avg": 389.54960282738114,
            "max": 8711.109008,
            "med": 122.4340455,
            "min": 59.452153,
            "p(90)": 472.5528665,
            "p(95)": 764.0795514500005
        },
        "iterations": {
            "count": 168,
            "rate": 2.5657144625441988
        },
        "vus": {
            "max": 1,
            "min": 1,
            "value": 1
        },
        "vus_max": {
            "max": 1,
            "min": 1,
            "value": 1
        }
    },
    "root_group": {
        "name": "",
        "path": "",
        "id": "d41d8cd98f00b204e9800998ecf8427e",
        "groups": {},
        "checks": {
            "status is 200": {
                "name": "status is 200",
                "path": "::status is 200",
                "id": "6210a8cd14cd70477eba5c5e4cb3fb5f",
                "passes": 168,
                "fails": 0
            }
        }
    }
}
