{
    "metrics": {
        "checks": {
            "fails": 0,
            "passes": 463,
            "value": 0
        },
        "data_received": {
            "count": 251009,
            "rate": 334.8216154410917
        },
        "data_sent": {
            "count": 319975,
            "rate": 426.81555801092117
        },
        "http_req_blocked": {
            "avg": 8.982730380129603,
            "max": 920.433926,
            "med": 0.012432,
            "min": 0.00852,
            "p(90)": 0.0160638,
            "p(95)": 0.019394999999999996
        },
        "http_req_connecting": {
            "avg": 2.8689456414686827,
            "max": 304.88812,
            "med": 0,
            "min": 0,
            "p(90)": 0,
            "p(95)": 0
        },
        "http_req_duration": {
            "avg": 1609.7784414730015,
            "max": 12094.282965,
            "med": 1263.127342,
            "min": 780.13196,
            "p(90)": 2763.472141,
            "p(95)": 3331.1382380999985
        },
        "http_req_receiving": {
            "avg": 0.12188281425485965,
            "max": 0.288582,
            "med": 0.114748,
            "min": 0.077243,
            "p(90)": 0.15260179999999998,
            "p(95)": 0.161752
        },
        "http_req_sending": {
            "avg": 0.050190034557235405,
            "max": 0.146735,
            "med": 0.046235,
            "min": 0.031917,
            "p(90)": 0.0654692,
            "p(95)": 0.07095889999999999
        },
        "http_req_tls_handshaking": {
            "avg": 6.098785699784018,
            "max": 615.363827,
            "med": 0,
            "min": 0,
            "p(90)": 0,
            "p(95)": 0
        },
        "http_req_waiting": {
            "avg": 1609.60636862419,
            "max": 12094.133365,
            "med": 1262.981793,
            "min": 779.956799,
            "p(90)": 2763.1733626,
            "p(95)": 3330.9810542999985
        },
        "http_reqs": {
            "count": 463,
            "rate": 0.6175970102634784
        },
        "iteration_duration": {
            "avg": 1619.0787607926559,
            "max": 12094.582721,
            "med": 1290.441678,
            "min": 780.435768,
            "p(90)": 2769.4846702,
            "p(95)": 3433.0491583999997
        },
        "iterations": {
            "count": 463,
            "rate": 0.6175970102634784
        },
        "vus": {
            "max": 1,
            "min": 1,
            "value": 1
        },
        "vus_max": {
            "max": 1,
            "min": 1,
            "value": 1
        }
    },
    "root_group": {
        "name": "",
        "path": "",
        "id": "d41d8cd98f00b204e9800998ecf8427e",
        "groups": {},
        "checks": {
            "status is 200": {
                "name": "status is 200",
                "path": "::status is 200",
                "id": "6210a8cd14cd70477eba5c5e4cb3fb5f",
                "passes": 463,
                "fails": 0
            }
        }
    }
}
