{
    "metrics": {
        "checks": {
            "fails": 1,
            "passes": 1800,
            "value": 0
        },
        "data_received": {
            "count": 974004,
            "rate": 1081.6336050645455
        },
        "data_sent": {
            "count": 985227,
            "rate": 1094.096771488543
        },
        "http_req_blocked": {
            "avg": 9.460013033314613,
            "max": 1382.581756,
            "med": 0.012362,
            "min": 0.008451,
            "p(90)": 0.016274,
            "p(95)": 0.019207
        },
        "http_req_connecting": {
            "avg": 2.9551008089950033,
            "max": 435.401746,
            "med": 0,
            "min": 0,
            "p(90)": 0,
            "p(95)": 0
        },
        "http_req_duration": {
            "avg": 490.1756063225987,
            "max": 60267.272095,
            "med": 372.782989,
            "min": 280.030209,
            "p(90)": 621.293567,
            "p(95)": 867.978702
        },
        "http_req_receiving": {
            "avg": 0.12658719766796234,
            "max": 0.290402,
            "med": 0.122573,
            "min": 0.073474,
            "p(90)": 0.154071,
            "p(95)": 0.167343
        },
        "http_req_sending": {
            "avg": 0.0505384986118823,
            "max": 0.192484,
            "med": 0.046725,
            "min": 0.027239,
            "p(90)": 0.063975,
            "p(95)": 0.069703
        },
        "http_req_tls_handshaking": {
            "avg": 6.4899154086618545,
            "max": 1139.579157,
            "med": 0,
            "min": 0,
            "p(90)": 0,
            "p(95)": 0
        },
        "http_req_waiting": {
            "avg": 489.9984806263189,
            "max": 60266.946912,
            "med": 372.603147,
            "min": 279.869292,
            "p(90)": 621.145642,
            "p(95)": 867.82456
        },
        "http_reqs": {
            "count": 1801,
            "rate": 2.0000144996542586
        },
        "iteration_duration": {
            "avg": 499.95386573570244,
            "max": 61121.377317,
            "med": 374.238917,
            "min": 280.320335,
            "p(90)": 661.043171,
            "p(95)": 910.029486
        },
        "iterations": {
            "count": 1801,
            "rate": 2.0000144996542586
        },
        "vus": {
            "max": 1,
            "min": 1,
            "value": 1
        },
        "vus_max": {
            "max": 1,
            "min": 1,
            "value": 1
        }
    },
    "root_group": {
        "name": "",
        "path": "",
        "id": "d41d8cd98f00b204e9800998ecf8427e",
        "groups": {},
        "checks": {
            "status is 200": {
                "name": "status is 200",
                "path": "::status is 200",
                "id": "6210a8cd14cd70477eba5c5e4cb3fb5f",
                "passes": 1800,
                "fails": 1
            }
        }
    }
}
