{
    "metrics": {
        "checks": {
            "fails": 0,
            "passes": 1843,
            "value": 0
        },
        "data_received": {
            "count": 996118,
            "rate": 1114.0842545925723
        },
        "data_sent": {
            "count": 1008033,
            "rate": 1127.4103001950716
        },
        "http_req_blocked": {
            "avg": 9.534856122625953,
            "max": 1675.412229,
            "med": 0.012292,
            "min": 0.008521,
            "p(90)": 0.015854,
            "p(95)": 0.01898999999999999
        },
        "http_req_connecting": {
            "avg": 2.7554868117200217,
            "max": 347.284916,
            "med": 0,
            "min": 0,
            "p(90)": 0,
            "p(95)": 0
        },
        "http_req_duration": {
            "avg": 475.25092995605064,
            "max": 5783.262277,
            "med": 383.0077,
            "min": 285.654795,
            "p(90)": 721.3801045999999,
            "p(95)": 926.6098304999999
        },
        "http_req_receiving": {
            "avg": 0.12302108790016272,
            "max": 0.268121,
            "med": 0.11915,
            "min": 0.067956,
            "p(90)": 0.1481752,
            "p(95)": 0.15851909999999997
        },
        "http_req_sending": {
            "avg": 0.04981681443298963,
            "max": 0.190667,
            "med": 0.045886,
            "min": 0.027239,
            "p(90)": 0.0637512,
            "p(95)": 0.070603
        },
        "http_req_tls_handshaking": {
            "avg": 6.764468048290831,
            "max": 1357.835635,
            "med": 0,
            "min": 0,
            "p(90)": 0,
            "p(95)": 0
        },
        "http_req_waiting": {
            "avg": 475.07809205371666,
            "max": 5783.085159,
            "med": 382.838035,
            "min": 285.491924,
            "p(90)": 721.2045509999999,
            "p(95)": 926.4310436
        },
        "http_reqs": {
            "count": 1843,
            "rate": 2.0612590889975992
        },
        "iteration_duration": {
            "avg": 485.10172808138924,
            "max": 6040.395194,
            "med": 384.608483,
            "min": 286.003933,
            "p(90)": 790.3008684,
            "p(95)": 998.6410940999992
        },
        "iterations": {
            "count": 1843,
            "rate": 2.0612590889975992
        },
        "vus": {
            "max": 1,
            "min": 1,
            "value": 1
        },
        "vus_max": {
            "max": 1,
            "min": 1,
            "value": 1
        }
    },
    "root_group": {
        "name": "",
        "path": "",
        "id": "d41d8cd98f00b204e9800998ecf8427e",
        "groups": {},
        "checks": {
            "status is 200": {
                "name": "status is 200",
                "path": "::status is 200",
                "id": "6210a8cd14cd70477eba5c5e4cb3fb5f",
                "passes": 1843,
                "fails": 0
            }
        }
    }
}
