{
    "metrics": {
        "checks": {
            "fails": 0,
            "passes": 460,
            "value": 0
        },
        "data_received": {
            "count": 249425,
            "rate": 276.91339673275377
        },
        "data_sent": {
            "count": 317914,
            "rate": 352.9503682826368
        },
        "http_req_blocked": {
            "avg": 8.795367865217386,
            "max": 920.635577,
            "med": 0.012012,
            "min": 0.00873,
            "p(90)": 0.016273,
            "p(95)": 0.01906605
        },
        "http_req_connecting": {
            "avg": 3.0659485739130434,
            "max": 305.08303,
            "med": 0,
            "min": 0,
            "p(90)": 0,
            "p(95)": 0
        },
        "http_req_duration": {
            "avg": 1948.9036820173906,
            "max": 9766.9999,
            "med": 1505.8156815000002,
            "min": 775.451027,
            "p(90)": 3481.8467454,
            "p(95)": 4741.831088999992
        },
        "http_req_receiving": {
            "avg": 0.12303794347826087,
            "max": 0.273077,
            "med": 0.1181015,
            "min": 0.07501,
            "p(90)": 0.15383390000000002,
            "p(95)": 0.16704089999999996
        },
        "http_req_sending": {
            "avg": 0.049341880434782596,
            "max": 0.191714,
            "med": 0.0455715,
            "min": 0.029333,
            "p(90)": 0.0632278,
            "p(95)": 0.06770834999999997
        },
        "http_req_tls_handshaking": {
            "avg": 5.714485367391305,
            "max": 615.348678,
            "med": 0,
            "min": 0,
            "p(90)": 0,
            "p(95)": 0
        },
        "http_req_waiting": {
            "avg": 1948.7313021934779,
            "max": 9766.836121,
            "med": 1505.633465,
            "min": 775.304568,
            "p(90)": 3481.6791532,
            "p(95)": 4741.678952749992
        },
        "http_reqs": {
            "count": 460,
            "rate": 0.5106952490611075
        },
        "iteration_duration": {
            "avg": 1958.014820549999,
            "max": 9767.332487,
            "med": 1524.197934,
            "min": 775.756585,
            "p(90)": 3482.1547833000004,
            "p(95)": 4742.124261699992
        },
        "iterations": {
            "count": 460,
            "rate": 0.5106952490611075
        },
        "vus": {
            "max": 1,
            "min": 1,
            "value": 1
        },
        "vus_max": {
            "max": 1,
            "min": 1,
            "value": 1
        }
    },
    "root_group": {
        "name": "",
        "path": "",
        "id": "d41d8cd98f00b204e9800998ecf8427e",
        "groups": {},
        "checks": {
            "status is 200": {
                "name": "status is 200",
                "path": "::status is 200",
                "id": "6210a8cd14cd70477eba5c5e4cb3fb5f",
                "passes": 460,
                "fails": 0
            }
        }
    }
}
