{
    "metrics": {
        "checks": {
            "fails": 0,
            "passes": 1958,
            "value": 0
        },
        "data_received": {
            "count": 1058031,
            "rate": 1175.1639576922562
        },
        "data_sent": {
            "count": 1070863,
            "rate": 1189.4165683483777
        },
        "http_req_blocked": {
            "avg": 9.17369020735428,
            "max": 1657.957977,
            "med": 0.012013,
            "min": 0.008171,
            "p(90)": 0.0158553,
            "p(95)": 0.01899715
        },
        "http_req_connecting": {
            "avg": 2.746011698672114,
            "max": 306.407499,
            "med": 0,
            "min": 0,
            "p(90)": 0,
            "p(95)": 0
        },
        "http_req_duration": {
            "avg": 450.2868298110322,
            "max": 9808.67173,
            "med": 350.60442950000004,
            "min": 284.643393,
            "p(90)": 614.0628006999999,
            "p(95)": 885.03032195
        },
        "http_req_receiving": {
            "avg": 0.12336378600612881,
            "max": 0.251936,
            "med": 0.1187335,
            "min": 0.066282,
            "p(90)": 0.1492059,
            "p(95)": 0.160382
        },
        "http_req_sending": {
            "avg": 0.05101160572012262,
            "max": 0.174614,
            "med": 0.047074,
            "min": 0.02675,
            "p(90)": 0.0658834,
            "p(95)": 0.07062249999999999
        },
        "http_req_tls_handshaking": {
            "avg": 6.4128335296220635,
            "max": 1351.365806,
            "med": 0,
            "min": 0,
            "p(90)": 0,
            "p(95)": 0
        },
        "http_req_waiting": {
            "avg": 450.11245441930583,
            "max": 9808.42329,
            "med": 350.44130700000005,
            "min": 284.441196,
            "p(90)": 613.8878147,
            "p(95)": 884.86633305
        },
        "http_reqs": {
            "count": 1958,
            "rate": 2.1747671185073383
        },
        "iteration_duration": {
            "avg": 459.7811326174663,
            "max": 11466.891559,
            "med": 351.4066635,
            "min": 285.012166,
            "p(90)": 654.8107162,
            "p(95)": 921.0532804000001
        },
        "iterations": {
            "count": 1958,
            "rate": 2.1747671185073383
        },
        "vus": {
            "max": 1,
            "min": 1,
            "value": 1
        },
        "vus_max": {
            "max": 1,
            "min": 1,
            "value": 1
        }
    },
    "root_group": {
        "name": "",
        "path": "",
        "id": "d41d8cd98f00b204e9800998ecf8427e",
        "groups": {},
        "checks": {
            "status is 200": {
                "name": "status is 200",
                "path": "::status is 200",
                "id": "6210a8cd14cd70477eba5c5e4cb3fb5f",
                "passes": 1958,
                "fails": 0
            }
        }
    }
}
