{
    "metrics": {
        "checks": {
            "fails": 0,
            "passes": 1820,
            "value": 0
        },
        "data_received": {
            "count": 1111397,
            "rate": 1234.6926886747576
        },
        "data_sent": {
            "count": 1257624,
            "rate": 1397.1417575374987
        },
        "http_req_blocked": {
            "avg": 10.115523941758074,
            "max": 2162.81344,
            "med": 0.012362,
            "min": 0.008451,
            "p(90)": 0.016000900000000012,
            "p(95)": 0.019070499999999997
        },
        "http_req_connecting": {
            "avg": 2.718064889560439,
            "max": 305.180354,
            "med": 0,
            "min": 0,
            "p(90)": 0,
            "p(95)": 0
        },
        "http_req_duration": {
            "avg": 484.1098599120875,
            "max": 8237.056322,
            "med": 364.9449605,
            "min": 282.708799,
            "p(90)": 812.2411727000004,
            "p(95)": 996.6880679999999
        },
        "http_req_receiving": {
            "avg": 0.12339917032967043,
            "max": 0.283489,
            "med": 0.1192905,
            "min": 0.067677,
            "p(90)": 0.150796,
            "p(95)": 0.16058094999999997
        },
        "http_req_sending": {
            "avg": 0.049866525824175736,
            "max": 0.174884,
            "med": 0.046095,
            "min": 0.030032,
            "p(90)": 0.06392690000000004,
            "p(95)": 0.06945094999999997
        },
        "http_req_tls_handshaking": {
            "avg": 7.382691836813185,
            "max": 1915.149528,
            "med": 0,
            "min": 0,
            "p(90)": 0,
            "p(95)": 0
        },
        "http_req_waiting": {
            "avg": 483.9365942159338,
            "max": 8236.753905,
            "med": 364.7771135,
            "min": 282.508352,
            "p(90)": 812.0797124000006,
            "p(95)": 996.5370978499999
        },
        "http_reqs": {
            "count": 1820,
            "rate": 2.02190638753574
        },
        "iteration_duration": {
            "avg": 494.54398467802133,
            "max": 9002.106604,
            "med": 366.6907465,
            "min": 283.069812,
            "p(90)": 837.8058007,
            "p(95)": 1042.1162058999994
        },
        "iterations": {
            "count": 1820,
            "rate": 2.02190638753574
        },
        "vus": {
            "max": 1,
            "min": 1,
            "value": 1
        },
        "vus_max": {
            "max": 1,
            "min": 1,
            "value": 1
        }
    },
    "root_group": {
        "name": "",
        "path": "",
        "id": "d41d8cd98f00b204e9800998ecf8427e",
        "groups": {},
        "checks": {
            "status is 200": {
                "name": "status is 200",
                "path": "::status is 200",
                "id": "6210a8cd14cd70477eba5c5e4cb3fb5f",
                "passes": 1820,
                "fails": 0
            }
        }
    }
}
