{
    "metrics": {
        "checks": {
            "fails": 0,
            "passes": 22,
            "value": 0
        },
        "data_received": {
            "count": 12929,
            "rate": 86.29066318406937
        },
        "data_sent": {
            "count": 16807,
            "rate": 112.17319020300519
        },
        "http_req_blocked": {
            "avg": 37.76297436363637,
            "max": 830.502512,
            "med": 0.0137935,
            "min": 0.010126,
            "p(90)": 0.016524200000000003,
            "p(95)": 0.01781615
        },
        "http_req_connecting": {
            "avg": 14.451865863636364,
            "max": 317.941049,
            "med": 0,
            "min": 0,
            "p(90)": 0,
            "p(95)": 0
        },
        "http_req_duration": {
            "avg": 6745.078745363635,
            "max": 14620.262453,
            "med": 6205.166157,
            "min": 5917.31766,
            "p(90)": 7100.6210919000005,
            "p(95)": 7907.560718249999
        },
        "http_req_receiving": {
            "avg": 0.13567136363636362,
            "max": 0.194925,
            "med": 0.1319285,
            "min": 0.092678,
            "p(90)": 0.1668977,
            "p(95)": 0.17887445
        },
        "http_req_sending": {
            "avg": 0.05700868181818182,
            "max": 0.146664,
            "med": 0.053393,
            "min": 0.035339,
            "p(90)": 0.06952610000000002,
            "p(95)": 0.07199565
        },
        "http_req_tls_handshaking": {
            "avg": 23.288607181818183,
            "max": 512.349358,
            "med": 0,
            "min": 0,
            "p(90)": 0,
            "p(95)": 0
        },
        "http_req_waiting": {
            "avg": 6744.886065318182,
            "max": 14619.973455,
            "med": 6204.968752999999,
            "min": 5917.126087,
            "p(90)": 7100.425937000001,
            "p(95)": 7907.372952599999
        },
        "http_reqs": {
            "count": 22,
            "rate": 0.14683228324306027
        },
        "iteration_duration": {
            "avg": 6783.19085490909,
            "max": 15451.309091,
            "med": 6205.503136,
            "min": 5917.654569,
            "p(90)": 7101.019126200001,
            "p(95)": 7907.91026335
        },
        "iterations": {
            "count": 22,
            "rate": 0.14683228324306027
        },
        "vus": {
            "max": 1,
            "min": 1,
            "value": 1
        },
        "vus_max": {
            "max": 1,
            "min": 1,
            "value": 1
        }
    },
    "root_group": {
        "name": "",
        "path": "",
        "id": "d41d8cd98f00b204e9800998ecf8427e",
        "groups": {},
        "checks": {
            "status is 200": {
                "name": "status is 200",
                "path": "::status is 200",
                "id": "6210a8cd14cd70477eba5c5e4cb3fb5f",
                "passes": 22,
                "fails": 0
            }
        }
    }
}
