{
    "metrics": {
        "checks": {
            "fails": 0,
            "passes": 142,
            "value": 0
        },
        "data_received": {
            "count": 77597,
            "rate": 86.10350722753036
        },
        "data_sent": {
            "count": 102127,
            "rate": 113.32258827823232
        },
        "http_req_blocked": {
            "avg": 12.573089866197183,
            "max": 931.807492,
            "med": 0.0130955,
            "min": 0.008591,
            "p(90)": 0.019486,
            "p(95)": 0.021905699999999976
        },
        "http_req_connecting": {
            "avg": 3.7389212323943664,
            "max": 265.954499,
            "med": 0,
            "min": 0,
            "p(90)": 0,
            "p(95)": 0
        },
        "http_req_duration": {
            "avg": 6333.236009556342,
            "max": 17760.737078,
            "med": 6101.140970500001,
            "min": 5935.758823,
            "p(90)": 6584.5510998,
            "p(95)": 6935.009483099999
        },
        "http_req_receiving": {
            "avg": 0.1515510915492958,
            "max": 0.304651,
            "med": 0.146738,
            "min": 0.089537,
            "p(90)": 0.1945867,
            "p(95)": 0.2199284999999999
        },
        "http_req_sending": {
            "avg": 0.05957816197183097,
            "max": 0.188014,
            "med": 0.055315,
            "min": 0.029124,
            "p(90)": 0.07747620000000001,
            "p(95)": 0.09206179999999997
        },
        "http_req_tls_handshaking": {
            "avg": 8.817185760563381,
            "max": 666.602111,
            "med": 0,
            "min": 0,
            "p(90)": 0,
            "p(95)": 0
        },
        "http_req_waiting": {
            "avg": 6333.024880302816,
            "max": 17760.366845,
            "med": 6100.9450990000005,
            "min": 5935.568992,
            "p(90)": 6584.3736383000005,
            "p(95)": 6934.7914261
        },
        "http_reqs": {
            "count": 142,
            "rate": 0.15756663306969743
        },
        "iteration_duration": {
            "avg": 6346.179064007039,
            "max": 18693.183275,
            "med": 6101.5435744999995,
            "min": 5936.110965,
            "p(90)": 6607.2962617,
            "p(95)": 6939.74242905
        },
        "iterations": {
            "count": 142,
            "rate": 0.15756663306969743
        },
        "vus": {
            "max": 1,
            "min": 1,
            "value": 1
        },
        "vus_max": {
            "max": 1,
            "min": 1,
            "value": 1
        }
    },
    "root_group": {
        "name": "",
        "path": "",
        "id": "d41d8cd98f00b204e9800998ecf8427e",
        "groups": {},
        "checks": {
            "status is 200": {
                "name": "status is 200",
                "path": "::status is 200",
                "id": "6210a8cd14cd70477eba5c5e4cb3fb5f",
                "passes": 142,
                "fails": 0
            }
        }
    }
}
