{
    "metrics": {
        "checks": {
            "fails": 0,
            "passes": 1692,
            "value": 0
        },
        "data_received": {
            "count": 1032365,
            "rate": 1158.3869291789183
        },
        "data_sent": {
            "count": 1168918,
            "rate": 1311.6091038363008
        },
        "http_req_blocked": {
            "avg": 10.434937381205495,
            "max": 2422.581115,
            "med": 0.012292,
            "min": 0.008032,
            "p(90)": 0.016126100000000008,
            "p(95)": 0.01864745
        },
        "http_req_connecting": {
            "avg": 2.5862589001182026,
            "max": 324.212428,
            "med": 0,
            "min": 0,
            "p(90)": 0,
            "p(95)": 0
        },
        "http_req_duration": {
            "avg": 515.9273531944445,
            "max": 6037.660607,
            "med": 397.39660200000003,
            "min": 291.369055,
            "p(90)": 843.4305094000003,
            "p(95)": 1031.897086349998
        },
        "http_req_receiving": {
            "avg": 0.12226606855791962,
            "max": 0.251707,
            "med": 0.11750749999999999,
            "min": 0.070539,
            "p(90)": 0.1489501,
            "p(95)": 0.15961804999999998
        },
        "http_req_sending": {
            "avg": 0.0498055195035461,
            "max": 0.183124,
            "med": 0.046235,
            "min": 0.026261,
            "p(90)": 0.063416,
            "p(95)": 0.06970145
        },
        "http_req_tls_handshaking": {
            "avg": 7.833830764775413,
            "max": 2150.401224,
            "med": 0,
            "min": 0,
            "p(90)": 0,
            "p(95)": 0
        },
        "http_req_waiting": {
            "avg": 515.7552816063829,
            "max": 6037.360083,
            "med": 397.2189965,
            "min": 291.222667,
            "p(90)": 843.2606293000003,
            "p(95)": 1031.7446328999981
        },
        "http_reqs": {
            "count": 1692,
            "rate": 1.8985442979670268
        },
        "iteration_duration": {
            "avg": 526.6785530650119,
            "max": 6815.142496,
            "med": 400.38209400000005,
            "min": 291.677823,
            "p(90)": 867.5047862,
            "p(95)": 1094.1402350999997
        },
        "iterations": {
            "count": 1692,
            "rate": 1.8985442979670268
        },
        "vus": {
            "max": 1,
            "min": 1,
            "value": 1
        },
        "vus_max": {
            "max": 1,
            "min": 1,
            "value": 1
        }
    },
    "root_group": {
        "name": "",
        "path": "",
        "id": "d41d8cd98f00b204e9800998ecf8427e",
        "groups": {},
        "checks": {
            "status is 200": {
                "name": "status is 200",
                "path": "::status is 200",
                "id": "6210a8cd14cd70477eba5c5e4cb3fb5f",
                "passes": 1692,
                "fails": 0
            }
        }
    }
}
