{
    "metrics": {
        "checks": {
            "fails": 0,
            "passes": 543,
            "value": 0
        },
        "data_received": {
            "count": 294557,
            "rate": 327.0788343050413
        },
        "data_sent": {
            "count": 375320,
            "rate": 416.75882118356753
        },
        "http_req_blocked": {
            "avg": 8.973552749539632,
            "max": 970.788534,
            "med": 0.012292,
            "min": 0.008521,
            "p(90)": 0.016049,
            "p(95)": 0.019206
        },
        "http_req_connecting": {
            "avg": 2.7633493278084713,
            "max": 321.113726,
            "med": 0,
            "min": 0,
            "p(90)": 0,
            "p(95)": 0
        },
        "http_req_duration": {
            "avg": 1649.124012434623,
            "max": 13515.338969,
            "med": 1125.569906,
            "min": 744.620728,
            "p(90)": 3109.5300768000006,
            "p(95)": 4273.308249199999
        },
        "http_req_receiving": {
            "avg": 0.12355338121546963,
            "max": 0.223275,
            "med": 0.119357,
            "min": 0.07005,
            "p(90)": 0.1503932,
            "p(95)": 0.16405509999999998
        },
        "http_req_sending": {
            "avg": 0.050337666666666635,
            "max": 0.237522,
            "med": 0.046095,
            "min": 0.03052,
            "p(90)": 0.0651604,
            "p(95)": 0.07000799999999999
        },
        "http_req_tls_handshaking": {
            "avg": 6.195264375690608,
            "max": 649.445457,
            "med": 0,
            "min": 0,
            "p(90)": 0,
            "p(95)": 0
        },
        "http_req_waiting": {
            "avg": 1648.9501213867409,
            "max": 13515.167022,
            "med": 1125.421568,
            "min": 744.456325,
            "p(90)": 3109.3890010000005,
            "p(95)": 4273.1420716
        },
        "http_reqs": {
            "count": 543,
            "rate": 0.6029522538172151
        },
        "iteration_duration": {
            "avg": 1658.416878173113,
            "max": 13515.696829,
            "med": 1130.854876,
            "min": 744.929627,
            "p(90)": 3109.8402056000004,
            "p(95)": 4320.957605699999
        },
        "iterations": {
            "count": 543,
            "rate": 0.6029522538172151
        },
        "vus": {
            "max": 1,
            "min": 1,
            "value": 1
        },
        "vus_max": {
            "max": 1,
            "min": 1,
            "value": 1
        }
    },
    "root_group": {
        "name": "",
        "path": "",
        "id": "d41d8cd98f00b204e9800998ecf8427e",
        "groups": {},
        "checks": {
            "status is 200": {
                "name": "status is 200",
                "path": "::status is 200",
                "id": "6210a8cd14cd70477eba5c5e4cb3fb5f",
                "passes": 543,
                "fails": 0
            }
        }
    }
}
