{
    "metrics": {
        "checks": {
            "fails": 0,
            "passes": 146,
            "value": 0
        },
        "data_received": {
            "count": 79709,
            "rate": 88.01509572274531
        },
        "data_sent": {
            "count": 104983,
            "rate": 115.92277903700926
        },
        "http_req_blocked": {
            "avg": 10.744432917808215,
            "max": 789.269479,
            "med": 0.0137585,
            "min": 0.008241,
            "p(90)": 0.0197645,
            "p(95)": 0.021842999999999998
        },
        "http_req_connecting": {
            "avg": 3.5301562328767124,
            "max": 261.082101,
            "med": 0,
            "min": 0,
            "p(90)": 0,
            "p(95)": 0
        },
        "http_req_duration": {
            "avg": 6191.526682157532,
            "max": 11952.560558,
            "med": 6042.573802,
            "min": 5904.42754,
            "p(90)": 6461.8836505,
            "p(95)": 6562.55269375
        },
        "http_req_receiving": {
            "avg": 0.15775457534246579,
            "max": 0.535543,
            "med": 0.1433865,
            "min": 0.066277,
            "p(90)": 0.2166505,
            "p(95)": 0.2566485
        },
        "http_req_sending": {
            "avg": 0.05922780136986304,
            "max": 0.185076,
            "med": 0.0545455,
            "min": 0.03003,
            "p(90)": 0.0769295,
            "p(95)": 0.08662
        },
        "http_req_tls_handshaking": {
            "avg": 7.181419739726028,
            "max": 527.933156,
            "med": 0,
            "min": 0,
            "p(90)": 0,
            "p(95)": 0
        },
        "http_req_waiting": {
            "avg": 6191.309699780821,
            "max": 11951.895494,
            "med": 6042.345628,
            "min": 5904.247839,
            "p(90)": 6461.6789815,
            "p(95)": 6562.330078000001
        },
        "http_reqs": {
            "count": 146,
            "rate": 0.16121396549349276
        },
        "iteration_duration": {
            "avg": 6202.64110747945,
            "max": 12731.113806,
            "med": 6049.182728,
            "min": 5904.781846,
            "p(90)": 6483.033296,
            "p(95)": 6596.943537749999
        },
        "iterations": {
            "count": 146,
            "rate": 0.16121396549349276
        },
        "vus": {
            "max": 1,
            "min": 1,
            "value": 1
        },
        "vus_max": {
            "max": 1,
            "min": 1,
            "value": 1
        }
    },
    "root_group": {
        "name": "",
        "path": "",
        "id": "d41d8cd98f00b204e9800998ecf8427e",
        "groups": {},
        "checks": {
            "status is 200": {
                "name": "status is 200",
                "path": "::status is 200",
                "id": "6210a8cd14cd70477eba5c5e4cb3fb5f",
                "passes": 146,
                "fails": 0
            }
        }
    }
}
