{
    "metrics": {
        "checks": {
            "fails": 0,
            "passes": 2058,
            "value": 0
        },
        "data_received": {
            "count": 1256099,
            "rate": 1394.2252141194645
        },
        "data_sent": {
            "count": 1421900,
            "rate": 1578.258427047921
        },
        "http_req_blocked": {
            "avg": 10.084793325558753,
            "max": 1675.46951,
            "med": 0.012083,
            "min": 0.008521,
            "p(90)": 0.016064,
            "p(95)": 0.01872834999999999
        },
        "http_req_connecting": {
            "avg": 2.7909554839650146,
            "max": 315.822007,
            "med": 0,
            "min": 0,
            "p(90)": 0,
            "p(95)": 0
        },
        "http_req_duration": {
            "avg": 427.32407860884194,
            "max": 7503.281571,
            "med": 346.76442999999995,
            "min": 285.292195,
            "p(90)": 551.4854892999998,
            "p(95)": 798.6429779999992
        },
        "http_req_receiving": {
            "avg": 0.12380991156462562,
            "max": 0.312194,
            "med": 0.119151,
            "min": 0.071867,
            "p(90)": 0.15078930000000001,
            "p(95)": 0.16225435
        },
        "http_req_sending": {
            "avg": 0.04997775898931018,
            "max": 0.19919,
            "med": 0.046305,
            "min": 0.027169,
            "p(90)": 0.063906,
            "p(95)": 0.0695035
        },
        "http_req_tls_handshaking": {
            "avg": 7.278998881438289,
            "max": 1360.627739,
            "med": 0,
            "min": 0,
            "p(90)": 0,
            "p(95)": 0
        },
        "http_req_waiting": {
            "avg": 427.1502909382898,
            "max": 7502.987537,
            "med": 346.582527,
            "min": 285.092726,
            "p(90)": 551.3335055999997,
            "p(95)": 798.4789928499993
        },
        "http_reqs": {
            "count": 2058,
            "rate": 2.2843068027741906
        },
        "iteration_duration": {
            "avg": 437.7332992089405,
            "max": 8268.436449,
            "med": 347.4350115,
            "min": 285.600198,
            "p(90)": 581.5121063999999,
            "p(95)": 843.8826560499999
        },
        "iterations": {
            "count": 2058,
            "rate": 2.2843068027741906
        },
        "vus": {
            "max": 1,
            "min": 1,
            "value": 1
        },
        "vus_max": {
            "max": 1,
            "min": 1,
            "value": 1
        }
    },
    "root_group": {
        "name": "",
        "path": "",
        "id": "d41d8cd98f00b204e9800998ecf8427e",
        "groups": {},
        "checks": {
            "status is 200": {
                "name": "status is 200",
                "path": "::status is 200",
                "id": "6210a8cd14cd70477eba5c5e4cb3fb5f",
                "passes": 2058,
                "fails": 0
            }
        }
    }
}
