{
    "metrics": {
        "checks": {
            "fails": 0,
            "passes": 604,
            "value": 0
        },
        "data_received": {
            "count": 327469,
            "rate": 363.4791354625173
        },
        "data_sent": {
            "count": 346944,
            "rate": 385.0957042465321
        },
        "http_req_blocked": {
            "avg": 11.407879925496701,
            "max": 1193.220837,
            "med": 0.012226,
            "min": 0.007541,
            "p(90)": 0.016668600000000002,
            "p(95)": 0.01954095
        },
        "http_req_connecting": {
            "avg": 3.985398531456954,
            "max": 578.608598,
            "med": 0,
            "min": 0,
            "p(90)": 0,
            "p(95)": 0
        },
        "http_req_duration": {
            "avg": 1479.805509990065,
            "max": 11682.502621,
            "med": 1427.2777525,
            "min": 1238.441791,
            "p(90)": 1625.4614037,
            "p(95)": 1813.3397866500002
        },
        "http_req_receiving": {
            "avg": 0.1254123427152316,
            "max": 0.334357,
            "med": 0.119341,
            "min": 0.06739,
            "p(90)": 0.1634274,
            "p(95)": 0.18809240000000002
        },
        "http_req_sending": {
            "avg": 0.050450132450331156,
            "max": 0.156417,
            "med": 0.046783,
            "min": 0.024372,
            "p(90)": 0.0687629,
            "p(95)": 0.0762497
        },
        "http_req_tls_handshaking": {
            "avg": 7.39681557450331,
            "max": 737.50391,
            "med": 0,
            "min": 0,
            "p(90)": 0,
            "p(95)": 0
        },
        "http_req_waiting": {
            "avg": 1479.6296475149004,
            "max": 11682.264873,
            "med": 1427.1173315,
            "min": 1238.295416,
            "p(90)": 1625.2963029999999,
            "p(95)": 1813.1724947500002
        },
        "http_reqs": {
            "count": 604,
            "rate": 0.6704188726852327
        },
        "iteration_duration": {
            "avg": 1491.530314008277,
            "max": 12876.56696,
            "med": 1429.1503855,
            "min": 1238.689778,
            "p(90)": 1635.2971564000002,
            "p(95)": 1852.3602022000002
        },
        "iterations": {
            "count": 604,
            "rate": 0.6704188726852327
        },
        "vus": {
            "max": 1,
            "min": 1,
            "value": 1
        },
        "vus_max": {
            "max": 1,
            "min": 1,
            "value": 1
        }
    },
    "root_group": {
        "name": "",
        "path": "",
        "id": "d41d8cd98f00b204e9800998ecf8427e",
        "groups": {},
        "checks": {
            "status is 200": {
                "name": "status is 200",
                "path": "::status is 200",
                "id": "6210a8cd14cd70477eba5c5e4cb3fb5f",
                "passes": 604,
                "fails": 0
            }
        }
    }
}
