{
    "metrics": {
        "checks": {
            "fails": 0,
            "passes": 855,
            "value": 0
        },
        "data_received": {
            "count": 463217,
            "rate": 514.1643554790116
        },
        "data_sent": {
            "count": 590819,
            "rate": 655.8007809293574
        },
        "http_req_blocked": {
            "avg": 5.077248918128695,
            "max": 3068.056782,
            "med": 0.011803,
            "min": 0.008101,
            "p(90)": 0.017041,
            "p(95)": 0.019555
        },
        "http_req_connecting": {
            "avg": 4.804962854970761,
            "max": 3038.726227,
            "med": 0,
            "min": 0,
            "p(90)": 0,
            "p(95)": 0
        },
        "http_req_duration": {
            "avg": 1048.2485118807,
            "max": 7780.503906,
            "med": 838.371935,
            "min": 573.049688,
            "p(90)": 1599.7224138000004,
            "p(95)": 2211.6355562
        },
        "http_req_receiving": {
            "avg": 0.12810648187134502,
            "max": 0.351513,
            "med": 0.118312,
            "min": 0.072425,
            "p(90)": 0.16542620000000002,
            "p(95)": 0.20609589999999986
        },
        "http_req_sending": {
            "avg": 0.05007575672514618,
            "max": 0.147156,
            "med": 0.046654,
            "min": 0.027308,
            "p(90)": 0.065414,
            "p(95)": 0.08003129999999999
        },
        "http_req_tls_handshaking": {
            "avg": 0.25753069122807015,
            "max": 47.045469,
            "med": 0,
            "min": 0,
            "p(90)": 0,
            "p(95)": 0
        },
        "http_req_waiting": {
            "avg": 1048.070329642107,
            "max": 7780.365131,
            "med": 838.199426,
            "min": 572.857693,
            "p(90)": 1599.5713604000002,
            "p(95)": 2211.4572852999995
        },
        "http_reqs": {
            "count": 855,
            "rate": 0.949037975580678
        },
        "iteration_duration": {
            "avg": 1053.63818453801,
            "max": 7780.830137,
            "med": 838.703752,
            "min": 573.346516,
            "p(90)": 1607.6901728000003,
            "p(95)": 2219.9364118999993
        },
        "iterations": {
            "count": 855,
            "rate": 0.949037975580678
        },
        "vus": {
            "max": 1,
            "min": 1,
            "value": 1
        },
        "vus_max": {
            "max": 1,
            "min": 1,
            "value": 1
        }
    },
    "root_group": {
        "name": "",
        "path": "",
        "id": "d41d8cd98f00b204e9800998ecf8427e",
        "groups": {},
        "checks": {
            "status is 200": {
                "name": "status is 200",
                "path": "::status is 200",
                "id": "6210a8cd14cd70477eba5c5e4cb3fb5f",
                "passes": 855,
                "fails": 0
            }
        }
    }
}
