{
    "metrics": {
        "checks": {
            "fails": 0,
            "passes": 1,
            "value": 0
        },
        "data_received": {
            "count": 1841,
            "rate": 118.4878270386239
        },
        "data_sent": {
            "count": 1813,
            "rate": 116.68573080989958
        },
        "http_req_blocked": {
            "avg": 40.033774,
            "max": 40.033774,
            "med": 40.033774,
            "min": 40.033774,
            "p(90)": 40.033774,
            "p(95)": 40.033774
        },
        "http_req_connecting": {
            "avg": 10.119823,
            "max": 10.119823,
            "med": 10.119823,
            "min": 10.119823,
            "p(90)": 10.119823,
            "p(95)": 10.119823
        },
        "http_req_duration": {
            "avg": 15364.584163,
            "max": 15364.584163,
            "med": 15364.584163,
            "min": 15364.584163,
            "p(90)": 15364.584163,
            "p(95)": 15364.584163
        },
        "http_req_receiving": {
            "avg": 0.234597,
            "max": 0.234597,
            "med": 0.234597,
            "min": 0.234597,
            "p(90)": 0.234597,
            "p(95)": 0.234597
        },
        "http_req_sending": {
            "avg": 0.158261,
            "max": 0.158261,
            "med": 0.158261,
            "min": 0.158261,
            "p(90)": 0.158261,
            "p(95)": 0.158261
        },
        "http_req_tls_handshaking": {
            "avg": 29.677816,
            "max": 29.677816,
            "med": 29.677816,
            "min": 29.677816,
            "p(90)": 29.677816,
            "p(95)": 29.677816
        },
        "http_req_waiting": {
            "avg": 15364.191305,
            "max": 15364.191305,
            "med": 15364.191305,
            "min": 15364.191305,
            "p(90)": 15364.191305,
            "p(95)": 15364.191305
        },
        "http_reqs": {
            "count": 1,
            "rate": 0.06436057959729707
        },
        "iteration_duration": {
            "avg": 15405.457153,
            "max": 15405.457153,
            "med": 15405.457153,
            "min": 15405.457153,
            "p(90)": 15405.457153,
            "p(95)": 15405.457153
        },
        "iterations": {
            "count": 1,
            "rate": 0.06436057959729707
        },
        "vus": {
            "max": 1,
            "min": 1,
            "value": 1
        },
        "vus_max": {
            "max": 1,
            "min": 1,
            "value": 1
        }
    },
    "root_group": {
        "name": "",
        "path": "",
        "id": "d41d8cd98f00b204e9800998ecf8427e",
        "groups": {},
        "checks": {
            "status is 200": {
                "name": "status is 200",
                "path": "::status is 200",
                "id": "6210a8cd14cd70477eba5c5e4cb3fb5f",
                "passes": 1,
                "fails": 0
            }
        }
    }
}
