{
    "metrics": {
        "checks": {
            "fails": 0,
            "passes": 149,
            "value": 0
        },
        "data_received": {
            "count": 81293,
            "rate": 90.26085226368856
        },
        "data_sent": {
            "count": 107125,
            "rate": 118.94251410020095
        },
        "http_req_blocked": {
            "avg": 0.3900212080536914,
            "max": 31.810783,
            "med": 0.011733,
            "min": 0.008171,
            "p(90)": 0.017754,
            "p(95)": 0.019387799999999997
        },
        "http_req_connecting": {
            "avg": 0.09633275838926174,
            "max": 8.493514,
            "med": 0,
            "min": 0,
            "p(90)": 0,
            "p(95)": 0
        },
        "http_req_duration": {
            "avg": 6043.608818107384,
            "max": 11360.550201,
            "med": 5938.986291,
            "min": 5698.838854,
            "p(90)": 6249.9177354,
            "p(95)": 6451.8952232
        },
        "http_req_receiving": {
            "avg": 0.1342474093959732,
            "max": 0.302973,
            "med": 0.124946,
            "min": 0.078572,
            "p(90)": 0.17637820000000012,
            "p(95)": 0.22591019999999998
        },
        "http_req_sending": {
            "avg": 0.052853281879194615,
            "max": 0.129906,
            "med": 0.047772,
            "min": 0.032407,
            "p(90)": 0.07320800000000001,
            "p(95)": 0.08164479999999999
        },
        "http_req_tls_handshaking": {
            "avg": 0.2783378187919463,
            "max": 23.130372,
            "med": 0,
            "min": 0,
            "p(90)": 0,
            "p(95)": 0
        },
        "http_req_waiting": {
            "avg": 6043.421717416108,
            "max": 11360.403324,
            "med": 5938.817482,
            "min": 5698.574922,
            "p(90)": 6249.7045792,
            "p(95)": 6451.7517968
        },
        "http_reqs": {
            "count": 149,
            "rate": 0.1654369624357521
        },
        "iteration_duration": {
            "avg": 6044.3337080671145,
            "max": 11360.84591,
            "med": 5939.276273,
            "min": 5699.150906,
            "p(90)": 6250.3672372,
            "p(95)": 6452.1863934
        },
        "iterations": {
            "count": 149,
            "rate": 0.1654369624357521
        },
        "vus": {
            "max": 1,
            "min": 1,
            "value": 1
        },
        "vus_max": {
            "max": 1,
            "min": 1,
            "value": 1
        }
    },
    "root_group": {
        "name": "",
        "path": "",
        "id": "d41d8cd98f00b204e9800998ecf8427e",
        "groups": {},
        "checks": {
            "status is 200": {
                "name": "status is 200",
                "path": "::status is 200",
                "id": "6210a8cd14cd70477eba5c5e4cb3fb5f",
                "passes": 149,
                "fails": 0
            }
        }
    }
}
