{
    "metrics": {
        "checks": {
            "fails": 0,
            "passes": 659,
            "value": 0
        },
        "data_received": {
            "count": 357113,
            "rate": 396.4946333038365
        },
        "data_sent": {
            "count": 455397,
            "rate": 505.6171758593701
        },
        "http_req_blocked": {
            "avg": 6.258322685887704,
            "max": 2179.806002,
            "med": 0.011943,
            "min": 0.008031,
            "p(90)": 0.017251,
            "p(95)": 0.0201141
        },
        "http_req_connecting": {
            "avg": 4.893168344461305,
            "max": 2151.462825,
            "med": 0,
            "min": 0,
            "p(90)": 0,
            "p(95)": 0
        },
        "http_req_duration": {
            "avg": 1360.0785383383895,
            "max": 11675.253478,
            "med": 990.618981,
            "min": 583.809654,
            "p(90)": 2594.886104800001,
            "p(95)": 3381.6828715
        },
        "http_req_receiving": {
            "avg": 0.13379569954476472,
            "max": 0.342084,
            "med": 0.124108,
            "min": 0.072076,
            "p(90)": 0.17492480000000002,
            "p(95)": 0.2285289
        },
        "http_req_sending": {
            "avg": 0.053117579666160854,
            "max": 0.246051,
            "med": 0.049238,
            "min": 0.03052,
            "p(90)": 0.0707778,
            "p(95)": 0.08246190000000002
        },
        "http_req_tls_handshaking": {
            "avg": 1.3497377298937785,
            "max": 502.418713,
            "med": 0,
            "min": 0,
            "p(90)": 0,
            "p(95)": 0
        },
        "http_req_waiting": {
            "avg": 1359.8916250591806,
            "max": 11675.067211,
            "med": 990.423774,
            "min": 583.589793,
            "p(90)": 2594.698217200001,
            "p(95)": 3381.4913453
        },
        "http_reqs": {
            "count": 659,
            "rate": 0.7316730652404932
        },
        "iteration_duration": {
            "avg": 1366.6636575235193,
            "max": 11675.581803,
            "med": 990.979504,
            "min": 584.254195,
            "p(90)": 2621.268814400002,
            "p(95)": 3381.9854674
        },
        "iterations": {
            "count": 659,
            "rate": 0.7316730652404932
        },
        "vus": {
            "max": 1,
            "min": 1,
            "value": 1
        },
        "vus_max": {
            "max": 1,
            "min": 1,
            "value": 1
        }
    },
    "root_group": {
        "name": "",
        "path": "",
        "id": "d41d8cd98f00b204e9800998ecf8427e",
        "groups": {},
        "checks": {
            "status is 200": {
                "name": "status is 200",
                "path": "::status is 200",
                "id": "6210a8cd14cd70477eba5c5e4cb3fb5f",
                "passes": 659,
                "fails": 0
            }
        }
    }
}
