{
    "metrics": {
        "checks": {
            "fails": 0,
            "passes": 803,
            "value": 0
        },
        "data_received": {
            "count": 435761,
            "rate": 492.90725548664636
        },
        "data_sent": {
            "count": 555095,
            "rate": 627.890869041424
        },
        "http_req_blocked": {
            "avg": 0.30329682938978786,
            "max": 45.423863,
            "med": 0.011734,
            "min": 0.007961,
            "p(90)": 0.0166228,
            "p(95)": 0.019416
        },
        "http_req_connecting": {
            "avg": 0.07430086799501867,
            "max": 10.305728,
            "med": 0,
            "min": 0,
            "p(90)": 0,
            "p(95)": 0
        },
        "http_req_duration": {
            "avg": 1100.2692135105842,
            "max": 7676.868871,
            "med": 821.602002,
            "min": 535.685743,
            "p(90)": 1794.0002370000007,
            "p(95)": 2506.911143599999
        },
        "http_req_receiving": {
            "avg": 0.12619817932752175,
            "max": 0.620961,
            "med": 0.120197,
            "min": 0.069562,
            "p(90)": 0.157422,
            "p(95)": 0.17692219999999997
        },
        "http_req_sending": {
            "avg": 0.04925640473225405,
            "max": 0.376376,
            "med": 0.045606,
            "min": 0.027238,
            "p(90)": 0.063891,
            "p(95)": 0.0703791
        },
        "http_req_tls_handshaking": {
            "avg": 0.21445119676214192,
            "max": 36.452722,
            "med": 0,
            "min": 0,
            "p(90)": 0,
            "p(95)": 0
        },
        "http_req_waiting": {
            "avg": 1100.0937589265247,
            "max": 7676.726255,
            "med": 821.447514,
            "min": 535.540543,
            "p(90)": 1793.8525508000007,
            "p(95)": 2506.7073174999987
        },
        "http_reqs": {
            "count": 803,
            "rate": 0.9083064481579972
        },
        "iteration_duration": {
            "avg": 1100.8827512453279,
            "max": 7677.167513,
            "med": 822.709097,
            "min": 535.946252,
            "p(90)": 1794.3039498000005,
            "p(95)": 2507.259464299999
        },
        "iterations": {
            "count": 803,
            "rate": 0.9083064481579972
        },
        "vus": {
            "max": 1,
            "min": 1,
            "value": 1
        },
        "vus_max": {
            "max": 1,
            "min": 1,
            "value": 1
        }
    },
    "root_group": {
        "name": "",
        "path": "",
        "id": "d41d8cd98f00b204e9800998ecf8427e",
        "groups": {},
        "checks": {
            "status is 200": {
                "name": "status is 200",
                "path": "::status is 200",
                "id": "6210a8cd14cd70477eba5c5e4cb3fb5f",
                "passes": 803,
                "fails": 0
            }
        }
    }
}
