{
    "metrics": {
        "checks": {
            "fails": 0,
            "passes": 1396,
            "value": 0
        },
        "data_received": {
            "count": 755405,
            "rate": 839.1349671360663
        },
        "data_sent": {
            "count": 967203,
            "rate": 1074.4089033285518
        },
        "http_req_blocked": {
            "avg": 0.25084372277936945,
            "max": 57.393594,
            "med": 0.005017,
            "min": 0.002626,
            "p(90)": 0.006337000000000001,
            "p(95)": 0.0140275
        },
        "http_req_connecting": {
            "avg": 0.06257585315186245,
            "max": 17.207618,
            "med": 0,
            "min": 0,
            "p(90)": 0,
            "p(95)": 0
        },
        "http_req_duration": {
            "avg": 644.3473379290833,
            "max": 11084.524783,
            "med": 459.5852645,
            "min": 240.091067,
            "p(90)": 1190.2904760000001,
            "p(95)": 1492.5752754999999
        },
        "http_req_receiving": {
            "avg": 0.099176694842407,
            "max": 0.169896,
            "med": 0.09781000000000001,
            "min": 0.052141,
            "p(90)": 0.11114550000000001,
            "p(95)": 0.11661525
        },
        "http_req_sending": {
            "avg": 0.043403080229226426,
            "max": 0.121253,
            "med": 0.044327,
            "min": 0.016276,
            "p(90)": 0.0542845,
            "p(95)": 0.056500249999999995
        },
        "http_req_tls_handshaking": {
            "avg": 0.18182414111747852,
            "max": 40.089157,
            "med": 0,
            "min": 0,
            "p(90)": 0,
            "p(95)": 0
        },
        "http_req_waiting": {
            "avg": 644.2047581540127,
            "max": 11084.391808,
            "med": 459.44995400000005,
            "min": 239.953442,
            "p(90)": 1190.139452,
            "p(95)": 1492.436966
        },
        "http_reqs": {
            "count": 1396,
            "rate": 1.5507342605912702
        },
        "iteration_duration": {
            "avg": 644.8247550644693,
            "max": 11084.741971,
            "med": 459.8279305,
            "min": 240.307201,
            "p(90)": 1190.5265104999999,
            "p(95)": 1492.8063132500001
        },
        "iterations": {
            "count": 1396,
            "rate": 1.5507342605912702
        },
        "vus": {
            "max": 1,
            "min": 1,
            "value": 1
        },
        "vus_max": {
            "max": 1,
            "min": 1,
            "value": 1
        }
    },
    "root_group": {
        "name": "",
        "path": "",
        "id": "d41d8cd98f00b204e9800998ecf8427e",
        "groups": {},
        "checks": {
            "status is 200": {
                "name": "status is 200",
                "path": "::status is 200",
                "id": "6210a8cd14cd70477eba5c5e4cb3fb5f",
                "passes": 1396,
                "fails": 0
            }
        }
    }
}
