{
    "metrics": {
        "checks": {
            "fails": 0,
            "passes": 984,
            "value": 0
        },
        "data_received": {
            "count": 532637,
            "rate": 591.3186002116734
        },
        "data_sent": {
            "count": 681795,
            "rate": 756.9096120459484
        },
        "http_req_blocked": {
            "avg": 0.44548203455284563,
            "max": 258.271233,
            "med": 0.005112500000000001,
            "min": 0.002947,
            "p(90)": 0.006899400000000003,
            "p(95)": 0.0140857
        },
        "http_req_connecting": {
            "avg": 0.058327051829268284,
            "max": 14.568617,
            "med": 0,
            "min": 0,
            "p(90)": 0,
            "p(95)": 0
        },
        "http_req_duration": {
            "avg": 914.6950323709348,
            "max": 12454.705713,
            "med": 664.7507674999999,
            "min": 263.821558,
            "p(90)": 1689.9907993000013,
            "p(95)": 2221.051135299999
        },
        "http_req_receiving": {
            "avg": 0.10080185975609753,
            "max": 0.1741,
            "med": 0.099417,
            "min": 0.061423,
            "p(90)": 0.11295670000000001,
            "p(95)": 0.11913164999999998
        },
        "http_req_sending": {
            "avg": 0.04388230386178861,
            "max": 0.123215,
            "med": 0.045102500000000004,
            "min": 0.019198,
            "p(90)": 0.0532755,
            "p(95)": 0.056423350000000004
        },
        "http_req_tls_handshaking": {
            "avg": 0.3802647042682927,
            "max": 243.534579,
            "med": 0,
            "min": 0,
            "p(90)": 0,
            "p(95)": 0
        },
        "http_req_waiting": {
            "avg": 914.5503482073185,
            "max": 12454.486029,
            "med": 664.6059495,
            "min": 263.71477,
            "p(90)": 1689.805033600001,
            "p(95)": 2220.9118032999986
        },
        "http_reqs": {
            "count": 984,
            "rate": 1.0924090940139093
        },
        "iteration_duration": {
            "avg": 915.3688654969528,
            "max": 12469.555976,
            "med": 664.9952734999999,
            "min": 264.002502,
            "p(90)": 1690.209592300001,
            "p(95)": 2221.292941249999
        },
        "iterations": {
            "count": 984,
            "rate": 1.0924090940139093
        },
        "vus": {
            "max": 1,
            "min": 1,
            "value": 1
        },
        "vus_max": {
            "max": 1,
            "min": 1,
            "value": 1
        }
    },
    "root_group": {
        "name": "",
        "path": "",
        "id": "d41d8cd98f00b204e9800998ecf8427e",
        "groups": {},
        "checks": {
            "status is 200": {
                "name": "status is 200",
                "path": "::status is 200",
                "id": "6210a8cd14cd70477eba5c5e4cb3fb5f",
                "passes": 984,
                "fails": 0
            }
        }
    }
}
