{
    "metrics": {
        "checks": {
            "fails": 0,
            "passes": 1442,
            "value": 0
        },
        "data_received": {
            "count": 781001,
            "rate": 867.345826622697
        },
        "data_sent": {
            "count": 999282,
            "rate": 1109.7592350319424
        },
        "http_req_blocked": {
            "avg": 0.4679410700416082,
            "max": 259.639459,
            "med": 0.0050054999999999995,
            "min": 0.002894,
            "p(90)": 0.006386100000000001,
            "p(95)": 0.014291749999999999
        },
        "http_req_connecting": {
            "avg": 0.08428927323162275,
            "max": 18.336118,
            "med": 0,
            "min": 0,
            "p(90)": 0,
            "p(95)": 0
        },
        "http_req_duration": {
            "avg": 623.7270656830798,
            "max": 6260.139803,
            "med": 493.50280050000003,
            "min": 248.58488,
            "p(90)": 1084.8817389000003,
            "p(95)": 1309.04328125
        },
        "http_req_receiving": {
            "avg": 0.09397858945908476,
            "max": 0.1799,
            "med": 0.0954095,
            "min": 0.048995,
            "p(90)": 0.10931670000000002,
            "p(95)": 0.11391380000000001
        },
        "http_req_sending": {
            "avg": 0.041798082524271855,
            "max": 0.126145,
            "med": 0.0424065,
            "min": 0.01687,
            "p(90)": 0.05367140000000002,
            "p(95)": 0.0559765
        },
        "http_req_tls_handshaking": {
            "avg": 0.3772760485436893,
            "max": 251.597557,
            "med": 0,
            "min": 0,
            "p(90)": 0,
            "p(95)": 0
        },
        "http_req_waiting": {
            "avg": 623.5912890110956,
            "max": 6259.995928,
            "med": 493.3788855,
            "min": 248.41453,
            "p(90)": 1084.7371883,
            "p(95)": 1308.8872261
        },
        "http_reqs": {
            "count": 1442,
            "rate": 1.6014226383704107
        },
        "iteration_duration": {
            "avg": 624.4108694257973,
            "max": 6260.33977,
            "med": 495.62416299999995,
            "min": 248.84477,
            "p(90)": 1085.1176598000002,
            "p(95)": 1309.27889525
        },
        "iterations": {
            "count": 1442,
            "rate": 1.6014226383704107
        },
        "vus": {
            "max": 1,
            "min": 1,
            "value": 1
        },
        "vus_max": {
            "max": 1,
            "min": 1,
            "value": 1
        }
    },
    "root_group": {
        "name": "",
        "path": "",
        "id": "d41d8cd98f00b204e9800998ecf8427e",
        "groups": {},
        "checks": {
            "status is 200": {
                "name": "status is 200",
                "path": "::status is 200",
                "id": "6210a8cd14cd70477eba5c5e4cb3fb5f",
                "passes": 1442,
                "fails": 0
            }
        }
    }
}
