{
    "metrics": {
        "checks": {
            "fails": 0,
            "passes": 3370,
            "value": 0
        },
        "data_received": {
            "count": 1820467,
            "rate": 2021.7460470050257
        },
        "data_sent": {
            "count": 1849709,
            "rate": 2054.221174489633
        },
        "http_req_blocked": {
            "avg": 3.7050281845697333,
            "max": 3293.188951,
            "med": 0.004041,
            "min": 0.002366,
            "p(90)": 0.0056571,
            "p(95)": 0.0067253999999999925
        },
        "http_req_connecting": {
            "avg": 2.203665946290801,
            "max": 3047.964408,
            "med": 0,
            "min": 0,
            "p(90)": 0,
            "p(95)": 0
        },
        "http_req_duration": {
            "avg": 263.26635928457006,
            "max": 8017.256355,
            "med": 150.0294705,
            "min": 61.112183,
            "p(90)": 520.3040027,
            "p(95)": 743.1255707499997
        },
        "http_req_receiving": {
            "avg": 0.0887479925816024,
            "max": 0.22342,
            "med": 0.08619750000000001,
            "min": 0.044677,
            "p(90)": 0.1071103,
            "p(95)": 0.1161068
        },
        "http_req_sending": {
            "avg": 0.03405541275964386,
            "max": 0.243821,
            "med": 0.0310245,
            "min": 0.016308,
            "p(90)": 0.0424955,
            "p(95)": 0.04908719999999995
        },
        "http_req_tls_handshaking": {
            "avg": 1.4958193818991095,
            "max": 929.023771,
            "med": 0,
            "min": 0,
            "p(90)": 0,
            "p(95)": 0
        },
        "http_req_waiting": {
            "avg": 263.14355587922887,
            "max": 8017.132849,
            "med": 149.913429,
            "min": 60.949439,
            "p(90)": 520.149142,
            "p(95)": 742.9949446999997
        },
        "http_reqs": {
            "count": 3370,
            "rate": 3.7426024082869596
        },
        "iteration_duration": {
            "avg": 267.1742290991095,
            "max": 8017.475815,
            "med": 151.72912,
            "min": 61.332763,
            "p(90)": 528.3727054999999,
            "p(95)": 765.69123695
        },
        "iterations": {
            "count": 3370,
            "rate": 3.7426024082869596
        },
        "vus": {
            "max": 1,
            "min": 1,
            "value": 1
        },
        "vus_max": {
            "max": 1,
            "min": 1,
            "value": 1
        }
    },
    "root_group": {
        "name": "",
        "path": "",
        "id": "d41d8cd98f00b204e9800998ecf8427e",
        "groups": {},
        "checks": {
            "status is 200": {
                "name": "status is 200",
                "path": "::status is 200",
                "id": "6210a8cd14cd70477eba5c5e4cb3fb5f",
                "passes": 3370,
                "fails": 0
            }
        }
    }
}
