{
    "metrics": {
        "checks": {
            "fails": 0,
            "passes": 1492,
            "value": 0
        },
        "data_received": {
            "count": 807401,
            "rate": 896.7458677857028
        },
        "data_sent": {
            "count": 1033732,
            "rate": 1148.1220600393733
        },
        "http_req_blocked": {
            "avg": 0.3706312680965146,
            "max": 88.423674,
            "med": 0.0050904999999999995,
            "min": 0.002701,
            "p(90)": 0.0067954000000000035,
            "p(95)": 0.014114550000000002
        },
        "http_req_connecting": {
            "avg": 0.13984791756032172,
            "max": 50.846839,
            "med": 0,
            "min": 0,
            "p(90)": 0,
            "p(95)": 0
        },
        "http_req_duration": {
            "avg": 602.8390477352544,
            "max": 11007.967685,
            "med": 420.310512,
            "min": 249.941826,
            "p(90)": 1045.0147409000003,
            "p(95)": 1355.7378753500009
        },
        "http_req_receiving": {
            "avg": 0.10040532707774788,
            "max": 0.165632,
            "med": 0.09925600000000001,
            "min": 0.057081,
            "p(90)": 0.1120473,
            "p(95)": 0.11941230000000001
        },
        "http_req_sending": {
            "avg": 0.0433623076407507,
            "max": 0.111416,
            "med": 0.0440795,
            "min": 0.019541,
            "p(90)": 0.0531881,
            "p(95)": 0.0569579
        },
        "http_req_tls_handshaking": {
            "avg": 0.2240195904825737,
            "max": 52.170265,
            "med": 0,
            "min": 0,
            "p(90)": 0,
            "p(95)": 0
        },
        "http_req_waiting": {
            "avg": 602.6952801005367,
            "max": 11007.821215,
            "med": 420.16763349999997,
            "min": 249.785216,
            "p(90)": 1044.8608358000001,
            "p(95)": 1355.606231300001
        },
        "http_reqs": {
            "count": 1492,
            "rate": 1.6571007897392604
        },
        "iteration_duration": {
            "avg": 603.4342854819032,
            "max": 11008.197569,
            "med": 421.1994785,
            "min": 250.158128,
            "p(90)": 1045.2347350000002,
            "p(95)": 1355.954425700001
        },
        "iterations": {
            "count": 1492,
            "rate": 1.6571007897392604
        },
        "vus": {
            "max": 1,
            "min": 1,
            "value": 1
        },
        "vus_max": {
            "max": 1,
            "min": 1,
            "value": 1
        }
    },
    "root_group": {
        "name": "",
        "path": "",
        "id": "d41d8cd98f00b204e9800998ecf8427e",
        "groups": {},
        "checks": {
            "status is 200": {
                "name": "status is 200",
                "path": "::status is 200",
                "id": "6210a8cd14cd70477eba5c5e4cb3fb5f",
                "passes": 1492,
                "fails": 0
            }
        }
    }
}
