{
    "metrics": {
        "checks": {
            "fails": 0,
            "passes": 5156,
            "value": 0
        },
        "data_received": {
            "count": 2785233,
            "rate": 3111.6800019988605
        },
        "data_sent": {
            "count": 2830009,
            "rate": 3161.704033657792
        },
        "http_req_blocked": {
            "avg": 0.8561347581458485,
            "max": 1275.223198,
            "med": 0.003027,
            "min": 0.002231,
            "p(90)": 0.004371,
            "p(95)": 0.01531625
        },
        "http_req_connecting": {
            "avg": 0.45965926551590375,
            "max": 1029.282387,
            "med": 0,
            "min": 0,
            "p(90)": 0,
            "p(95)": 0
        },
        "http_req_duration": {
            "avg": 172.57195645500377,
            "max": 8928.112764,
            "med": 111.3068165,
            "min": 52.990582,
            "p(90)": 316.845341,
            "p(95)": 452.91455299999996
        },
        "http_req_receiving": {
            "avg": 0.06762291136539922,
            "max": 0.185195,
            "med": 0.066502,
            "min": 0.037703,
            "p(90)": 0.07965649999999999,
            "p(95)": 0.0860975
        },
        "http_req_sending": {
            "avg": 0.033239754460822356,
            "max": 0.122694,
            "med": 0.033613000000000004,
            "min": 0.013915,
            "p(90)": 0.0487765,
            "p(95)": 0.05097575
        },
        "http_req_tls_handshaking": {
            "avg": 0.39196033475562453,
            "max": 457.267101,
            "med": 0,
            "min": 0,
            "p(90)": 0,
            "p(95)": 0
        },
        "http_req_waiting": {
            "avg": 172.47109378917773,
            "max": 8927.994075,
            "med": 111.191307,
            "min": 52.900388,
            "p(90)": 316.73037999999997,
            "p(95)": 452.79709875000003
        },
        "http_reqs": {
            "count": 5156,
            "rate": 5.760315955722959
        },
        "iteration_duration": {
            "avg": 173.58857779247498,
            "max": 8928.288337,
            "med": 111.80883,
            "min": 53.117904,
            "p(90)": 318.4595485,
            "p(95)": 455.09916899999996
        },
        "iterations": {
            "count": 5156,
            "rate": 5.760315955722959
        },
        "vus": {
            "max": 1,
            "min": 1,
            "value": 1
        },
        "vus_max": {
            "max": 1,
            "min": 1,
            "value": 1
        }
    },
    "root_group": {
        "name": "",
        "path": "",
        "id": "d41d8cd98f00b204e9800998ecf8427e",
        "groups": {},
        "checks": {
            "status is 200": {
                "name": "status is 200",
                "path": "::status is 200",
                "id": "6210a8cd14cd70477eba5c5e4cb3fb5f",
                "passes": 5156,
                "fails": 0
            }
        }
    }
}
