{
    "metrics": {
        "checks": {
            "fails": 0,
            "passes": 1630,
            "value": 0
        },
        "data_received": {
            "count": 882881,
            "rate": 980.8387043599552
        },
        "data_sent": {
            "count": 1129584,
            "rate": 1254.9139771109988
        },
        "http_req_blocked": {
            "avg": 0.9809670680981565,
            "max": 937.659906,
            "med": 0.0049689999999999995,
            "min": 0.002895,
            "p(90)": 0.006893700000000001,
            "p(95)": 0.014147799999999999
        },
        "http_req_connecting": {
            "avg": 0.0817426662576687,
            "max": 18.27958,
            "med": 0,
            "min": 0,
            "p(90)": 0,
            "p(95)": 0
        },
        "http_req_duration": {
            "avg": 550.9881860049079,
            "max": 7998.426028,
            "med": 406.048588,
            "min": 247.481037,
            "p(90)": 956.4596799000001,
            "p(95)": 1216.9656279499998
        },
        "http_req_receiving": {
            "avg": 0.10060409631901844,
            "max": 0.189683,
            "med": 0.099151,
            "min": 0.056997,
            "p(90)": 0.11214679999999999,
            "p(95)": 0.11773965
        },
        "http_req_sending": {
            "avg": 0.04399436257668714,
            "max": 0.113994,
            "med": 0.0447945,
            "min": 0.020741,
            "p(90)": 0.0539801,
            "p(95)": 0.056017449999999996
        },
        "http_req_tls_handshaking": {
            "avg": 0.892530380368098,
            "max": 927.585612,
            "med": 0,
            "min": 0,
            "p(90)": 0,
            "p(95)": 0
        },
        "http_req_waiting": {
            "avg": 550.8435875460132,
            "max": 7998.204194,
            "med": 405.890092,
            "min": 247.323682,
            "p(90)": 956.3214635,
            "p(95)": 1216.8345012499997
        },
        "http_reqs": {
            "count": 1630,
            "rate": 1.8108522984487456
        },
        "iteration_duration": {
            "avg": 552.1933585711652,
            "max": 8024.998875,
            "med": 406.3315615,
            "min": 247.682651,
            "p(90)": 958.9238342000003,
            "p(95)": 1233.5451062499988
        },
        "iterations": {
            "count": 1630,
            "rate": 1.8108522984487456
        },
        "vus": {
            "max": 1,
            "min": 1,
            "value": 1
        },
        "vus_max": {
            "max": 1,
            "min": 1,
            "value": 1
        }
    },
    "root_group": {
        "name": "",
        "path": "",
        "id": "d41d8cd98f00b204e9800998ecf8427e",
        "groups": {},
        "checks": {
            "status is 200": {
                "name": "status is 200",
                "path": "::status is 200",
                "id": "6210a8cd14cd70477eba5c5e4cb3fb5f",
                "passes": 1630,
                "fails": 0
            }
        }
    }
}
