{
    "metrics": {
        "checks": {
            "fails": 0,
            "passes": 1404,
            "value": 0
        },
        "data_received": {
            "count": 760937,
            "rate": 844.8690116405
        },
        "data_sent": {
            "count": 973100,
            "rate": 1080.43377471114
        },
        "http_req_blocked": {
            "avg": 1.1605829309116815,
            "max": 1051.838544,
            "med": 0.0038975,
            "min": 0.00247,
            "p(90)": 0.004780500000000001,
            "p(95)": 0.00854169999999999
        },
        "http_req_connecting": {
            "avg": 0.8072516631054131,
            "max": 1035.984855,
            "med": 0,
            "min": 0,
            "p(90)": 0,
            "p(95)": 0
        },
        "http_req_duration": {
            "avg": 640.1131326118234,
            "max": 15540.715755,
            "med": 476.8882,
            "min": 254.141479,
            "p(90)": 986.7174431000002,
            "p(95)": 1386.670932049998
        },
        "http_req_receiving": {
            "avg": 0.0779058945868946,
            "max": 0.510185,
            "med": 0.076832,
            "min": 0.048528,
            "p(90)": 0.0897302,
            "p(95)": 0.09477739999999998
        },
        "http_req_sending": {
            "avg": 0.03659027350427349,
            "max": 0.109481,
            "med": 0.0385165,
            "min": 0.018056,
            "p(90)": 0.04829980000000001,
            "p(95)": 0.05390904999999999
        },
        "http_req_tls_handshaking": {
            "avg": 0.34808541737891735,
            "max": 235.621483,
            "med": 0,
            "min": 0,
            "p(90)": 0,
            "p(95)": 0
        },
        "http_req_waiting": {
            "avg": 639.9986364437314,
            "max": 15540.589267,
            "med": 476.7710135,
            "min": 254.023196,
            "p(90)": 986.6172556000001,
            "p(95)": 1386.545418549998
        },
        "http_reqs": {
            "count": 1404,
            "rate": 1.558862418759059
        },
        "iteration_duration": {
            "avg": 641.4609186595451,
            "max": 15540.925328,
            "med": 477.111644,
            "min": 254.309496,
            "p(90)": 986.8978123000002,
            "p(95)": 1391.5066209
        },
        "iterations": {
            "count": 1404,
            "rate": 1.558862418759059
        },
        "vus": {
            "max": 1,
            "min": 1,
            "value": 1
        },
        "vus_max": {
            "max": 1,
            "min": 1,
            "value": 1
        }
    },
    "root_group": {
        "name": "",
        "path": "",
        "id": "d41d8cd98f00b204e9800998ecf8427e",
        "groups": {},
        "checks": {
            "status is 200": {
                "name": "status is 200",
                "path": "::status is 200",
                "id": "6210a8cd14cd70477eba5c5e4cb3fb5f",
                "passes": 1404,
                "fails": 0
            }
        }
    }
}
