{
    "metrics": {
        "checks": {
            "fails": 0,
            "passes": 4215,
            "value": 0
        },
        "data_received": {
            "count": 2277554,
            "rate": 2528.038408975226
        },
        "data_sent": {
            "count": 2313699,
            "rate": 2568.1586205234084
        },
        "http_req_blocked": {
            "avg": 0.2149051297746146,
            "max": 59.471552,
            "med": 0.005063,
            "min": 0.002264,
            "p(90)": 0.0074487999999999985,
            "p(95)": 0.014180199999999995
        },
        "http_req_connecting": {
            "avg": 0.05772608493475684,
            "max": 14.220765,
            "med": 0,
            "min": 0,
            "p(90)": 0,
            "p(95)": 0
        },
        "http_req_duration": {
            "avg": 213.27638242799546,
            "max": 7979.919279,
            "med": 133.540557,
            "min": 54.728907,
            "p(90)": 382.16150739999995,
            "p(95)": 534.2534506999998
        },
        "http_req_receiving": {
            "avg": 0.09963379525504168,
            "max": 0.234599,
            "med": 0.098334,
            "min": 0.04824,
            "p(90)": 0.1103682,
            "p(95)": 0.11532719999999999
        },
        "http_req_sending": {
            "avg": 0.04423562514827992,
            "max": 0.378442,
            "med": 0.0452,
            "min": 0.015645,
            "p(90)": 0.054326200000000005,
            "p(95)": 0.056549499999999996
        },
        "http_req_tls_handshaking": {
            "avg": 0.15042360071174377,
            "max": 49.84008,
            "med": 0,
            "min": 0,
            "p(90)": 0,
            "p(95)": 0
        },
        "http_req_waiting": {
            "avg": 213.13251300759177,
            "max": 7979.775604,
            "med": 133.377971,
            "min": 54.582046,
            "p(90)": 382.02432259999995,
            "p(95)": 534.1052412999999
        },
        "http_reqs": {
            "count": 4215,
            "rate": 4.678563886445976
        },
        "iteration_duration": {
            "avg": 213.72190430889694,
            "max": 7980.16873,
            "med": 133.967603,
            "min": 54.967844,
            "p(90)": 382.39922519999993,
            "p(95)": 534.4985797999998
        },
        "iterations": {
            "count": 4215,
            "rate": 4.678563886445976
        },
        "vus": {
            "max": 1,
            "min": 1,
            "value": 1
        },
        "vus_max": {
            "max": 1,
            "min": 1,
            "value": 1
        }
    },
    "root_group": {
        "name": "",
        "path": "",
        "id": "d41d8cd98f00b204e9800998ecf8427e",
        "groups": {},
        "checks": {
            "status is 200": {
                "name": "status is 200",
                "path": "::status is 200",
                "id": "6210a8cd14cd70477eba5c5e4cb3fb5f",
                "passes": 4215,
                "fails": 0
            }
        }
    }
}
