{
    "metrics": {
        "checks": {
            "fails": 0,
            "passes": 1151,
            "value": 0
        },
        "data_received": {
            "count": 623429,
            "rate": 697.5885307843073
        },
        "data_sent": {
            "count": 797628,
            "rate": 892.5092426441912
        },
        "http_req_blocked": {
            "avg": 0.2559564335360558,
            "max": 32.956105,
            "med": 0.004911,
            "min": 0.002418,
            "p(90)": 0.007404,
            "p(95)": 0.0140115
        },
        "http_req_connecting": {
            "avg": 0.06609665421372721,
            "max": 11.821912,
            "med": 0,
            "min": 0,
            "p(90)": 0,
            "p(95)": 0
        },
        "http_req_duration": {
            "avg": 775.9328109226748,
            "max": 9418.74136,
            "med": 392.335539,
            "min": 251.611162,
            "p(90)": 1283.079151,
            "p(95)": 3353.325918
        },
        "http_req_receiving": {
            "avg": 0.0997615108601216,
            "max": 0.216041,
            "med": 0.098568,
            "min": 0.052247,
            "p(90)": 0.109791,
            "p(95)": 0.11503
        },
        "http_req_sending": {
            "avg": 0.04295929800173765,
            "max": 0.124737,
            "med": 0.043942,
            "min": 0.019436,
            "p(90)": 0.052377,
            "p(95)": 0.0557175
        },
        "http_req_tls_handshaking": {
            "avg": 0.18320857602085142,
            "max": 28.797402,
            "med": 0,
            "min": 0,
            "p(90)": 0,
            "p(95)": 0
        },
        "http_req_waiting": {
            "avg": 775.7900901138139,
            "max": 9418.617076,
            "med": 392.202763,
            "min": 251.460534,
            "p(90)": 1282.932063,
            "p(95)": 3353.1774375
        },
        "http_reqs": {
            "count": 1151,
            "rate": 1.2879163448167117
        },
        "iteration_duration": {
            "avg": 776.4133394569952,
            "max": 9418.977878,
            "med": 392.802609,
            "min": 251.856826,
            "p(90)": 1283.386612,
            "p(95)": 3353.5623465
        },
        "iterations": {
            "count": 1151,
            "rate": 1.2879163448167117
        },
        "vus": {
            "max": 1,
            "min": 1,
            "value": 1
        },
        "vus_max": {
            "max": 1,
            "min": 1,
            "value": 1
        }
    },
    "root_group": {
        "name": "",
        "path": "",
        "id": "d41d8cd98f00b204e9800998ecf8427e",
        "groups": {},
        "checks": {
            "status is 200": {
                "name": "status is 200",
                "path": "::status is 200",
                "id": "6210a8cd14cd70477eba5c5e4cb3fb5f",
                "passes": 1151,
                "fails": 0
            }
        }
    }
}
