{
    "metrics": {
        "checks": {
            "fails": 0,
            "passes": 1219,
            "value": 0
        },
        "data_received": {
            "count": 660641,
            "rate": 740.0342956456944
        },
        "data_sent": {
            "count": 844865,
            "rate": 946.3976277444174
        },
        "http_req_blocked": {
            "avg": 1.5206176644790814,
            "max": 1298.067156,
            "med": 0.004896,
            "min": 0.002387,
            "p(90)": 0.006172200000000001,
            "p(95)": 0.0142176
        },
        "http_req_connecting": {
            "avg": 0.9078748457752256,
            "max": 1023.093422,
            "med": 0,
            "min": 0,
            "p(90)": 0,
            "p(95)": 0
        },
        "http_req_duration": {
            "avg": 730.557690672682,
            "max": 10890.904523,
            "med": 444.310497,
            "min": 260.439101,
            "p(90)": 1200.9262466000002,
            "p(95)": 1637.4753228999984
        },
        "http_req_receiving": {
            "avg": 0.09341937571780144,
            "max": 0.22921,
            "med": 0.095022,
            "min": 0.049346,
            "p(90)": 0.1087804,
            "p(95)": 0.11488019999999997
        },
        "http_req_sending": {
            "avg": 0.041126805578342876,
            "max": 0.146971,
            "med": 0.041034,
            "min": 0.016206,
            "p(90)": 0.052391799999999995,
            "p(95)": 0.05503519999999999
        },
        "http_req_tls_handshaking": {
            "avg": 0.6066048556193602,
            "max": 274.881823,
            "med": 0,
            "min": 0,
            "p(90)": 0,
            "p(95)": 0
        },
        "http_req_waiting": {
            "avg": 730.423144491387,
            "max": 10890.5933,
            "med": 444.159599,
            "min": 260.312229,
            "p(90)": 1200.7794752000002,
            "p(95)": 1637.3365723999987
        },
        "http_reqs": {
            "count": 1219,
            "rate": 1.3654947337390528
        },
        "iteration_duration": {
            "avg": 732.296909323215,
            "max": 10906.23097,
            "med": 445.909961,
            "min": 260.645541,
            "p(90)": 1214.4223492000003,
            "p(95)": 1654.605266499997
        },
        "iterations": {
            "count": 1219,
            "rate": 1.3654947337390528
        },
        "vus": {
            "max": 1,
            "min": 1,
            "value": 1
        },
        "vus_max": {
            "max": 1,
            "min": 1,
            "value": 1
        }
    },
    "root_group": {
        "name": "",
        "path": "",
        "id": "d41d8cd98f00b204e9800998ecf8427e",
        "groups": {},
        "checks": {
            "status is 200": {
                "name": "status is 200",
                "path": "::status is 200",
                "id": "6210a8cd14cd70477eba5c5e4cb3fb5f",
                "passes": 1219,
                "fails": 0
            }
        }
    }
}
