{
    "metrics": {
        "checks": {
            "fails": 0,
            "passes": 1367,
            "value": 0
        },
        "data_received": {
            "count": 740093,
            "rate": 844.090522852389
        },
        "data_sent": {
            "count": 947222,
            "rate": 1080.3251932355604
        },
        "http_req_blocked": {
            "avg": 1.2514008244330652,
            "max": 1036.553198,
            "med": 0.005132,
            "min": 0.002702,
            "p(90)": 0.0074298,
            "p(95)": 0.0143269
        },
        "http_req_connecting": {
            "avg": 0.8330529239209947,
            "max": 1019.395829,
            "med": 0,
            "min": 0,
            "p(90)": 0,
            "p(95)": 0
        },
        "http_req_duration": {
            "avg": 639.8883960402326,
            "max": 7660.134279,
            "med": 470.362706,
            "min": 244.388068,
            "p(90)": 1183.0712302000002,
            "p(95)": 1465.9645475
        },
        "http_req_receiving": {
            "avg": 0.10169399780541327,
            "max": 0.610132,
            "med": 0.099818,
            "min": 0.055645,
            "p(90)": 0.111735,
            "p(95)": 0.1181799
        },
        "http_req_sending": {
            "avg": 0.044002281638624775,
            "max": 0.126271,
            "med": 0.044775,
            "min": 0.020335,
            "p(90)": 0.05443220000000001,
            "p(95)": 0.0567146
        },
        "http_req_tls_handshaking": {
            "avg": 0.4114186225310901,
            "max": 253.943608,
            "med": 0,
            "min": 0,
            "p(90)": 0,
            "p(95)": 0
        },
        "http_req_waiting": {
            "avg": 639.7426997607901,
            "max": 7659.892893,
            "med": 470.224056,
            "min": 244.245688,
            "p(90)": 1182.9400988000002,
            "p(95)": 1465.7964596
        },
        "http_reqs": {
            "count": 1367,
            "rate": 1.559090201824927
        },
        "iteration_duration": {
            "avg": 641.3676413013903,
            "max": 7729.839303,
            "med": 471.128988,
            "min": 244.627288,
            "p(90)": 1184.6204874,
            "p(95)": 1472.0067491000004
        },
        "iterations": {
            "count": 1367,
            "rate": 1.559090201824927
        },
        "vus": {
            "max": 1,
            "min": 1,
            "value": 1
        },
        "vus_max": {
            "max": 1,
            "min": 1,
            "value": 1
        }
    },
    "root_group": {
        "name": "",
        "path": "",
        "id": "d41d8cd98f00b204e9800998ecf8427e",
        "groups": {},
        "checks": {
            "status is 200": {
                "name": "status is 200",
                "path": "::status is 200",
                "id": "6210a8cd14cd70477eba5c5e4cb3fb5f",
                "passes": 1367,
                "fails": 0
            }
        }
    }
}
