{
    "metrics": {
        "checks": {
            "fails": 0,
            "passes": 2,
            "value": 0
        },
        "data_received": {
            "count": 2369,
            "rate": 104.01334032654697
        },
        "data_sent": {
            "count": 2527,
            "rate": 110.95049008239097
        },
        "http_req_blocked": {
            "avg": 27.875561,
            "max": 55.746637,
            "med": 27.875561,
            "min": 0.004485,
            "p(90)": 50.1724218,
            "p(95)": 52.9595294
        },
        "http_req_connecting": {
            "avg": 2.08216,
            "max": 4.16432,
            "med": 2.08216,
            "min": 0,
            "p(90)": 3.747888,
            "p(95)": 3.956104
        },
        "http_req_duration": {
            "avg": 9802.479658,
            "max": 13513.56523,
            "med": 9802.479658,
            "min": 6091.394086,
            "p(90)": 12771.348115600002,
            "p(95)": 13142.456672799999
        },
        "http_req_receiving": {
            "avg": 0.12420149999999999,
            "max": 0.138737,
            "med": 0.12420149999999999,
            "min": 0.109666,
            "p(90)": 0.1358299,
            "p(95)": 0.13728345
        },
        "http_req_sending": {
            "avg": 0.07521649999999999,
            "max": 0.115631,
            "med": 0.07521649999999999,
            "min": 0.034802,
            "p(90)": 0.1075481,
            "p(95)": 0.11158955
        },
        "http_req_tls_handshaking": {
            "avg": 25.7428415,
            "max": 51.485683,
            "med": 25.7428415,
            "min": 0,
            "p(90)": 46.3371147,
            "p(95)": 48.91139885
        },
        "http_req_waiting": {
            "avg": 9802.28024,
            "max": 13513.310862,
            "med": 9802.28024,
            "min": 6091.249618,
            "p(90)": 12771.1047376,
            "p(95)": 13142.207799799999
        },
        "http_reqs": {
            "count": 2,
            "rate": 0.08781202222587334
        },
        "iteration_duration": {
            "avg": 9830.655276,
            "max": 13569.713087,
            "med": 9830.655276,
            "min": 6091.597465,
            "p(90)": 12821.9015248,
            "p(95)": 13195.8073059
        },
        "iterations": {
            "count": 2,
            "rate": 0.08781202222587334
        },
        "vus": {
            "max": 1,
            "min": 1,
            "value": 1
        },
        "vus_max": {
            "max": 1,
            "min": 1,
            "value": 1
        }
    },
    "root_group": {
        "name": "",
        "path": "",
        "id": "d41d8cd98f00b204e9800998ecf8427e",
        "groups": {},
        "checks": {
            "status is 200": {
                "name": "status is 200",
                "path": "::status is 200",
                "id": "6210a8cd14cd70477eba5c5e4cb3fb5f",
                "passes": 2,
                "fails": 0
            }
        }
    }
}
