{
    "metrics": {
        "data_received": {
            "count": 20037810,
            "rate": 5563.54035162959
        },
        "data_sent": {
            "count": 9143545,
            "rate": 2538.724619329207
        },
        "http_req_blocked": {
            "avg": 3.1281760553867217,
            "max": 7540.138063,
            "med": 0.011943,
            "min": 0.005587,
            "p(90)": 0.016971600000000003,
            "p(95)": 0.019626
        },
        "http_req_connecting": {
            "avg": 2.1614630191231554,
            "max": 7238.775249,
            "med": 0,
            "min": 0,
            "p(90)": 0,
            "p(95)": 0
        },
        "http_req_duration": {
            "avg": 1583.1226639701702,
            "max": 60665.429634,
            "med": 1454.466077,
            "min": 636.653384,
            "p(90)": 2148.9184520000003,
            "p(95)": 2443.9851224999998
        },
        "http_req_receiving": {
            "avg": 0.1221816558272746,
            "max": 6.63425,
            "med": 0.115586,
            "min": 0.049238,
            "p(90)": 0.1546996,
            "p(95)": 0.175791
        },
        "http_req_sending": {
            "avg": 0.0472314995814058,
            "max": 1.086516,
            "med": 0.04386,
            "min": 0.019137,
            "p(90)": 0.061041,
            "p(95)": 0.068794
        },
        "http_req_tls_handshaking": {
            "avg": 0.951737849438202,
            "max": 914.405127,
            "med": 0,
            "min": 0,
            "p(90)": 0,
            "p(95)": 0
        },
        "http_req_waiting": {
            "avg": 1582.953250814748,
            "max": 60665.212217,
            "med": 1454.292104,
            "min": 636.484159,
            "p(90)": 2148.7542396000003,
            "p(95)": 2443.8541208
        },
        "http_reqs": {
            "count": 22695,
            "rate": 6.301314778423068
        },
        "iteration_duration": {
            "avg": 1586.5497656450368,
            "max": 60703.092751,
            "med": 1455.90954,
            "min": 636.992253,
            "p(90)": 2153.2515246000007,
            "p(95)": 2450.8806492999997
        },
        "iterations": {
            "count": 22695,
            "rate": 6.301314778423068
        },
        "vus": {
            "max": 10,
            "min": 3,
            "value": 3
        },
        "vus_max": {
            "max": 10,
            "min": 10,
            "value": 10
        }
    },
    "root_group": {
        "name": "",
        "path": "",
        "id": "d41d8cd98f00b204e9800998ecf8427e",
        "groups": {},
        "checks": {}
    }
}
