{
    "metrics": {
        "data_received": {
            "count": 19877412,
            "rate": 5519.327389410522
        },
        "data_sent": {
            "count": 9025504,
            "rate": 2506.0964390351332
        },
        "http_req_blocked": {
            "avg": 2.815097933146842,
            "max": 5967.300929,
            "med": 0.011943,
            "min": 0.006286,
            "p(90)": 0.016832,
            "p(95)": 0.019625
        },
        "http_req_connecting": {
            "avg": 1.589233202336531,
            "max": 5049.880897,
            "med": 0,
            "min": 0,
            "p(90)": 0,
            "p(95)": 0
        },
        "http_req_duration": {
            "avg": 1596.345864618386,
            "max": 60709.012451,
            "med": 1469.0668300000002,
            "min": 648.571661,
            "p(90)": 2156.5088585000003,
            "p(95)": 2449.2245070999998
        },
        "http_req_receiving": {
            "avg": 0.12095260429992859,
            "max": 2.470366,
            "med": 0.11468,
            "min": 0.04428,
            "p(90)": 0.1541398,
            "p(95)": 0.17404445000000002
        },
        "http_req_sending": {
            "avg": 0.047741489783226905,
            "max": 6.274147,
            "med": 0.04386,
            "min": 0.016134,
            "p(90)": 0.060832,
            "p(95)": 0.069073
        },
        "http_req_tls_handshaking": {
            "avg": 1.2109530251421454,
            "max": 1029.690642,
            "med": 0,
            "min": 0,
            "p(90)": 0,
            "p(95)": 0
        },
        "http_req_waiting": {
            "avg": 1596.1771705243075,
            "max": 60708.785536,
            "med": 1468.9101074999999,
            "min": 648.38323,
            "p(90)": 2156.3608162,
            "p(95)": 2449.08622755
        },
        "http_reqs": {
            "count": 22512,
            "rate": 6.250868985882552
        },
        "iteration_duration": {
            "avg": 1599.4579153736254,
            "max": 60774.877944,
            "med": 1471.190003,
            "min": 648.860592,
            "p(90)": 2163.9329350000003,
            "p(95)": 2457.1459056000003
        },
        "iterations": {
            "count": 22512,
            "rate": 6.250868985882552
        },
        "vus": {
            "max": 10,
            "min": 2,
            "value": 2
        },
        "vus_max": {
            "max": 10,
            "min": 10,
            "value": 10
        }
    },
    "root_group": {
        "name": "",
        "path": "",
        "id": "d41d8cd98f00b204e9800998ecf8427e",
        "groups": {},
        "checks": {}
    }
}
