{
    "metrics": {
        "data_received": {
            "count": 20975,
            "rate": 232.87282146090635
        },
        "data_sent": {
            "count": 11431,
            "rate": 126.91152429652541
        },
        "http_req_blocked": {
            "avg": 37.897159,
            "max": 43.639034,
            "med": 36.508641,
            "min": 36.065707,
            "p(90)": 40.004205999999996,
            "p(95)": 41.821619999999996
        },
        "http_req_connecting": {
            "avg": 15.192401222222223,
            "max": 16.657396,
            "med": 15.388865,
            "min": 14.071306,
            "p(90)": 16.4802776,
            "p(95)": 16.5688368
        },
        "http_req_duration": {
            "avg": 33288.376438666666,
            "max": 36011.717478,
            "med": 33527.060154,
            "min": 28958.322704,
            "p(90)": 35587.371313999996,
            "p(95)": 35799.544396
        },
        "http_req_receiving": {
            "avg": 0.13890688888888889,
            "max": 0.210362,
            "med": 0.128369,
            "min": 0.096451,
            "p(90)": 0.17471560000000003,
            "p(95)": 0.19253879999999998
        },
        "http_req_sending": {
            "avg": 0.13550022222222224,
            "max": 0.305487,
            "med": 0.1188,
            "min": 0.08814,
            "p(90)": 0.19558380000000003,
            "p(95)": 0.25053539999999996
        },
        "http_req_tls_handshaking": {
            "avg": 22.428767333333333,
            "max": 27.724472,
            "med": 21.89739,
            "min": 20.469831,
            "p(90)": 23.3744672,
            "p(95)": 25.5494696
        },
        "http_req_waiting": {
            "avg": 33288.10203155556,
            "max": 36011.414646,
            "med": 33526.795595,
            "min": 28957.899185,
            "p(90)": 35587.131506,
            "p(95)": 35799.273076
        },
        "http_reqs": {
            "count": 9,
            "rate": 0.09992159204520416
        },
        "iteration_duration": {
            "avg": 33326.63179122223,
            "max": 36049.802581,
            "med": 33566.386269,
            "min": 28995.107847,
            "p(90)": 35624.277213,
            "p(95)": 35837.039897
        },
        "iterations": {
            "count": 9,
            "rate": 0.09992159204520416
        },
        "vus": {
            "max": 10,
            "min": 10,
            "value": 10
        },
        "vus_max": {
            "max": 10,
            "min": 10,
            "value": 10
        }
    },
    "root_group": {
        "name": "",
        "path": "",
        "id": "d41d8cd98f00b204e9800998ecf8427e",
        "groups": {},
        "checks": {}
    }
}
