{
    "metrics": {
        "data_received": {
            "count": 47036,
            "rate": 708.3143185175409
        },
        "data_sent": {
            "count": 19023,
            "rate": 286.4670312347814
        },
        "http_req_blocked": {
            "avg": 13.034778743589742,
            "max": 53.642355,
            "med": 0.016064,
            "min": 0.009499,
            "p(90)": 50.8609478,
            "p(95)": 51.4255672
        },
        "http_req_connecting": {
            "avg": 4.351007846153846,
            "max": 18.729452,
            "med": 0,
            "min": 0,
            "p(90)": 17.8523692,
            "p(95)": 18.2059206
        },
        "http_req_duration": {
            "avg": 16279.156298974358,
            "max": 45509.150312,
            "med": 8803.833645,
            "min": 6220.628946,
            "p(90)": 43072.9780172,
            "p(95)": 44228.7739481
        },
        "http_req_receiving": {
            "avg": 0.1403115641025641,
            "max": 0.270217,
            "med": 0.126552,
            "min": 0.08374,
            "p(90)": 0.21895340000000005,
            "p(95)": 0.2319359
        },
        "http_req_sending": {
            "avg": 0.06312056410256411,
            "max": 0.122083,
            "med": 0.056013,
            "min": 0.032476,
            "p(90)": 0.1062984,
            "p(95)": 0.1114391
        },
        "http_req_tls_handshaking": {
            "avg": 7.991923307692307,
            "max": 35.415413,
            "med": 0,
            "min": 0,
            "p(90)": 30.286173,
            "p(95)": 32.6502427
        },
        "http_req_waiting": {
            "avg": 16278.95286684615,
            "max": 45508.962579,
            "med": 8803.632851,
            "min": 6220.478578,
            "p(90)": 43072.7443836,
            "p(95)": 44228.4775551
        },
        "http_reqs": {
            "count": 39,
            "rate": 0.5873003321324962
        },
        "iteration_duration": {
            "avg": 16292.680155923079,
            "max": 45560.811895,
            "med": 8804.094363,
            "min": 6220.98402,
            "p(90)": 43126.3654802,
            "p(95)": 44279.7770514
        },
        "iterations": {
            "count": 39,
            "rate": 0.5873003321324962
        },
        "vus": {
            "max": 10,
            "min": 1,
            "value": 1
        },
        "vus_max": {
            "max": 10,
            "min": 10,
            "value": 10
        }
    },
    "root_group": {
        "name": "",
        "path": "",
        "id": "d41d8cd98f00b204e9800998ecf8427e",
        "groups": {},
        "checks": {}
    }
}
