{
    "metrics": {
        "checks": {
            "fails": 0,
            "passes": 286,
            "value": 0
        },
        "data_received": {
            "count": 154651,
            "rate": 514.8205519362344
        },
        "data_sent": {
            "count": 156136,
            "rate": 519.7639956878126
        },
        "http_req_blocked": {
            "avg": 9.432372590909093,
            "max": 955.667908,
            "med": 0.012851,
            "min": 0.00866,
            "p(90)": 0.019381,
            "p(95)": 0.02107525
        },
        "http_req_connecting": {
            "avg": 3.369413479020979,
            "max": 340.231275,
            "med": 0,
            "min": 0,
            "p(90)": 0,
            "p(95)": 0
        },
        "http_req_duration": {
            "avg": 1040.3341846083924,
            "max": 17499.292549,
            "med": 818.2475019999999,
            "min": 422.929738,
            "p(90)": 1526.549047,
            "p(95)": 1914.2065307500002
        },
        "http_req_receiving": {
            "avg": 0.1524432692307691,
            "max": 0.396145,
            "med": 0.1434895,
            "min": 0.076964,
            "p(90)": 0.202747,
            "p(95)": 0.2413555
        },
        "http_req_sending": {
            "avg": 0.056304223776223745,
            "max": 0.23893,
            "med": 0.0521715,
            "min": 0.034781,
            "p(90)": 0.07102800000000001,
            "p(95)": 0.08237875
        },
        "http_req_tls_handshaking": {
            "avg": 6.046712716783217,
            "max": 615.129676,
            "med": 0,
            "min": 0,
            "p(90)": 0,
            "p(95)": 0
        },
        "http_req_waiting": {
            "avg": 1040.1254371153839,
            "max": 17499.108934,
            "med": 818.0489805,
            "min": 422.721614,
            "p(90)": 1526.380557,
            "p(95)": 1914.026217
        },
        "http_reqs": {
            "count": 286,
            "rate": 0.9520706484520827
        },
        "iteration_duration": {
            "avg": 1050.127891814685,
            "max": 17499.6507,
            "med": 818.724912,
            "min": 423.295561,
            "p(90)": 1545.8498955,
            "p(95)": 1914.501507
        },
        "iterations": {
            "count": 286,
            "rate": 0.9520706484520827
        },
        "vus": {
            "max": 1,
            "min": 1,
            "value": 1
        },
        "vus_max": {
            "max": 1,
            "min": 1,
            "value": 1
        }
    },
    "root_group": {
        "name": "",
        "path": "",
        "id": "d41d8cd98f00b204e9800998ecf8427e",
        "groups": {},
        "checks": {
            "status is 200": {
                "name": "status is 200",
                "path": "::status is 200",
                "id": "6210a8cd14cd70477eba5c5e4cb3fb5f",
                "passes": 286,
                "fails": 0
            }
        }
    }
}
