{
    "metrics": {
        "checks": {
            "fails": 0,
            "passes": 108,
            "value": 0
        },
        "data_received": {
            "count": 59645,
            "rate": 205.23103578129545
        },
        "data_sent": {
            "count": 73855,
            "rate": 254.12588058726757
        },
        "http_req_blocked": {
            "avg": 16.390865314814814,
            "max": 968.512914,
            "med": 0.0120825,
            "min": 0.009079,
            "p(90)": 0.016315,
            "p(95)": 0.018961399999999982
        },
        "http_req_connecting": {
            "avg": 6.044488694444445,
            "max": 352.895549,
            "med": 0,
            "min": 0,
            "p(90)": 0,
            "p(95)": 0
        },
        "http_req_duration": {
            "avg": 2673.7312238611107,
            "max": 12996.079077,
            "med": 2046.3816245,
            "min": 1055.774275,
            "p(90)": 4305.768001299998,
            "p(95)": 6902.3324791999985
        },
        "http_req_receiving": {
            "avg": 0.12189199074074075,
            "max": 0.181097,
            "med": 0.12099950000000001,
            "min": 0.068793,
            "p(90)": 0.14853719999999998,
            "p(95)": 0.15609659999999997
        },
        "http_req_sending": {
            "avg": 0.048965407407407395,
            "max": 0.135351,
            "med": 0.0453265,
            "min": 0.028355,
            "p(90)": 0.063904,
            "p(95)": 0.06855185
        },
        "http_req_tls_handshaking": {
            "avg": 10.32906262037037,
            "max": 615.302454,
            "med": 0,
            "min": 0,
            "p(90)": 0,
            "p(95)": 0
        },
        "http_req_waiting": {
            "avg": 2673.560366462962,
            "max": 12995.913485,
            "med": 2046.2037015,
            "min": 1055.590035,
            "p(90)": 4305.562823599998,
            "p(95)": 6902.179524299998
        },
        "http_reqs": {
            "count": 108,
            "rate": 0.37161458402850045
        },
        "iteration_duration": {
            "avg": 2690.438902,
            "max": 12996.409144,
            "med": 2067.214645,
            "min": 1056.136049,
            "p(90)": 4306.102985199998,
            "p(95)": 6902.6433849999985
        },
        "iterations": {
            "count": 108,
            "rate": 0.37161458402850045
        },
        "vus": {
            "max": 1,
            "min": 1,
            "value": 1
        },
        "vus_max": {
            "max": 1,
            "min": 1,
            "value": 1
        }
    },
    "root_group": {
        "name": "",
        "path": "",
        "id": "d41d8cd98f00b204e9800998ecf8427e",
        "groups": {},
        "checks": {
            "status is 200": {
                "name": "status is 200",
                "path": "::status is 200",
                "id": "6210a8cd14cd70477eba5c5e4cb3fb5f",
                "passes": 108,
                "fails": 0
            }
        }
    }
}
