{
    "metrics": {
        "checks": {
            "fails": 0,
            "passes": 2,
            "value": 0
        },
        "data_received": {
            "count": 2369,
            "rate": 74.43869643920078
        },
        "data_sent": {
            "count": 2497,
            "rate": 78.46071127424415
        },
        "http_req_blocked": {
            "avg": 390.67416349999996,
            "max": 781.336873,
            "med": 390.67416349999996,
            "min": 0.011454,
            "p(90)": 703.2043311,
            "p(95)": 742.27060205
        },
        "http_req_connecting": {
            "avg": 132.433508,
            "max": 264.867016,
            "med": 132.433508,
            "min": 0,
            "p(90)": 238.38031439999997,
            "p(95)": 251.62366519999998
        },
        "http_req_duration": {
            "avg": 14092.220031,
            "max": 16584.16548,
            "med": 14092.220031,
            "min": 11600.274582,
            "p(90)": 16085.7763902,
            "p(95)": 16334.970935099998
        },
        "http_req_receiving": {
            "avg": 0.1773,
            "max": 0.203876,
            "med": 0.1773,
            "min": 0.150724,
            "p(90)": 0.1985608,
            "p(95)": 0.2012184
        },
        "http_req_sending": {
            "avg": 0.12348500000000001,
            "max": 0.196193,
            "med": 0.12348500000000001,
            "min": 0.050777,
            "p(90)": 0.18165140000000002,
            "p(95)": 0.18892219999999998
        },
        "http_req_tls_handshaking": {
            "avg": 258.083401,
            "max": 516.166802,
            "med": 258.083401,
            "min": 0,
            "p(90)": 464.5501218,
            "p(95)": 490.35846189999995
        },
        "http_req_waiting": {
            "avg": 14091.919246000001,
            "max": 16583.963979,
            "med": 14091.919246000001,
            "min": 11599.874513,
            "p(90)": 16085.5550324,
            "p(95)": 16334.7595057
        },
        "http_reqs": {
            "count": 2,
            "rate": 0.06284398179755238
        },
        "iteration_duration": {
            "avg": 14483.332642,
            "max": 16584.513933,
            "med": 14483.332642,
            "min": 12382.151351,
            "p(90)": 16164.2776748,
            "p(95)": 16374.395803899999
        },
        "iterations": {
            "count": 2,
            "rate": 0.06284398179755238
        },
        "vus": {
            "max": 1,
            "min": 1,
            "value": 1
        },
        "vus_max": {
            "max": 1,
            "min": 1,
            "value": 1
        }
    },
    "root_group": {
        "name": "",
        "path": "",
        "id": "d41d8cd98f00b204e9800998ecf8427e",
        "groups": {},
        "checks": {
            "status is 200": {
                "name": "status is 200",
                "path": "::status is 200",
                "id": "6210a8cd14cd70477eba5c5e4cb3fb5f",
                "passes": 2,
                "fails": 0
            }
        }
    }
}
