{
    "metrics": {
        "checks": {
            "fails": 0,
            "passes": 106,
            "value": 0
        },
        "data_received": {
            "count": 58589,
            "rate": 219.23888392664915
        },
        "data_sent": {
            "count": 72501,
            "rate": 271.29731389110566
        },
        "http_req_blocked": {
            "avg": 16.267868830188682,
            "max": 904.626276,
            "med": 0.012397,
            "min": 0.00866,
            "p(90)": 0.0177755,
            "p(95)": 0.020097749999999998
        },
        "http_req_connecting": {
            "avg": 5.285107707547169,
            "max": 283.9156,
            "med": 0,
            "min": 0,
            "p(90)": 0,
            "p(95)": 0
        },
        "http_req_duration": {
            "avg": 2503.8975918396222,
            "max": 8472.058678,
            "med": 2090.609475,
            "min": 1033.623676,
            "p(90)": 3879.334885,
            "p(95)": 5276.40682925
        },
        "http_req_receiving": {
            "avg": 0.13288825471698118,
            "max": 0.233699,
            "med": 0.12837300000000001,
            "min": 0.076968,
            "p(90)": 0.172759,
            "p(95)": 0.18904925
        },
        "http_req_sending": {
            "avg": 0.049779481132075455,
            "max": 0.144646,
            "med": 0.045922,
            "min": 0.027169,
            "p(90)": 0.0651645,
            "p(95)": 0.07071675
        },
        "http_req_tls_handshaking": {
            "avg": 10.964874547169812,
            "max": 628.01552,
            "med": 0,
            "min": 0,
            "p(90)": 0,
            "p(95)": 0
        },
        "http_req_waiting": {
            "avg": 2503.714924103774,
            "max": 8471.86514,
            "med": 2090.4242145,
            "min": 1033.445575,
            "p(90)": 3879.0871495,
            "p(95)": 5276.230735
        },
        "http_reqs": {
            "count": 106,
            "rate": 0.39664991203510575
        },
        "iteration_duration": {
            "avg": 2520.4835541415086,
            "max": 8472.363967,
            "med": 2201.2366265,
            "min": 1033.975968,
            "p(90)": 3879.7090719999997,
            "p(95)": 5276.71623875
        },
        "iterations": {
            "count": 106,
            "rate": 0.39664991203510575
        },
        "vus": {
            "max": 1,
            "min": 1,
            "value": 1
        },
        "vus_max": {
            "max": 1,
            "min": 1,
            "value": 1
        }
    },
    "root_group": {
        "name": "",
        "path": "",
        "id": "d41d8cd98f00b204e9800998ecf8427e",
        "groups": {},
        "checks": {
            "status is 200": {
                "name": "status is 200",
                "path": "::status is 200",
                "id": "6210a8cd14cd70477eba5c5e4cb3fb5f",
                "passes": 106,
                "fails": 0
            }
        }
    }
}
