{
    "metrics": {
        "checks": {
            "fails": 0,
            "passes": 124,
            "value": 0
        },
        "data_received": {
            "count": 68093,
            "rate": 226.1263079544033
        },
        "data_sent": {
            "count": 84687,
            "rate": 281.23241216769054
        },
        "http_req_blocked": {
            "avg": 14.745991838709674,
            "max": 955.55175,
            "med": 0.012292,
            "min": 0.009149,
            "p(90)": 0.018703600000000004,
            "p(95)": 0.020142149999999998
        },
        "http_req_connecting": {
            "avg": 5.57613539516129,
            "max": 351.527743,
            "med": 0,
            "min": 0,
            "p(90)": 0,
            "p(95)": 0
        },
        "http_req_duration": {
            "avg": 2412.916009096774,
            "max": 11831.062874,
            "med": 1944.0836669999999,
            "min": 1022.726812,
            "p(90)": 3619.2317388000006,
            "p(95)": 4233.753607799999
        },
        "http_req_receiving": {
            "avg": 0.1354425161290323,
            "max": 0.258552,
            "med": 0.130743,
            "min": 0.084718,
            "p(90)": 0.1656426,
            "p(95)": 0.18156304999999995
        },
        "http_req_sending": {
            "avg": 0.05205145161290324,
            "max": 0.153511,
            "med": 0.0477715,
            "min": 0.032895,
            "p(90)": 0.0682349,
            "p(95)": 0.08009414999999999
        },
        "http_req_tls_handshaking": {
            "avg": 9.151587919354839,
            "max": 615.443848,
            "med": 0,
            "min": 0,
            "p(90)": 0,
            "p(95)": 0
        },
        "http_req_waiting": {
            "avg": 2412.728515129032,
            "max": 11830.884918,
            "med": 1943.8954445,
            "min": 1022.538101,
            "p(90)": 3619.027382600001,
            "p(95)": 4233.56082155
        },
        "http_reqs": {
            "count": 124,
            "rate": 0.4117847970620476
        },
        "iteration_duration": {
            "avg": 2427.9878470322583,
            "max": 11831.352367,
            "med": 1944.4219435,
            "min": 1023.074901,
            "p(90)": 3764.1283049000003,
            "p(95)": 4321.807872599999
        },
        "iterations": {
            "count": 124,
            "rate": 0.4117847970620476
        },
        "vus": {
            "max": 1,
            "min": 1,
            "value": 1
        },
        "vus_max": {
            "max": 1,
            "min": 1,
            "value": 1
        }
    },
    "root_group": {
        "name": "",
        "path": "",
        "id": "d41d8cd98f00b204e9800998ecf8427e",
        "groups": {},
        "checks": {
            "status is 200": {
                "name": "status is 200",
                "path": "::status is 200",
                "id": "6210a8cd14cd70477eba5c5e4cb3fb5f",
                "passes": 124,
                "fails": 0
            }
        }
    }
}
