{
    "metrics": {
        "checks": {
            "fails": 0,
            "passes": 344,
            "value": 0
        },
        "data_received": {
            "count": 186525,
            "rate": 640.6889919560307
        },
        "data_sent": {
            "count": 187957,
            "rate": 645.607724761183
        },
        "http_req_blocked": {
            "avg": 13.432545694767464,
            "max": 1739.109576,
            "med": 0.012083,
            "min": 0.008521,
            "p(90)": 0.017698,
            "p(95)": 0.019695
        },
        "http_req_connecting": {
            "avg": 3.6689504534883723,
            "max": 350.783233,
            "med": 0,
            "min": 0,
            "p(90)": 0,
            "p(95)": 0
        },
        "http_req_duration": {
            "avg": 832.3600039011633,
            "max": 9923.623961,
            "med": 690.60796,
            "min": 341.067488,
            "p(90)": 1227.7815899,
            "p(95)": 1441.0968965
        },
        "http_req_receiving": {
            "avg": 0.13203532267441878,
            "max": 0.307783,
            "med": 0.1266545,
            "min": 0.071935,
            "p(90)": 0.1661626,
            "p(95)": 0.17877614999999997
        },
        "http_req_sending": {
            "avg": 0.05143699709302328,
            "max": 0.189405,
            "med": 0.0479805,
            "min": 0.027098,
            "p(90)": 0.0648603,
            "p(95)": 0.07275579999999997
        },
        "http_req_tls_handshaking": {
            "avg": 9.747513215116278,
            "max": 1434.328791,
            "med": 0,
            "min": 0,
            "p(90)": 0,
            "p(95)": 0
        },
        "http_req_waiting": {
            "avg": 832.1765315813955,
            "max": 9923.460885,
            "med": 690.3657205,
            "min": 340.801398,
            "p(90)": 1227.5984902,
            "p(95)": 1440.90254215
        },
        "http_reqs": {
            "count": 344,
            "rate": 1.1815950314053052
        },
        "iteration_duration": {
            "avg": 846.1196008924419,
            "max": 9923.926158,
            "med": 700.4480955,
            "min": 341.428141,
            "p(90)": 1261.064295,
            "p(95)": 1463.78612795
        },
        "iterations": {
            "count": 344,
            "rate": 1.1815950314053052
        },
        "vus": {
            "max": 1,
            "min": 1,
            "value": 1
        },
        "vus_max": {
            "max": 1,
            "min": 1,
            "value": 1
        }
    },
    "root_group": {
        "name": "",
        "path": "",
        "id": "d41d8cd98f00b204e9800998ecf8427e",
        "groups": {},
        "checks": {
            "status is 200": {
                "name": "status is 200",
                "path": "::status is 200",
                "id": "6210a8cd14cd70477eba5c5e4cb3fb5f",
                "passes": 344,
                "fails": 0
            }
        }
    }
}
