{
    "metrics": {
        "checks": {
            "fails": 0,
            "passes": 139,
            "value": 0
        },
        "data_received": {
            "count": 76013,
            "rate": 252.47766250727494
        },
        "data_sent": {
            "count": 94842,
            "rate": 315.0183056518618
        },
        "http_req_blocked": {
            "avg": 17.267058999999996,
            "max": 1569.969234,
            "med": 0.011734,
            "min": 0.00894,
            "p(90)": 0.018759,
            "p(95)": 0.021671799999999995
        },
        "http_req_connecting": {
            "avg": 3.7435648057553954,
            "max": 267.567344,
            "med": 0,
            "min": 0,
            "p(90)": 0,
            "p(95)": 0
        },
        "http_req_duration": {
            "avg": 2147.905161741007,
            "max": 19152.845273,
            "med": 1857.98662,
            "min": 994.438383,
            "p(90)": 2802.5835604000004,
            "p(95)": 2985.3699948999997
        },
        "http_req_receiving": {
            "avg": 0.14255179136690643,
            "max": 0.27392,
            "med": 0.13249,
            "min": 0.067328,
            "p(90)": 0.19133840000000002,
            "p(95)": 0.2133739
        },
        "http_req_sending": {
            "avg": 0.055037453237410064,
            "max": 0.142407,
            "med": 0.049239,
            "min": 0.027238,
            "p(90)": 0.0722866,
            "p(95)": 0.08578699999999996
        },
        "http_req_tls_handshaking": {
            "avg": 13.506461841726619,
            "max": 1302.183007,
            "med": 0,
            "min": 0,
            "p(90)": 0,
            "p(95)": 0
        },
        "http_req_waiting": {
            "avg": 2147.707572496404,
            "max": 19152.595518,
            "med": 1857.81034,
            "min": 994.169701,
            "p(90)": 2802.4074194000004,
            "p(95)": 2985.2108469
        },
        "http_reqs": {
            "count": 139,
            "rate": 0.46168938324380326
        },
        "iteration_duration": {
            "avg": 2165.527183323742,
            "max": 19981.600475,
            "med": 1858.298394,
            "min": 994.919803,
            "p(90)": 2860.7359646,
            "p(95)": 3056.0893020999974
        },
        "iterations": {
            "count": 139,
            "rate": 0.46168938324380326
        },
        "vus": {
            "max": 1,
            "min": 1,
            "value": 1
        },
        "vus_max": {
            "max": 1,
            "min": 1,
            "value": 1
        }
    },
    "root_group": {
        "name": "",
        "path": "",
        "id": "d41d8cd98f00b204e9800998ecf8427e",
        "groups": {},
        "checks": {
            "status is 200": {
                "name": "status is 200",
                "path": "::status is 200",
                "id": "6210a8cd14cd70477eba5c5e4cb3fb5f",
                "passes": 139,
                "fails": 0
            }
        }
    }
}
