{
    "metrics": {
        "checks": {
            "fails": 0,
            "passes": 293,
            "value": 0
        },
        "data_received": {
            "count": 158340,
            "rate": 526.194734977023
        },
        "data_sent": {
            "count": 159930,
            "rate": 531.4786154154054
        },
        "http_req_blocked": {
            "avg": 9.090464017064848,
            "max": 969.215554,
            "med": 0.012362,
            "min": 0.00887,
            "p(90)": 0.0187732,
            "p(95)": 0.0199346
        },
        "http_req_connecting": {
            "avg": 3.1341635255972697,
            "max": 353.483542,
            "med": 0,
            "min": 0,
            "p(90)": 0,
            "p(95)": 0
        },
        "http_req_duration": {
            "avg": 1017.2971478600685,
            "max": 18982.412586,
            "med": 715.111342,
            "min": 336.941368,
            "p(90)": 1416.2512408000002,
            "p(95)": 2133.8523285999995
        },
        "http_req_receiving": {
            "avg": 0.1427994880546075,
            "max": 0.317427,
            "med": 0.134801,
            "min": 0.075291,
            "p(90)": 0.174802,
            "p(95)": 0.20799759999999998
        },
        "http_req_sending": {
            "avg": 0.05347268259385664,
            "max": 0.178582,
            "med": 0.047913,
            "min": 0.032896,
            "p(90)": 0.0733626,
            "p(95)": 0.08223399999999997
        },
        "http_req_tls_handshaking": {
            "avg": 5.940325501706484,
            "max": 615.539167,
            "med": 0,
            "min": 0,
            "p(90)": 0,
            "p(95)": 0
        },
        "http_req_waiting": {
            "avg": 1017.1008756894203,
            "max": 18982.088037,
            "med": 714.907686,
            "min": 336.746854,
            "p(90)": 1416.0745710000003,
            "p(95)": 2133.6730913999995
        },
        "http_reqs": {
            "count": 293,
            "rate": 0.9736962065698356
        },
        "iteration_duration": {
            "avg": 1026.724227911262,
            "max": 19823.186709,
            "med": 715.872058,
            "min": 337.304341,
            "p(90)": 1439.5643502000003,
            "p(95)": 2147.8315342
        },
        "iterations": {
            "count": 293,
            "rate": 0.9736962065698356
        },
        "vus": {
            "max": 1,
            "min": 1,
            "value": 1
        },
        "vus_max": {
            "max": 1,
            "min": 1,
            "value": 1
        }
    },
    "root_group": {
        "name": "",
        "path": "",
        "id": "d41d8cd98f00b204e9800998ecf8427e",
        "groups": {},
        "checks": {
            "status is 200": {
                "name": "status is 200",
                "path": "::status is 200",
                "id": "6210a8cd14cd70477eba5c5e4cb3fb5f",
                "passes": 293,
                "fails": 0
            }
        }
    }
}
