{
    "metrics": {
        "checks": {
            "fails": 0,
            "passes": 48,
            "value": 0
        },
        "data_received": {
            "count": 26657,
            "rate": 87.89773724491741
        },
        "data_sent": {
            "count": 34146,
            "rate": 112.59166957890797
        },
        "http_req_blocked": {
            "avg": 19.39953129166666,
            "max": 930.52141,
            "med": 0.012851,
            "min": 0.010267,
            "p(90)": 0.017935400000000004,
            "p(95)": 0.021905649999999995
        },
        "http_req_connecting": {
            "avg": 6.555606333333333,
            "max": 314.669104,
            "med": 0,
            "min": 0,
            "p(90)": 0,
            "p(95)": 0
        },
        "http_req_duration": {
            "avg": 6297.058042687496,
            "max": 11602.995559,
            "med": 6024.3352855,
            "min": 5832.85536,
            "p(90)": 6478.8103662,
            "p(95)": 7067.205896949999
        },
        "http_req_receiving": {
            "avg": 0.15373058333333336,
            "max": 0.320292,
            "med": 0.144536,
            "min": 0.083949,
            "p(90)": 0.19929840000000001,
            "p(95)": 0.22572295
        },
        "http_req_sending": {
            "avg": 0.055416,
            "max": 0.123758,
            "med": 0.0527995,
            "min": 0.03527,
            "p(90)": 0.07085340000000001,
            "p(95)": 0.0778522
        },
        "http_req_tls_handshaking": {
            "avg": 12.819582333333335,
            "max": 615.339952,
            "med": 0,
            "min": 0,
            "p(90)": 0,
            "p(95)": 0
        },
        "http_req_waiting": {
            "avg": 6296.848896104167,
            "max": 11602.805382,
            "med": 6024.1462599999995,
            "min": 5832.662179,
            "p(90)": 6478.55055,
            "p(95)": 7067.0270055
        },
        "http_reqs": {
            "count": 48,
            "rate": 0.15827330111250462
        },
        "iteration_duration": {
            "avg": 6316.8135033749995,
            "max": 12401.810108,
            "med": 6024.670767,
            "min": 5833.160217,
            "p(90)": 6479.182807700001,
            "p(95)": 7067.5868561
        },
        "iterations": {
            "count": 48,
            "rate": 0.15827330111250462
        },
        "vus": {
            "max": 1,
            "min": 1,
            "value": 1
        },
        "vus_max": {
            "max": 1,
            "min": 1,
            "value": 1
        }
    },
    "root_group": {
        "name": "",
        "path": "",
        "id": "d41d8cd98f00b204e9800998ecf8427e",
        "groups": {},
        "checks": {
            "status is 200": {
                "name": "status is 200",
                "path": "::status is 200",
                "id": "6210a8cd14cd70477eba5c5e4cb3fb5f",
                "passes": 48,
                "fails": 0
            }
        }
    }
}
