{
    "metrics": {
        "checks": {
            "fails": 0,
            "passes": 120,
            "value": 0
        },
        "data_received": {
            "count": 65981,
            "rate": 218.49378636651613
        },
        "data_sent": {
            "count": 81979,
            "rate": 271.47060687986885
        },
        "http_req_blocked": {
            "avg": 13.655882808333336,
            "max": 842.427568,
            "med": 0.012851,
            "min": 0.009498,
            "p(90)": 0.01957680000000001,
            "p(95)": 0.024828699999999995
        },
        "http_req_connecting": {
            "avg": 4.549244008333333,
            "max": 281.142855,
            "med": 0,
            "min": 0,
            "p(90)": 0,
            "p(95)": 0
        },
        "http_req_duration": {
            "avg": 2501.8411046666665,
            "max": 10802.646662,
            "med": 2004.1103990000001,
            "min": 972.597934,
            "p(90)": 4711.2184763000005,
            "p(95)": 6249.09597075
        },
        "http_req_receiving": {
            "avg": 0.1387425666666666,
            "max": 0.350862,
            "med": 0.12805149999999998,
            "min": 0.072496,
            "p(90)": 0.175736,
            "p(95)": 0.22189809999999996
        },
        "http_req_sending": {
            "avg": 0.05592955833333336,
            "max": 0.155877,
            "med": 0.0506325,
            "min": 0.026678,
            "p(90)": 0.0732648,
            "p(95)": 0.10808419999999994
        },
        "http_req_tls_handshaking": {
            "avg": 9.087517583333332,
            "max": 577.304599,
            "med": 0,
            "min": 0,
            "p(90)": 0,
            "p(95)": 0
        },
        "http_req_waiting": {
            "avg": 2501.6464325416655,
            "max": 10802.317916,
            "med": 2003.951614,
            "min": 972.338558,
            "p(90)": 4711.0540412,
            "p(95)": 6248.94449475
        },
        "http_reqs": {
            "count": 120,
            "rate": 0.3973758258283739
        },
        "iteration_duration": {
            "avg": 2515.8444214999995,
            "max": 11645.659365,
            "med": 2025.4602835,
            "min": 972.901937,
            "p(90)": 4711.5653039,
            "p(95)": 6249.41923385
        },
        "iterations": {
            "count": 120,
            "rate": 0.3973758258283739
        },
        "vus": {
            "max": 1,
            "min": 1,
            "value": 1
        },
        "vus_max": {
            "max": 1,
            "min": 1,
            "value": 1
        }
    },
    "root_group": {
        "name": "",
        "path": "",
        "id": "d41d8cd98f00b204e9800998ecf8427e",
        "groups": {},
        "checks": {
            "status is 200": {
                "name": "status is 200",
                "path": "::status is 200",
                "id": "6210a8cd14cd70477eba5c5e4cb3fb5f",
                "passes": 120,
                "fails": 0
            }
        }
    }
}
