{
    "metrics": {
        "checks": {
            "fails": 0,
            "passes": 155,
            "value": 0
        },
        "data_received": {
            "count": 84461,
            "rate": 281.45738798720464
        },
        "data_sent": {
            "count": 105674,
            "rate": 352.1474765650402
        },
        "http_req_blocked": {
            "avg": 11.866193354838705,
            "max": 920.553525,
            "med": 0.013269,
            "min": 0.008591,
            "p(90)": 0.019905,
            "p(95)": 0.021965399999999993
        },
        "http_req_connecting": {
            "avg": 3.9095889612903223,
            "max": 338.185935,
            "med": 0,
            "min": 0,
            "p(90)": 0,
            "p(95)": 0
        },
        "http_req_duration": {
            "avg": 1923.3299592516125,
            "max": 8541.147869,
            "med": 1780.483197,
            "min": 889.656082,
            "p(90)": 2435.4238892,
            "p(95)": 2835.9528443999957
        },
        "http_req_receiving": {
            "avg": 0.15555083870967745,
            "max": 0.393976,
            "med": 0.144851,
            "min": 0.071937,
            "p(90)": 0.2072896,
            "p(95)": 0.2386900999999999
        },
        "http_req_sending": {
            "avg": 0.05930369032258064,
            "max": 0.249405,
            "med": 0.053918,
            "min": 0.034851,
            "p(90)": 0.07848779999999998,
            "p(95)": 0.08846119999999995
        },
        "http_req_tls_handshaking": {
            "avg": 7.939031329032258,
            "max": 652.552237,
            "med": 0,
            "min": 0,
            "p(90)": 0,
            "p(95)": 0
        },
        "http_req_waiting": {
            "avg": 1923.11510472258,
            "max": 8540.9315,
            "med": 1780.269832,
            "min": 889.463808,
            "p(90)": 2435.2385292,
            "p(95)": 2835.767526399996
        },
        "http_reqs": {
            "count": 155,
            "rate": 0.5165211770878478
        },
        "iteration_duration": {
            "avg": 1935.5647744193545,
            "max": 8541.57118,
            "med": 1783.474752,
            "min": 889.952001,
            "p(90)": 2442.2129854,
            "p(95)": 2836.339403199996
        },
        "iterations": {
            "count": 155,
            "rate": 0.5165211770878478
        },
        "vus": {
            "max": 1,
            "min": 1,
            "value": 1
        },
        "vus_max": {
            "max": 1,
            "min": 1,
            "value": 1
        }
    },
    "root_group": {
        "name": "",
        "path": "",
        "id": "d41d8cd98f00b204e9800998ecf8427e",
        "groups": {},
        "checks": {
            "status is 200": {
                "name": "status is 200",
                "path": "::status is 200",
                "id": "6210a8cd14cd70477eba5c5e4cb3fb5f",
                "passes": 155,
                "fails": 0
            }
        }
    }
}
