{
    "metrics": {
        "checks": {
            "fails": 0,
            "passes": 48,
            "value": 0
        },
        "data_received": {
            "count": 26657,
            "rate": 87.29602110105655
        },
        "data_sent": {
            "count": 34146,
            "rate": 111.82090769841606
        },
        "http_req_blocked": {
            "avg": 19.94886729166666,
            "max": 956.91497,
            "med": 0.012501499999999999,
            "min": 0.00887,
            "p(90)": 0.01815880000000001,
            "p(95)": 0.020243849999999997
        },
        "http_req_connecting": {
            "avg": 6.990841499999999,
            "max": 335.560392,
            "med": 0,
            "min": 0,
            "p(90)": 0,
            "p(95)": 0
        },
        "http_req_duration": {
            "avg": 6339.888169854167,
            "max": 11864.682631,
            "med": 6040.7617015,
            "min": 5807.331396,
            "p(90)": 6452.705318200001,
            "p(95)": 6792.623267
        },
        "http_req_receiving": {
            "avg": 0.1250136875,
            "max": 0.19325,
            "med": 0.1183805,
            "min": 0.099383,
            "p(90)": 0.1557317,
            "p(95)": 0.1602257
        },
        "http_req_sending": {
            "avg": 0.05105072916666667,
            "max": 0.156373,
            "med": 0.0470375,
            "min": 0.034641,
            "p(90)": 0.063269,
            "p(95)": 0.06665259999999999
        },
        "http_req_tls_handshaking": {
            "avg": 12.937171104166666,
            "max": 620.984213,
            "med": 0,
            "min": 0,
            "p(90)": 0,
            "p(95)": 0
        },
        "http_req_waiting": {
            "avg": 6339.712105437499,
            "max": 11864.391605,
            "med": 6040.5815115000005,
            "min": 5807.151556,
            "p(90)": 6452.5259320000005,
            "p(95)": 6792.4548453
        },
        "http_reqs": {
            "count": 48,
            "rate": 0.15718981929139492
        },
        "iteration_duration": {
            "avg": 6360.159714874997,
            "max": 12822.085927,
            "med": 6041.1001495,
            "min": 5807.692053,
            "p(90)": 6453.0419790000005,
            "p(95)": 6792.9590052
        },
        "iterations": {
            "count": 48,
            "rate": 0.15718981929139492
        },
        "vus": {
            "max": 1,
            "min": 1,
            "value": 1
        },
        "vus_max": {
            "max": 1,
            "min": 1,
            "value": 1
        }
    },
    "root_group": {
        "name": "",
        "path": "",
        "id": "d41d8cd98f00b204e9800998ecf8427e",
        "groups": {},
        "checks": {
            "status is 200": {
                "name": "status is 200",
                "path": "::status is 200",
                "id": "6210a8cd14cd70477eba5c5e4cb3fb5f",
                "passes": 48,
                "fails": 0
            }
        }
    }
}
