{
    "metrics": {
        "checks": {
            "fails": 0,
            "passes": 167,
            "value": 0
        },
        "data_received": {
            "count": 90630,
            "rate": 301.14564372715245
        },
        "data_sent": {
            "count": 95762,
            "rate": 318.19826916693785
        },
        "http_req_blocked": {
            "avg": 10.953360988023954,
            "max": 928.167827,
            "med": 0.01271,
            "min": 0.009079,
            "p(90)": 0.018591,
            "p(95)": 0.02048359999999999
        },
        "http_req_connecting": {
            "avg": 3.5182152514970055,
            "max": 304.229739,
            "med": 0,
            "min": 0,
            "p(90)": 0,
            "p(95)": 0
        },
        "http_req_duration": {
            "avg": 1790.4055986107787,
            "max": 16167.012159,
            "med": 1462.87021,
            "min": 1239.977629,
            "p(90)": 2052.4674994,
            "p(95)": 2779.5249410999995
        },
        "http_req_receiving": {
            "avg": 0.14880977844311374,
            "max": 0.374199,
            "med": 0.137444,
            "min": 0.077661,
            "p(90)": 0.19582780000000002,
            "p(95)": 0.2197949
        },
        "http_req_sending": {
            "avg": 0.055507868263473044,
            "max": 0.199107,
            "med": 0.050982,
            "min": 0.035129,
            "p(90)": 0.071766,
            "p(95)": 0.08682239999999997
        },
        "http_req_tls_handshaking": {
            "avg": 7.418088431137725,
            "max": 623.743867,
            "med": 0,
            "min": 0,
            "p(90)": 0,
            "p(95)": 0
        },
        "http_req_waiting": {
            "avg": 1790.2012809640717,
            "max": 16166.808441,
            "med": 1462.61956,
            "min": 1239.734383,
            "p(90)": 2052.2861418,
            "p(95)": 2779.3577323999993
        },
        "http_reqs": {
            "count": 167,
            "rate": 0.5549081154411836
        },
        "iteration_duration": {
            "avg": 1801.7144256347297,
            "max": 16167.42511,
            "med": 1463.307399,
            "min": 1240.412791,
            "p(90)": 2079.2817254,
            "p(95)": 2790.8425447
        },
        "iterations": {
            "count": 167,
            "rate": 0.5549081154411836
        },
        "vus": {
            "max": 1,
            "min": 1,
            "value": 1
        },
        "vus_max": {
            "max": 1,
            "min": 1,
            "value": 1
        }
    },
    "root_group": {
        "name": "",
        "path": "",
        "id": "d41d8cd98f00b204e9800998ecf8427e",
        "groups": {},
        "checks": {
            "status is 200": {
                "name": "status is 200",
                "path": "::status is 200",
                "id": "6210a8cd14cd70477eba5c5e4cb3fb5f",
                "passes": 167,
                "fails": 0
            }
        }
    }
}
