{
    "metrics": {
        "checks": {
            "fails": 0,
            "passes": 236,
            "value": 0
        },
        "data_received": {
            "count": 128537,
            "rate": 427.0650265651437
        },
        "data_sent": {
            "count": 163256,
            "rate": 542.419132054732
        },
        "http_req_blocked": {
            "avg": 8.157065216101692,
            "max": 1047.189986,
            "med": 0.011524,
            "min": 0.008521,
            "p(90)": 0.016238,
            "p(95)": 0.01964275
        },
        "http_req_connecting": {
            "avg": 4.439063661016949,
            "max": 1026.439201,
            "med": 0,
            "min": 0,
            "p(90)": 0,
            "p(95)": 0
        },
        "http_req_duration": {
            "avg": 1266.7145263262705,
            "max": 19455.151206,
            "med": 922.4465595,
            "min": 592.185686,
            "p(90)": 1959.8072455000001,
            "p(95)": 2490.9056175
        },
        "http_req_receiving": {
            "avg": 0.11934216101694915,
            "max": 0.232852,
            "med": 0.112585,
            "min": 0.072915,
            "p(90)": 0.149845,
            "p(95)": 0.16138625
        },
        "http_req_sending": {
            "avg": 0.04841053389830509,
            "max": 0.157842,
            "med": 0.044943,
            "min": 0.031009,
            "p(90)": 0.0624735,
            "p(95)": 0.0709765
        },
        "http_req_tls_handshaking": {
            "avg": 3.7031589872881354,
            "max": 606.794731,
            "med": 0,
            "min": 0,
            "p(90)": 0,
            "p(95)": 0
        },
        "http_req_waiting": {
            "avg": 1266.5467736313574,
            "max": 19454.982679,
            "med": 922.2618985,
            "min": 592.023863,
            "p(90)": 1959.6768155,
            "p(95)": 2490.7598585
        },
        "http_reqs": {
            "count": 236,
            "rate": 0.7841115497434505
        },
        "iteration_duration": {
            "avg": 1275.1762116779664,
            "max": 19455.464376,
            "med": 923.3219865000001,
            "min": 592.492361,
            "p(90)": 1960.0908715,
            "p(95)": 2592.2595812500003
        },
        "iterations": {
            "count": 236,
            "rate": 0.7841115497434505
        },
        "vus": {
            "max": 1,
            "min": 1,
            "value": 1
        },
        "vus_max": {
            "max": 1,
            "min": 1,
            "value": 1
        }
    },
    "root_group": {
        "name": "",
        "path": "",
        "id": "d41d8cd98f00b204e9800998ecf8427e",
        "groups": {},
        "checks": {
            "status is 200": {
                "name": "status is 200",
                "path": "::status is 200",
                "id": "6210a8cd14cd70477eba5c5e4cb3fb5f",
                "passes": 236,
                "fails": 0
            }
        }
    }
}
