{
    "metrics": {
        "checks": {
            "fails": 0,
            "passes": 126,
            "value": 0
        },
        "data_received": {
            "count": 69149,
            "rate": 348.36600508526385
        },
        "data_sent": {
            "count": 87301,
            "rate": 439.8140336078413
        },
        "http_req_blocked": {
            "avg": 0.4171551587301586,
            "max": 26.637251,
            "med": 0.012746500000000001,
            "min": 0.008172,
            "p(90)": 0.0188225,
            "p(95)": 0.02042825
        },
        "http_req_connecting": {
            "avg": 0.0906807857142857,
            "max": 6.982256,
            "med": 0,
            "min": 0,
            "p(90)": 0,
            "p(95)": 0
        },
        "http_req_duration": {
            "avg": 1574.284906396825,
            "max": 6202.000642,
            "med": 977.4044165,
            "min": 595.333567,
            "p(90)": 3530.0697525,
            "p(95)": 4255.768933
        },
        "http_req_receiving": {
            "avg": 0.1518807222222223,
            "max": 0.410248,
            "med": 0.131686,
            "min": 0.076966,
            "p(90)": 0.2336895,
            "p(95)": 0.2755765
        },
        "http_req_sending": {
            "avg": 0.057823142857142844,
            "max": 0.152254,
            "med": 0.0507395,
            "min": 0.03052,
            "p(90)": 0.0833555,
            "p(95)": 0.09767300000000001
        },
        "http_req_tls_handshaking": {
            "avg": 0.3094984603174603,
            "max": 22.0259,
            "med": 0,
            "min": 0,
            "p(90)": 0,
            "p(95)": 0
        },
        "http_req_waiting": {
            "avg": 1574.0752025317463,
            "max": 6201.834069,
            "med": 977.1447109999999,
            "min": 594.981566,
            "p(90)": 3529.868364,
            "p(95)": 4255.550608500001
        },
        "http_reqs": {
            "count": 126,
            "rate": 0.6347758700884069
        },
        "iteration_duration": {
            "avg": 1575.0533928571426,
            "max": 6202.263595,
            "med": 977.900535,
            "min": 595.855143,
            "p(90)": 3530.4435089999997,
            "p(95)": 4256.177872
        },
        "iterations": {
            "count": 126,
            "rate": 0.6347758700884069
        },
        "vus": {
            "max": 1,
            "min": 1,
            "value": 1
        },
        "vus_max": {
            "max": 1,
            "min": 1,
            "value": 1
        }
    },
    "root_group": {
        "name": "",
        "path": "",
        "id": "d41d8cd98f00b204e9800998ecf8427e",
        "groups": {},
        "checks": {
            "status is 200": {
                "name": "status is 200",
                "path": "::status is 200",
                "id": "6210a8cd14cd70477eba5c5e4cb3fb5f",
                "passes": 126,
                "fails": 0
            }
        }
    }
}
