{
    "metrics": {
        "checks": {
            "fails": 0,
            "passes": 49,
            "value": 0
        },
        "data_received": {
            "count": 27185,
            "rate": 89.12215639350289
        },
        "data_sent": {
            "count": 35340,
            "rate": 115.8571641326611
        },
        "http_req_blocked": {
            "avg": 0.78031206122449,
            "max": 37.597218,
            "med": 0.012641,
            "min": 0.008521,
            "p(90)": 0.017977200000000006,
            "p(95)": 0.022237799999999995
        },
        "http_req_connecting": {
            "avg": 0.2130108775510204,
            "max": 10.437533,
            "med": 0,
            "min": 0,
            "p(90)": 0,
            "p(95)": 0
        },
        "http_req_duration": {
            "avg": 6223.217135020407,
            "max": 17753.322209,
            "med": 5836.822511,
            "min": 5719.833679,
            "p(90)": 6038.1321016,
            "p(95)": 6623.017533799997
        },
        "http_req_receiving": {
            "avg": 0.11356367346938778,
            "max": 0.165873,
            "med": 0.106857,
            "min": 0.071028,
            "p(90)": 0.1470438,
            "p(95)": 0.15486659999999997
        },
        "http_req_sending": {
            "avg": 0.04995367346938775,
            "max": 0.22035,
            "med": 0.045257,
            "min": 0.029124,
            "p(90)": 0.0636676,
            "p(95)": 0.06777419999999998
        },
        "http_req_tls_handshaking": {
            "avg": 0.5401798367346938,
            "max": 26.468812,
            "med": 0,
            "min": 0,
            "p(90)": 0,
            "p(95)": 0
        },
        "http_req_waiting": {
            "avg": 6223.053617673469,
            "max": 17752.935986,
            "med": 5836.640503,
            "min": 5719.689036,
            "p(90)": 6038.0176314,
            "p(95)": 6622.866648799996
        },
        "http_reqs": {
            "count": 49,
            "rate": 0.1606395314799206
        },
        "iteration_duration": {
            "avg": 6224.319584714288,
            "max": 17792.146472,
            "med": 5837.164314,
            "min": 5720.100055,
            "p(90)": 6038.411691800001,
            "p(95)": 6623.343987599997
        },
        "iterations": {
            "count": 49,
            "rate": 0.1606395314799206
        },
        "vus": {
            "max": 1,
            "min": 1,
            "value": 1
        },
        "vus_max": {
            "max": 1,
            "min": 1,
            "value": 1
        }
    },
    "root_group": {
        "name": "",
        "path": "",
        "id": "d41d8cd98f00b204e9800998ecf8427e",
        "groups": {},
        "checks": {
            "status is 200": {
                "name": "status is 200",
                "path": "::status is 200",
                "id": "6210a8cd14cd70477eba5c5e4cb3fb5f",
                "passes": 49,
                "fails": 0
            }
        }
    }
}
