{
    "metrics": {
        "checks": {
            "fails": 0,
            "passes": 15,
            "value": 0
        },
        "data_received": {
            "count": 9233,
            "rate": 88.0478104575716
        },
        "data_sent": {
            "count": 11809,
            "rate": 112.61308282177657
        },
        "http_req_blocked": {
            "avg": 1.6769986000000001,
            "max": 24.896637,
            "med": 0.016692,
            "min": 0.009359,
            "p(90)": 0.04214259999999999,
            "p(95)": 7.507760599999973
        },
        "http_req_connecting": {
            "avg": 0.3591616666666667,
            "max": 5.387425,
            "med": 0,
            "min": 0,
            "p(90)": 0,
            "p(95)": 1.6162274999999944
        },
        "http_req_duration": {
            "avg": 6628.025956533334,
            "max": 12779.019934,
            "med": 5804.55004,
            "min": 5659.029554,
            "p(90)": 8816.759139999998,
            "p(95)": 11096.437941999997
        },
        "http_req_receiving": {
            "avg": 0.14841753333333332,
            "max": 0.311841,
            "med": 0.135352,
            "min": 0.098686,
            "p(90)": 0.20561319999999997,
            "p(95)": 0.2552774999999999
        },
        "http_req_sending": {
            "avg": 0.06818853333333334,
            "max": 0.201143,
            "med": 0.052521,
            "min": 0.041625,
            "p(90)": 0.08413140000000001,
            "p(95)": 0.12003679999999987
        },
        "http_req_tls_handshaking": {
            "avg": 1.2813379333333332,
            "max": 19.220069,
            "med": 0,
            "min": 0,
            "p(90)": 0,
            "p(95)": 5.766020699999979
        },
        "http_req_waiting": {
            "avg": 6627.809350466668,
            "max": 12778.837439,
            "med": 5804.380395,
            "min": 5658.862423,
            "p(90)": 8816.4919686,
            "p(95)": 11096.141828599997
        },
        "http_reqs": {
            "count": 15,
            "rate": 0.14304312323877116
        },
        "iteration_duration": {
            "avg": 6630.063532466667,
            "max": 12779.327515,
            "med": 5804.913565,
            "min": 5659.31311,
            "p(90)": 8832.092438599999,
            "p(95)": 11114.277840599998
        },
        "iterations": {
            "count": 15,
            "rate": 0.14304312323877116
        },
        "vus": {
            "max": 1,
            "min": 1,
            "value": 1
        },
        "vus_max": {
            "max": 1,
            "min": 1,
            "value": 1
        }
    },
    "root_group": {
        "name": "",
        "path": "",
        "id": "d41d8cd98f00b204e9800998ecf8427e",
        "groups": {},
        "checks": {
            "status is 200": {
                "name": "status is 200",
                "path": "::status is 200",
                "id": "6210a8cd14cd70477eba5c5e4cb3fb5f",
                "passes": 15,
                "fails": 0
            }
        }
    }
}
