{
    "metrics": {
        "checks": {
            "fails": 0,
            "passes": 166,
            "value": 0
        },
        "data_received": {
            "count": 90269,
            "rate": 300.3704363502284
        },
        "data_sent": {
            "count": 114781,
            "rate": 381.93420836295473
        },
        "http_req_blocked": {
            "avg": 1.7586175542168683,
            "max": 255.826691,
            "med": 0.011454,
            "min": 0.008869,
            "p(90)": 0.015749,
            "p(95)": 0.0194685
        },
        "http_req_connecting": {
            "avg": 0.1160903373493976,
            "max": 10.347535,
            "med": 0,
            "min": 0,
            "p(90)": 0,
            "p(95)": 0
        },
        "http_req_duration": {
            "avg": 1808.1004932530127,
            "max": 29997.627746,
            "med": 894.1245885000001,
            "min": 572.642691,
            "p(90)": 2099.158247,
            "p(95)": 6779.45961575
        },
        "http_req_receiving": {
            "avg": 0.12068639759036148,
            "max": 0.223772,
            "med": 0.11597199999999999,
            "min": 0.078083,
            "p(90)": 0.15508349999999999,
            "p(95)": 0.17158325000000002
        },
        "http_req_sending": {
            "avg": 0.046927722891566284,
            "max": 0.139125,
            "med": 0.0437555,
            "min": 0.027239,
            "p(90)": 0.059784500000000004,
            "p(95)": 0.0706095
        },
        "http_req_tls_handshaking": {
            "avg": 1.627613078313253,
            "max": 246.700829,
            "med": 0,
            "min": 0,
            "p(90)": 0,
            "p(95)": 0
        },
        "http_req_waiting": {
            "avg": 1807.9328791325293,
            "max": 29997.458519,
            "med": 893.9384255,
            "min": 572.465223,
            "p(90)": 2099.018459,
            "p(95)": 6779.282462
        },
        "http_reqs": {
            "count": 166,
            "rate": 0.552365623127961
        },
        "iteration_duration": {
            "avg": 1810.1633268855428,
            "max": 29998.077876,
            "med": 894.4644025,
            "min": 573.020744,
            "p(90)": 2099.4841985,
            "p(95)": 6779.8240667499995
        },
        "iterations": {
            "count": 166,
            "rate": 0.552365623127961
        },
        "vus": {
            "max": 1,
            "min": 1,
            "value": 1
        },
        "vus_max": {
            "max": 1,
            "min": 1,
            "value": 1
        }
    },
    "root_group": {
        "name": "",
        "path": "",
        "id": "d41d8cd98f00b204e9800998ecf8427e",
        "groups": {},
        "checks": {
            "status is 200": {
                "name": "status is 200",
                "path": "::status is 200",
                "id": "6210a8cd14cd70477eba5c5e4cb3fb5f",
                "passes": 166,
                "fails": 0
            }
        }
    }
}
