{
    "metrics": {
        "checks": {
            "fails": 0,
            "passes": 371,
            "value": 0
        },
        "data_received": {
            "count": 201125,
            "rate": 670.0358996505661
        },
        "data_sent": {
            "count": 257128,
            "rate": 856.6065422267284
        },
        "http_req_blocked": {
            "avg": 0.2804460458221023,
            "max": 43.648116,
            "med": 0.005196,
            "min": 0.002482,
            "p(90)": 0.007595,
            "p(95)": 0.014350499999999999
        },
        "http_req_connecting": {
            "avg": 0.06049384636118599,
            "max": 8.155998,
            "med": 0,
            "min": 0,
            "p(90)": 0,
            "p(95)": 0
        },
        "http_req_duration": {
            "avg": 808.4952724204853,
            "max": 10901.260498,
            "med": 654.119573,
            "min": 267.784184,
            "p(90)": 1317.547324,
            "p(95)": 1675.524365
        },
        "http_req_receiving": {
            "avg": 0.09995430188679254,
            "max": 0.190525,
            "med": 0.098872,
            "min": 0.050955,
            "p(90)": 0.10967,
            "p(95)": 0.11568500000000001
        },
        "http_req_sending": {
            "avg": 0.04411080862533691,
            "max": 0.143888,
            "med": 0.045496,
            "min": 0.027766,
            "p(90)": 0.054632,
            "p(95)": 0.056764999999999996
        },
        "http_req_tls_handshaking": {
            "avg": 0.2129104528301887,
            "max": 35.401451,
            "med": 0,
            "min": 0,
            "p(90)": 0,
            "p(95)": 0
        },
        "http_req_waiting": {
            "avg": 808.3512073099735,
            "max": 10900.977424,
            "med": 653.971226,
            "min": 267.612873,
            "p(90)": 1317.413573,
            "p(95)": 1675.3905840000002
        },
        "http_reqs": {
            "count": 371,
            "rate": 1.2359642946941454
        },
        "iteration_duration": {
            "avg": 809.0022309137478,
            "max": 10915.398791,
            "med": 654.353438,
            "min": 268.029242,
            "p(90)": 1317.767924,
            "p(95)": 1675.7481585
        },
        "iterations": {
            "count": 371,
            "rate": 1.2359642946941454
        },
        "vus": {
            "max": 1,
            "min": 1,
            "value": 1
        },
        "vus_max": {
            "max": 1,
            "min": 1,
            "value": 1
        }
    },
    "root_group": {
        "name": "",
        "path": "",
        "id": "d41d8cd98f00b204e9800998ecf8427e",
        "groups": {},
        "checks": {
            "status is 200": {
                "name": "status is 200",
                "path": "::status is 200",
                "id": "6210a8cd14cd70477eba5c5e4cb3fb5f",
                "passes": 371,
                "fails": 0
            }
        }
    }
}
