{
    "metrics": {
        "checks": {
            "fails": 0,
            "passes": 514,
            "value": 0
        },
        "data_received": {
            "count": 279245,
            "rate": 929.3388208349708
        },
        "data_sent": {
            "count": 356425,
            "rate": 1186.1970284735787
        },
        "http_req_blocked": {
            "avg": 0.25034578988326833,
            "max": 29.976566,
            "med": 0.005152,
            "min": 0.002634,
            "p(90)": 0.007394199999999998,
            "p(95)": 0.014076199999999999
        },
        "http_req_connecting": {
            "avg": 0.05580595719844357,
            "max": 9.235824,
            "med": 0,
            "min": 0,
            "p(90)": 0,
            "p(95)": 0
        },
        "http_req_duration": {
            "avg": 584.0478842782098,
            "max": 7638.115763,
            "med": 399.187252,
            "min": 257.633763,
            "p(90)": 808.6268087999999,
            "p(95)": 1092.1315866999996
        },
        "http_req_receiving": {
            "avg": 0.10058793579766535,
            "max": 0.192003,
            "med": 0.099038,
            "min": 0.058234,
            "p(90)": 0.1109496,
            "p(95)": 0.11799095
        },
        "http_req_sending": {
            "avg": 0.04295603891050581,
            "max": 0.134216,
            "med": 0.044028,
            "min": 0.019796,
            "p(90)": 0.0534194,
            "p(95)": 0.056331599999999996
        },
        "http_req_tls_handshaking": {
            "avg": 0.18761230933852138,
            "max": 26.975627,
            "med": 0,
            "min": 0,
            "p(90)": 0,
            "p(95)": 0
        },
        "http_req_waiting": {
            "avg": 583.9043403035016,
            "max": 7637.978449,
            "med": 399.04329199999995,
            "min": 257.483328,
            "p(90)": 808.4901516,
            "p(95)": 1092.0053953499996
        },
        "http_reqs": {
            "count": 514,
            "rate": 1.7106130957015344
        },
        "iteration_duration": {
            "avg": 584.5238744883263,
            "max": 7638.324504,
            "med": 399.439573,
            "min": 257.882039,
            "p(90)": 808.8988105999999,
            "p(95)": 1092.3509739499996
        },
        "iterations": {
            "count": 514,
            "rate": 1.7106130957015344
        },
        "vus": {
            "max": 1,
            "min": 1,
            "value": 1
        },
        "vus_max": {
            "max": 1,
            "min": 1,
            "value": 1
        }
    },
    "root_group": {
        "name": "",
        "path": "",
        "id": "d41d8cd98f00b204e9800998ecf8427e",
        "groups": {},
        "checks": {
            "status is 200": {
                "name": "status is 200",
                "path": "::status is 200",
                "id": "6210a8cd14cd70477eba5c5e4cb3fb5f",
                "passes": 514,
                "fails": 0
            }
        }
    }
}
