{
    "metrics": {
        "checks": {
            "fails": 0,
            "passes": 548,
            "value": 0
        },
        "data_received": {
            "count": 297197,
            "rate": 1008.9047353692198
        },
        "data_sent": {
            "count": 379851,
            "rate": 1289.4930723887978
        },
        "http_req_blocked": {
            "avg": 0.6821730145985408,
            "max": 231.687584,
            "med": 0.003563,
            "min": 0.002278,
            "p(90)": 0.0046324,
            "p(95)": 0.012605799999999964
        },
        "http_req_connecting": {
            "avg": 0.09211708211678832,
            "max": 14.470295,
            "med": 0,
            "min": 0,
            "p(90)": 0,
            "p(95)": 0
        },
        "http_req_duration": {
            "avg": 536.6062404963504,
            "max": 8594.918412,
            "med": 356.16827650000005,
            "min": 230.097902,
            "p(90)": 931.0508676000001,
            "p(95)": 1253.6910968999991
        },
        "http_req_receiving": {
            "avg": 0.07664545437956202,
            "max": 0.130807,
            "med": 0.0770725,
            "min": 0.042507,
            "p(90)": 0.0891084,
            "p(95)": 0.09459514999999999
        },
        "http_req_sending": {
            "avg": 0.036302195255474484,
            "max": 0.150695,
            "med": 0.038754,
            "min": 0.016286,
            "p(90)": 0.050293500000000005,
            "p(95)": 0.05341045
        },
        "http_req_tls_handshaking": {
            "avg": 0.5850276332116788,
            "max": 225.882689,
            "med": 0,
            "min": 0,
            "p(90)": 0,
            "p(95)": 0
        },
        "http_req_waiting": {
            "avg": 536.493292846715,
            "max": 8594.786737,
            "med": 356.06205750000004,
            "min": 229.984594,
            "p(90)": 930.9265146000001,
            "p(95)": 1253.5897602999992
        },
        "http_reqs": {
            "count": 548,
            "rate": 1.8603141854807836
        },
        "iteration_duration": {
            "avg": 537.4742831240873,
            "max": 8595.133676,
            "med": 356.6923925,
            "min": 230.290255,
            "p(90)": 931.2694990000001,
            "p(95)": 1253.8903996499992
        },
        "iterations": {
            "count": 548,
            "rate": 1.8603141854807836
        },
        "vus": {
            "max": 1,
            "min": 1,
            "value": 1
        },
        "vus_max": {
            "max": 1,
            "min": 1,
            "value": 1
        }
    },
    "root_group": {
        "name": "",
        "path": "",
        "id": "d41d8cd98f00b204e9800998ecf8427e",
        "groups": {},
        "checks": {
            "status is 200": {
                "name": "status is 200",
                "path": "::status is 200",
                "id": "6210a8cd14cd70477eba5c5e4cb3fb5f",
                "passes": 548,
                "fails": 0
            }
        }
    }
}
