{
    "metrics": {
        "checks": {
            "fails": 1,
            "passes": 398,
            "value": 0
        },
        "data_received": {
            "count": 215928,
            "rate": 718.9552581353212
        },
        "data_sent": {
            "count": 276420,
            "rate": 920.3698105561366
        },
        "http_req_blocked": {
            "avg": 3.6254627117794507,
            "max": 1039.553912,
            "med": 0.005148,
            "min": 0.003019,
            "p(90)": 0.007793999999999997,
            "p(95)": 0.014216899999999998
        },
        "http_req_connecting": {
            "avg": 2.677710498746867,
            "max": 1019.087499,
            "med": 0,
            "min": 0,
            "p(90)": 0,
            "p(95)": 0
        },
        "http_req_duration": {
            "avg": 748.7952352581452,
            "max": 60137.074848,
            "med": 444.311505,
            "min": 247.577267,
            "p(90)": 970.667647,
            "p(95)": 1207.2479994
        },
        "http_req_receiving": {
            "avg": 0.09967474937343357,
            "max": 0.172798,
            "med": 0.097954,
            "min": 0.070171,
            "p(90)": 0.10901279999999999,
            "p(95)": 0.11716919999999999
        },
        "http_req_sending": {
            "avg": 0.04361109774436088,
            "max": 0.136085,
            "med": 0.044177,
            "min": 0.021534,
            "p(90)": 0.0546344,
            "p(95)": 0.0561508
        },
        "http_req_tls_handshaking": {
            "avg": 0.9408536365914787,
            "max": 298.664808,
            "med": 0,
            "min": 0,
            "p(90)": 0,
            "p(95)": 0
        },
        "http_req_waiting": {
            "avg": 748.6519494110279,
            "max": 60136.817619,
            "med": 444.164443,
            "min": 247.390267,
            "p(90)": 970.5305639999999,
            "p(95)": 1207.1130358999999
        },
        "http_reqs": {
            "count": 399,
            "rate": 1.328512967266835
        },
        "iteration_duration": {
            "avg": 752.6438230401001,
            "max": 60180.518336,
            "med": 447.800035,
            "min": 247.808059,
            "p(90)": 974.7784455999999,
            "p(95)": 1212.6018183999984
        },
        "iterations": {
            "count": 399,
            "rate": 1.328512967266835
        },
        "vus": {
            "max": 1,
            "min": 1,
            "value": 1
        },
        "vus_max": {
            "max": 1,
            "min": 1,
            "value": 1
        }
    },
    "root_group": {
        "name": "",
        "path": "",
        "id": "d41d8cd98f00b204e9800998ecf8427e",
        "groups": {},
        "checks": {
            "status is 200": {
                "name": "status is 200",
                "path": "::status is 200",
                "id": "6210a8cd14cd70477eba5c5e4cb3fb5f",
                "passes": 398,
                "fails": 1
            }
        }
    }
}
