{
    "metrics": {
        "checks": {
            "fails": 0,
            "passes": 396,
            "value": 0
        },
        "data_received": {
            "count": 214325,
            "rate": 712.2666224105229
        },
        "data_sent": {
            "count": 274353,
            "rate": 911.7577728132238
        },
        "http_req_blocked": {
            "avg": 0.36057879545454535,
            "max": 59.913387,
            "med": 0.0050305,
            "min": 0.002906,
            "p(90)": 0.006884,
            "p(95)": 0.01449275
        },
        "http_req_connecting": {
            "avg": 0.09293031565656565,
            "max": 18.205419,
            "med": 0,
            "min": 0,
            "p(90)": 0,
            "p(95)": 0
        },
        "http_req_duration": {
            "avg": 759.1800002777775,
            "max": 9678.859568,
            "med": 519.355933,
            "min": 244.872001,
            "p(90)": 1449.1900495,
            "p(95)": 1991.72776075
        },
        "http_req_receiving": {
            "avg": 0.1020016237373737,
            "max": 0.182819,
            "med": 0.10038649999999999,
            "min": 0.066897,
            "p(90)": 0.112439,
            "p(95)": 0.117883
        },
        "http_req_sending": {
            "avg": 0.04480154040404039,
            "max": 0.146797,
            "med": 0.0456475,
            "min": 0.021365,
            "p(90)": 0.054676,
            "p(95)": 0.05760825
        },
        "http_req_tls_handshaking": {
            "avg": 0.2608554747474747,
            "max": 41.612201,
            "med": 0,
            "min": 0,
            "p(90)": 0,
            "p(95)": 0
        },
        "http_req_waiting": {
            "avg": 759.0331971136361,
            "max": 9678.568134,
            "med": 519.220134,
            "min": 244.701868,
            "p(90)": 1449.0456855,
            "p(95)": 1991.58014725
        },
        "http_reqs": {
            "count": 396,
            "rate": 1.3160274465161184
        },
        "iteration_duration": {
            "avg": 759.7672945227275,
            "max": 9715.111031,
            "med": 519.5974329999999,
            "min": 245.117812,
            "p(90)": 1449.4253465000002,
            "p(95)": 1991.959106
        },
        "iterations": {
            "count": 396,
            "rate": 1.3160274465161184
        },
        "vus": {
            "max": 1,
            "min": 1,
            "value": 1
        },
        "vus_max": {
            "max": 1,
            "min": 1,
            "value": 1
        }
    },
    "root_group": {
        "name": "",
        "path": "",
        "id": "d41d8cd98f00b204e9800998ecf8427e",
        "groups": {},
        "checks": {
            "status is 200": {
                "name": "status is 200",
                "path": "::status is 200",
                "id": "6210a8cd14cd70477eba5c5e4cb3fb5f",
                "passes": 396,
                "fails": 0
            }
        }
    }
}
