{
    "metrics": {
        "checks": {
            "fails": 0,
            "passes": 450,
            "value": 0
        },
        "data_received": {
            "count": 244145,
            "rate": 810.2455598103917
        },
        "data_sent": {
            "count": 311944,
            "rate": 1035.2505310757658
        },
        "http_req_blocked": {
            "avg": 0.36277232444444407,
            "max": 50.594945,
            "med": 0.003646,
            "min": 0.002345,
            "p(90)": 0.004465900000000001,
            "p(95)": 0.006031749999999996
        },
        "http_req_connecting": {
            "avg": 0.08385249111111111,
            "max": 16.335042,
            "med": 0,
            "min": 0,
            "p(90)": 0,
            "p(95)": 0
        },
        "http_req_duration": {
            "avg": 668.9867054622222,
            "max": 15334.117528,
            "med": 480.343885,
            "min": 270.393704,
            "p(90)": 1019.0318113000001,
            "p(95)": 1432.4956170999994
        },
        "http_req_receiving": {
            "avg": 0.07965660888888894,
            "max": 0.430177,
            "med": 0.07866300000000001,
            "min": 0.046084,
            "p(90)": 0.0909156,
            "p(95)": 0.09444155
        },
        "http_req_sending": {
            "avg": 0.03608755777777779,
            "max": 0.088259,
            "med": 0.038265999999999994,
            "min": 0.018143,
            "p(90)": 0.047604300000000016,
            "p(95)": 0.05343519999999999
        },
        "http_req_tls_handshaking": {
            "avg": 0.2740798755555556,
            "max": 34.163451,
            "med": 0,
            "min": 0,
            "p(90)": 0,
            "p(95)": 0
        },
        "http_req_waiting": {
            "avg": 668.8709612955556,
            "max": 15334.004635,
            "med": 480.2274735,
            "min": 270.277994,
            "p(90)": 1018.8958409000002,
            "p(95)": 1432.3818313499994
        },
        "http_reqs": {
            "count": 450,
            "rate": 1.493417853794574
        },
        "iteration_duration": {
            "avg": 669.5383317377775,
            "max": 15334.305069,
            "med": 481.3571325,
            "min": 270.577084,
            "p(90)": 1019.2174739000001,
            "p(95)": 1432.6827233499994
        },
        "iterations": {
            "count": 450,
            "rate": 1.493417853794574
        },
        "vus": {
            "max": 1,
            "min": 1,
            "value": 1
        },
        "vus_max": {
            "max": 1,
            "min": 1,
            "value": 1
        }
    },
    "root_group": {
        "name": "",
        "path": "",
        "id": "d41d8cd98f00b204e9800998ecf8427e",
        "groups": {},
        "checks": {
            "status is 200": {
                "name": "status is 200",
                "path": "::status is 200",
                "id": "6210a8cd14cd70477eba5c5e4cb3fb5f",
                "passes": 450,
                "fails": 0
            }
        }
    }
}
