{
    "metrics": {
        "checks": {
            "fails": 0,
            "passes": 350,
            "value": 0
        },
        "data_received": {
            "count": 190037,
            "rate": 633.0971781601824
        },
        "data_sent": {
            "count": 242659,
            "rate": 808.4043010317553
        },
        "http_req_blocked": {
            "avg": 0.37229317714285703,
            "max": 50.332354,
            "med": 0.0052534999999999995,
            "min": 0.003244,
            "p(90)": 0.006420400000000001,
            "p(95)": 0.013904500000000002
        },
        "http_req_connecting": {
            "avg": 0.1153927057142857,
            "max": 21.054297,
            "med": 0,
            "min": 0,
            "p(90)": 0,
            "p(95)": 0
        },
        "http_req_duration": {
            "avg": 856.9274624085722,
            "max": 8602.759211,
            "med": 672.9334635,
            "min": 273.051045,
            "p(90)": 1398.4672878000001,
            "p(95)": 1769.3203119500006
        },
        "http_req_receiving": {
            "avg": 0.10117039142857144,
            "max": 0.178039,
            "med": 0.0995685,
            "min": 0.065687,
            "p(90)": 0.11138920000000001,
            "p(95)": 0.1198626
        },
        "http_req_sending": {
            "avg": 0.04482705142857142,
            "max": 0.168665,
            "med": 0.045297000000000004,
            "min": 0.020322,
            "p(90)": 0.0529604,
            "p(95)": 0.0575328
        },
        "http_req_tls_handshaking": {
            "avg": 0.2498647314285714,
            "max": 37.428978,
            "med": 0,
            "min": 0,
            "p(90)": 0,
            "p(95)": 0
        },
        "http_req_waiting": {
            "avg": 856.7814649657139,
            "max": 8602.621887,
            "med": 672.7978365,
            "min": 272.895024,
            "p(90)": 1398.3229722,
            "p(95)": 1769.1753913500004
        },
        "http_reqs": {
            "count": 350,
            "rate": 1.1660045799295076
        },
        "iteration_duration": {
            "avg": 857.5410399828567,
            "max": 8602.984866,
            "med": 673.1701315,
            "min": 273.306676,
            "p(90)": 1398.7038420000001,
            "p(95)": 1769.5741867500005
        },
        "iterations": {
            "count": 350,
            "rate": 1.1660045799295076
        },
        "vus": {
            "max": 1,
            "min": 1,
            "value": 1
        },
        "vus_max": {
            "max": 1,
            "min": 1,
            "value": 1
        }
    },
    "root_group": {
        "name": "",
        "path": "",
        "id": "d41d8cd98f00b204e9800998ecf8427e",
        "groups": {},
        "checks": {
            "status is 200": {
                "name": "status is 200",
                "path": "::status is 200",
                "id": "6210a8cd14cd70477eba5c5e4cb3fb5f",
                "passes": 350,
                "fails": 0
            }
        }
    }
}
