{
    "metrics": {
        "checks": {
            "fails": 0,
            "passes": 822,
            "value": 0
        },
        "data_received": {
            "count": 444971,
            "rate": 1507.829541221326
        },
        "data_sent": {
            "count": 451424,
            "rate": 1529.6961887770121
        },
        "http_req_blocked": {
            "avg": 0.7795555644768855,
            "max": 269.224985,
            "med": 0.003203,
            "min": 0.002265,
            "p(90)": 0.004312999999999998,
            "p(95)": 0.01506359999999999
        },
        "http_req_connecting": {
            "avg": 0.058014613138686125,
            "max": 11.15454,
            "med": 0,
            "min": 0,
            "p(90)": 0,
            "p(95)": 0
        },
        "http_req_duration": {
            "avg": 358.0140756958637,
            "max": 15512.662687,
            "med": 148.1393575,
            "min": 53.957325,
            "p(90)": 742.1559412999997,
            "p(95)": 1280.5040848999968
        },
        "http_req_receiving": {
            "avg": 0.0716300705596107,
            "max": 0.166362,
            "med": 0.06849350000000001,
            "min": 0.040284,
            "p(90)": 0.0857943,
            "p(95)": 0.09162785
        },
        "http_req_sending": {
            "avg": 0.034406726277372304,
            "max": 0.098401,
            "med": 0.034811,
            "min": 0.01533,
            "p(90)": 0.049432,
            "p(95)": 0.05191215
        },
        "http_req_tls_handshaking": {
            "avg": 0.7167733187347932,
            "max": 257.978503,
            "med": 0,
            "min": 0,
            "p(90)": 0,
            "p(95)": 0
        },
        "http_req_waiting": {
            "avg": 357.9080388990267,
            "max": 15512.574858,
            "med": 148.0383155,
            "min": 53.870478,
            "p(90)": 742.0187901999997,
            "p(95)": 1280.4101409999967
        },
        "http_reqs": {
            "count": 822,
            "rate": 2.785430697470015
        },
        "iteration_duration": {
            "avg": 358.961725614355,
            "max": 15512.861557,
            "med": 148.89543450000002,
            "min": 54.070733,
            "p(90)": 742.3456598999996,
            "p(95)": 1280.6822429499966
        },
        "iterations": {
            "count": 822,
            "rate": 2.785430697470015
        },
        "vus": {
            "max": 1,
            "min": 1,
            "value": 1
        },
        "vus_max": {
            "max": 1,
            "min": 1,
            "value": 1
        }
    },
    "root_group": {
        "name": "",
        "path": "",
        "id": "d41d8cd98f00b204e9800998ecf8427e",
        "groups": {},
        "checks": {
            "status is 200": {
                "name": "status is 200",
                "path": "::status is 200",
                "id": "6210a8cd14cd70477eba5c5e4cb3fb5f",
                "passes": 822,
                "fails": 0
            }
        }
    }
}
