{
    "metrics": {
        "checks": {
            "fails": 0,
            "passes": 1142,
            "value": 0
        },
        "data_received": {
            "count": 617535,
            "rate": 2057.920260511018
        },
        "data_sent": {
            "count": 626979,
            "rate": 2089.392159173063
        },
        "http_req_blocked": {
            "avg": 2.795950119964977,
            "max": 2129.691277,
            "med": 0.0044740000000000005,
            "min": 0.002722,
            "p(90)": 0.006197500000000001,
            "p(95)": 0.0076475000000000015
        },
        "http_req_connecting": {
            "avg": 0.9842772784588444,
            "max": 1013.682347,
            "med": 0,
            "min": 0,
            "p(90)": 0,
            "p(95)": 0
        },
        "http_req_duration": {
            "avg": 259.71973195358964,
            "max": 5947.416138,
            "med": 150.12115799999998,
            "min": 57.805146,
            "p(90)": 463.9533209000001,
            "p(95)": 606.20423165
        },
        "http_req_receiving": {
            "avg": 0.09084231173380042,
            "max": 0.297731,
            "med": 0.0870795,
            "min": 0.055792,
            "p(90)": 0.1120514,
            "p(95)": 0.12341350000000001
        },
        "http_req_sending": {
            "avg": 0.035377485989492086,
            "max": 0.131915,
            "med": 0.032508499999999996,
            "min": 0.023623,
            "p(90)": 0.0436815,
            "p(95)": 0.050031950000000006
        },
        "http_req_tls_handshaking": {
            "avg": 1.8057403222416812,
            "max": 1115.917554,
            "med": 0,
            "min": 0,
            "p(90)": 0,
            "p(95)": 0
        },
        "http_req_waiting": {
            "avg": 259.5935121558666,
            "max": 5947.318848,
            "med": 150.0065015,
            "min": 57.689173,
            "p(90)": 463.86386540000007,
            "p(95)": 606.09195865
        },
        "http_reqs": {
            "count": 1142,
            "rate": 3.8056870258423943
        },
        "iteration_duration": {
            "avg": 262.7249506217162,
            "max": 6149.460503,
            "med": 150.84795,
            "min": 58.000127,
            "p(90)": 464.5590444,
            "p(95)": 608.1330158500001
        },
        "iterations": {
            "count": 1142,
            "rate": 3.8056870258423943
        },
        "vus": {
            "max": 1,
            "min": 1,
            "value": 1
        },
        "vus_max": {
            "max": 1,
            "min": 1,
            "value": 1
        }
    },
    "root_group": {
        "name": "",
        "path": "",
        "id": "d41d8cd98f00b204e9800998ecf8427e",
        "groups": {},
        "checks": {
            "status is 200": {
                "name": "status is 200",
                "path": "::status is 200",
                "id": "6210a8cd14cd70477eba5c5e4cb3fb5f",
                "passes": 1142,
                "fails": 0
            }
        }
    }
}
