{
    "metrics": {
        "checks": {
            "fails": 0,
            "passes": 1510,
            "value": 0
        },
        "data_received": {
            "count": 816703,
            "rate": 2721.3528156529833
        },
        "data_sent": {
            "count": 829079,
            "rate": 2762.5911390661718
        },
        "http_req_blocked": {
            "avg": 0.30194526026490087,
            "max": 58.124303,
            "med": 0.005187,
            "min": 0.002673,
            "p(90)": 0.007317400000000035,
            "p(95)": 0.01430385
        },
        "http_req_connecting": {
            "avg": 0.07373542185430464,
            "max": 15.761456,
            "med": 0,
            "min": 0,
            "p(90)": 0,
            "p(95)": 0
        },
        "http_req_duration": {
            "avg": 198.1910406768211,
            "max": 7506.456022,
            "med": 122.861616,
            "min": 56.13688,
            "p(90)": 313.6503899000001,
            "p(95)": 441.1075941499996
        },
        "http_req_receiving": {
            "avg": 0.09985958940397326,
            "max": 0.169619,
            "med": 0.09861,
            "min": 0.053872,
            "p(90)": 0.11092380000000002,
            "p(95)": 0.11651014999999999
        },
        "http_req_sending": {
            "avg": 0.04376361589403969,
            "max": 0.145866,
            "med": 0.044959,
            "min": 0.017792,
            "p(90)": 0.054623700000000004,
            "p(95)": 0.0565642
        },
        "http_req_tls_handshaking": {
            "avg": 0.22130714503311258,
            "max": 42.244846,
            "med": 0,
            "min": 0,
            "p(90)": 0,
            "p(95)": 0
        },
        "http_req_waiting": {
            "avg": 198.04741747152312,
            "max": 7506.304719,
            "med": 122.72939,
            "min": 56.00436,
            "p(90)": 313.50393440000005,
            "p(95)": 440.96525919999965
        },
        "http_reqs": {
            "count": 1510,
            "rate": 5.03150196783409
        },
        "iteration_duration": {
            "avg": 198.71830203178808,
            "max": 7506.696137,
            "med": 123.37530050000001,
            "min": 56.380131,
            "p(90)": 313.88234780000005,
            "p(95)": 441.3151867499996
        },
        "iterations": {
            "count": 1510,
            "rate": 5.03150196783409
        },
        "vus": {
            "max": 1,
            "min": 1,
            "value": 1
        },
        "vus_max": {
            "max": 1,
            "min": 1,
            "value": 1
        }
    },
    "root_group": {
        "name": "",
        "path": "",
        "id": "d41d8cd98f00b204e9800998ecf8427e",
        "groups": {},
        "checks": {
            "status is 200": {
                "name": "status is 200",
                "path": "::status is 200",
                "id": "6210a8cd14cd70477eba5c5e4cb3fb5f",
                "passes": 1510,
                "fails": 0
            }
        }
    }
}
