{
    "metrics": {
        "checks": {
            "fails": 0,
            "passes": 429,
            "value": 0
        },
        "data_received": {
            "count": 233057,
            "rate": 823.2247227908385
        },
        "data_sent": {
            "count": 297475,
            "rate": 1050.7677281188924
        },
        "http_req_blocked": {
            "avg": 4.855523233100232,
            "max": 1275.075099,
            "med": 0.00518,
            "min": 0.003627,
            "p(90)": 0.0067356,
            "p(95)": 0.0143174
        },
        "http_req_connecting": {
            "avg": 2.494096244755245,
            "max": 1025.482694,
            "med": 0,
            "min": 0,
            "p(90)": 0,
            "p(95)": 0
        },
        "http_req_duration": {
            "avg": 654.7410850349646,
            "max": 7218.982143,
            "med": 457.965046,
            "min": 262.692562,
            "p(90)": 1197.8080446,
            "p(95)": 1623.2979659999996
        },
        "http_req_receiving": {
            "avg": 0.10090416317016326,
            "max": 0.172616,
            "med": 0.099085,
            "min": 0.066988,
            "p(90)": 0.11338619999999999,
            "p(95)": 0.1165954
        },
        "http_req_sending": {
            "avg": 0.044204219114219144,
            "max": 0.194035,
            "med": 0.044732,
            "min": 0.023888,
            "p(90)": 0.0538118,
            "p(95)": 0.055983399999999996
        },
        "http_req_tls_handshaking": {
            "avg": 2.354251477855478,
            "max": 474.429296,
            "med": 0,
            "min": 0,
            "p(90)": 0,
            "p(95)": 0
        },
        "http_req_waiting": {
            "avg": 654.5959766526811,
            "max": 7218.838429,
            "med": 457.828502,
            "min": 262.570742,
            "p(90)": 1197.6290488,
            "p(95)": 1623.1461401999995
        },
        "http_reqs": {
            "count": 429,
            "rate": 1.515352064418875
        },
        "iteration_duration": {
            "avg": 659.8233953613053,
            "max": 7219.196603,
            "med": 458.901667,
            "min": 262.924558,
            "p(90)": 1203.9389892,
            "p(95)": 1635.2450991999997
        },
        "iterations": {
            "count": 429,
            "rate": 1.515352064418875
        },
        "vus": {
            "max": 1,
            "min": 1,
            "value": 1
        },
        "vus_max": {
            "max": 1,
            "min": 1,
            "value": 1
        }
    },
    "root_group": {
        "name": "",
        "path": "",
        "id": "d41d8cd98f00b204e9800998ecf8427e",
        "groups": {},
        "checks": {
            "status is 200": {
                "name": "status is 200",
                "path": "::status is 200",
                "id": "6210a8cd14cd70477eba5c5e4cb3fb5f",
                "passes": 429,
                "fails": 0
            }
        }
    }
}
