{
    "metrics": {
        "checks": {
            "fails": 0,
            "passes": 538,
            "value": 0
        },
        "data_received": {
            "count": 291917,
            "rate": 1029.83500021452
        },
        "data_sent": {
            "count": 372961,
            "rate": 1315.7448573224842
        },
        "http_req_blocked": {
            "avg": 2.614435615241638,
            "max": 1044.50189,
            "med": 0.005012,
            "min": 0.002965,
            "p(90)": 0.0062578,
            "p(95)": 0.014102449999999999
        },
        "http_req_connecting": {
            "avg": 1.952026327137547,
            "max": 1016.562262,
            "med": 0,
            "min": 0,
            "p(90)": 0,
            "p(95)": 0
        },
        "http_req_duration": {
            "avg": 523.973366741636,
            "max": 8236.856166,
            "med": 389.36409649999996,
            "min": 248.386029,
            "p(90)": 780.6440777,
            "p(95)": 1026.0682884499993
        },
        "http_req_receiving": {
            "avg": 0.09979603717472112,
            "max": 0.181147,
            "med": 0.0984595,
            "min": 0.061693,
            "p(90)": 0.1118101,
            "p(95)": 0.11931534999999999
        },
        "http_req_sending": {
            "avg": 0.0434325408921933,
            "max": 0.184188,
            "med": 0.044547,
            "min": 0.019064,
            "p(90)": 0.051122600000000004,
            "p(95)": 0.05692225
        },
        "http_req_tls_handshaking": {
            "avg": 0.6555038587360594,
            "max": 232.271615,
            "med": 0,
            "min": 0,
            "p(90)": 0,
            "p(95)": 0
        },
        "http_req_waiting": {
            "avg": 523.8301381635691,
            "max": 8236.715158,
            "med": 389.2226455,
            "min": 248.255483,
            "p(90)": 780.5065603,
            "p(95)": 1025.9441111999995
        },
        "http_reqs": {
            "count": 538,
            "rate": 1.8979752125275742
        },
        "iteration_duration": {
            "avg": 526.8158715855024,
            "max": 8237.090325,
            "med": 390.4888665,
            "min": 248.57592,
            "p(90)": 794.4521697000001,
            "p(95)": 1050.1679379
        },
        "iterations": {
            "count": 538,
            "rate": 1.8979752125275742
        },
        "vus": {
            "max": 1,
            "min": 1,
            "value": 1
        },
        "vus_max": {
            "max": 1,
            "min": 1,
            "value": 1
        }
    },
    "root_group": {
        "name": "",
        "path": "",
        "id": "d41d8cd98f00b204e9800998ecf8427e",
        "groups": {},
        "checks": {
            "status is 200": {
                "name": "status is 200",
                "path": "::status is 200",
                "id": "6210a8cd14cd70477eba5c5e4cb3fb5f",
                "passes": 538,
                "fails": 0
            }
        }
    }
}
