{
    "metrics": {
        "checks": {
            "fails": 0,
            "passes": 786,
            "value": 0
        },
        "data_received": {
            "count": 425477,
            "rate": 236.24111664530284
        },
        "data_sent": {
            "count": 535171,
            "rate": 297.14742427013294
        },
        "http_req_blocked": {
            "avg": 9.342703440203541,
            "max": 1662.962838,
            "med": 0.0115945,
            "min": 0.008102,
            "p(90)": 0.015785,
            "p(95)": 0.01960875
        },
        "http_req_connecting": {
            "avg": 2.785773606870229,
            "max": 306.944295,
            "med": 0,
            "min": 0,
            "p(90)": 0,
            "p(95)": 0
        },
        "http_req_duration": {
            "avg": 2281.6709966946546,
            "max": 12906.624938,
            "med": 1967.72665,
            "min": 939.726491,
            "p(90)": 3376.7941764999996,
            "p(95)": 4215.958983
        },
        "http_req_receiving": {
            "avg": 0.11489105216284992,
            "max": 0.341606,
            "med": 0.1079095,
            "min": 0.055176,
            "p(90)": 0.1449965,
            "p(95)": 0.16478025000000002
        },
        "http_req_sending": {
            "avg": 0.04506467557251908,
            "max": 0.15149,
            "med": 0.0414875,
            "min": 0.024864,
            "p(90)": 0.0580045,
            "p(95)": 0.06764525
        },
        "http_req_tls_handshaking": {
            "avg": 6.542420045801528,
            "max": 1355.856367,
            "med": 0,
            "min": 0,
            "p(90)": 0,
            "p(95)": 0
        },
        "http_req_waiting": {
            "avg": 2281.511040966921,
            "max": 12906.334457,
            "med": 1967.578162,
            "min": 939.604473,
            "p(90)": 3376.6372119999996,
            "p(95)": 4215.80663475
        },
        "http_reqs": {
            "count": 786,
            "rate": 0.4364172862063238
        },
        "iteration_duration": {
            "avg": 2291.3087857900778,
            "max": 13695.56295,
            "med": 1982.394141,
            "min": 939.99986,
            "p(90)": 3402.138522,
            "p(95)": 4277.59752325
        },
        "iterations": {
            "count": 786,
            "rate": 0.4364172862063238
        },
        "vus": {
            "max": 1,
            "min": 1,
            "value": 1
        },
        "vus_max": {
            "max": 1,
            "min": 1,
            "value": 1
        }
    },
    "root_group": {
        "name": "",
        "path": "",
        "id": "d41d8cd98f00b204e9800998ecf8427e",
        "groups": {},
        "checks": {
            "status is 200": {
                "name": "status is 200",
                "path": "::status is 200",
                "id": "6210a8cd14cd70477eba5c5e4cb3fb5f",
                "passes": 786,
                "fails": 0
            }
        }
    }
}
