{
    "metrics": {
        "checks": {
            "fails": 0,
            "passes": 687,
            "value": 0
        },
        "data_received": {
            "count": 371897,
            "rate": 206.02904302631666
        },
        "data_sent": {
            "count": 467763,
            "rate": 259.1383185481974
        },
        "http_req_blocked": {
            "avg": 9.881157622998593,
            "max": 2178.112219,
            "med": 0.011663,
            "min": 0.008101,
            "p(90)": 0.015980199999999996,
            "p(95)": 0.019603999999999996
        },
        "http_req_connecting": {
            "avg": 2.4680362838427947,
            "max": 280.278458,
            "med": 0,
            "min": 0,
            "p(90)": 0,
            "p(95)": 0
        },
        "http_req_duration": {
            "avg": 2617.2115474206707,
            "max": 17897.368302,
            "med": 2213.558961,
            "min": 901.016968,
            "p(90)": 4198.5874764,
            "p(95)": 5011.9172855
        },
        "http_req_receiving": {
            "avg": 0.11364365502183402,
            "max": 0.293119,
            "med": 0.109509,
            "min": 0.054335,
            "p(90)": 0.1415788,
            "p(95)": 0.1511833
        },
        "http_req_sending": {
            "avg": 0.04549523726346436,
            "max": 0.209939,
            "med": 0.042114,
            "min": 0.026192,
            "p(90)": 0.0587634,
            "p(95)": 0.06843599999999997
        },
        "http_req_tls_handshaking": {
            "avg": 7.39858361426492,
            "max": 1934.331368,
            "med": 0,
            "min": 0,
            "p(90)": 0,
            "p(95)": 0
        },
        "http_req_waiting": {
            "avg": 2617.0524085283823,
            "max": 17897.041881,
            "med": 2213.404389,
            "min": 900.858014,
            "p(90)": 4198.421241999999,
            "p(95)": 5011.7677295
        },
        "http_reqs": {
            "count": 687,
            "rate": 0.3805944994422637
        },
        "iteration_duration": {
            "avg": 2627.3843549723456,
            "max": 18588.203268,
            "med": 2234.474077,
            "min": 901.331386,
            "p(90)": 4198.874716599999,
            "p(95)": 5013.6413176
        },
        "iterations": {
            "count": 687,
            "rate": 0.3805944994422637
        },
        "vus": {
            "max": 1,
            "min": 1,
            "value": 1
        },
        "vus_max": {
            "max": 1,
            "min": 1,
            "value": 1
        }
    },
    "root_group": {
        "name": "",
        "path": "",
        "id": "d41d8cd98f00b204e9800998ecf8427e",
        "groups": {},
        "checks": {
            "status is 200": {
                "name": "status is 200",
                "path": "::status is 200",
                "id": "6210a8cd14cd70477eba5c5e4cb3fb5f",
                "passes": 687,
                "fails": 0
            }
        }
    }
}
