{
    "metrics": {
        "checks": {
            "fails": 0,
            "passes": 764,
            "value": 0
        },
        "data_received": {
            "count": 413861,
            "rate": 229.7897402410611
        },
        "data_sent": {
            "count": 520277,
            "rate": 288.87553232461755
        },
        "http_req_blocked": {
            "avg": 11.201728465968587,
            "max": 2276.325035,
            "med": 0.011594,
            "min": 0.007962,
            "p(90)": 0.016252000000000003,
            "p(95)": 0.019417
        },
        "http_req_connecting": {
            "avg": 3.0483905366492148,
            "max": 338.539292,
            "med": 0,
            "min": 0,
            "p(90)": 0,
            "p(95)": 0
        },
        "http_req_duration": {
            "avg": 2345.7999218324608,
            "max": 12068.315023,
            "med": 1961.565403,
            "min": 883.421951,
            "p(90)": 4049.620989300001,
            "p(95)": 4915.02513935
        },
        "http_req_receiving": {
            "avg": 0.11712082591623009,
            "max": 0.295507,
            "med": 0.111957,
            "min": 0.063418,
            "p(90)": 0.14637050000000001,
            "p(95)": 0.15864460000000002
        },
        "http_req_sending": {
            "avg": 0.04598830628272244,
            "max": 0.135076,
            "med": 0.042814,
            "min": 0.023887,
            "p(90)": 0.061513700000000004,
            "p(95)": 0.06910640000000003
        },
        "http_req_tls_handshaking": {
            "avg": 8.138712973821988,
            "max": 2033.809584,
            "med": 0,
            "min": 0,
            "p(90)": 0,
            "p(95)": 0
        },
        "http_req_waiting": {
            "avg": 2345.6368127002593,
            "max": 12068.023202,
            "med": 1961.3939045000002,
            "min": 883.248253,
            "p(90)": 4049.444860800001,
            "p(95)": 4914.7835185
        },
        "http_reqs": {
            "count": 764,
            "rate": 0.42419885310326577
        },
        "iteration_duration": {
            "avg": 2357.2986523298446,
            "max": 12925.610047,
            "med": 1964.464892,
            "min": 883.73233,
            "p(90)": 4064.7417393000005,
            "p(95)": 4924.64940245
        },
        "iterations": {
            "count": 764,
            "rate": 0.42419885310326577
        },
        "vus": {
            "max": 1,
            "min": 1,
            "value": 1
        },
        "vus_max": {
            "max": 1,
            "min": 1,
            "value": 1
        }
    },
    "root_group": {
        "name": "",
        "path": "",
        "id": "d41d8cd98f00b204e9800998ecf8427e",
        "groups": {},
        "checks": {
            "status is 200": {
                "name": "status is 200",
                "path": "::status is 200",
                "id": "6210a8cd14cd70477eba5c5e4cb3fb5f",
                "passes": 764,
                "fails": 0
            }
        }
    }
}
