{
    "metrics": {
        "checks": {
            "fails": 0,
            "passes": 1930,
            "value": 0
        },
        "data_received": {
            "count": 1043275,
            "rate": 579.264596219031
        },
        "data_sent": {
            "count": 1053729,
            "rate": 585.0690409616672
        },
        "http_req_blocked": {
            "avg": 10.426614858549058,
            "max": 2471.492813,
            "med": 0.011803,
            "min": 0.007683,
            "p(90)": 0.016272,
            "p(95)": 0.019625
        },
        "http_req_connecting": {
            "avg": 3.3297800497409322,
            "max": 1328.521732,
            "med": 0,
            "min": 0,
            "p(90)": 0,
            "p(95)": 0
        },
        "http_req_duration": {
            "avg": 922.4033760217611,
            "max": 15758.858904,
            "med": 715.9758915,
            "min": 316.542669,
            "p(90)": 1615.6177217000002,
            "p(95)": 2014.708115
        },
        "http_req_receiving": {
            "avg": 0.12007804870466326,
            "max": 0.421554,
            "med": 0.113595,
            "min": 0.066767,
            "p(90)": 0.151622,
            "p(95)": 0.17025295
        },
        "http_req_sending": {
            "avg": 0.04629784663212442,
            "max": 0.239829,
            "med": 0.042393,
            "min": 0.022419,
            "p(90)": 0.06041890000000001,
            "p(95)": 0.06917949999999999
        },
        "http_req_tls_handshaking": {
            "avg": 7.0820717673575135,
            "max": 2178.412967,
            "med": 0,
            "min": 0,
            "p(90)": 0,
            "p(95)": 0
        },
        "http_req_waiting": {
            "avg": 922.2370001264258,
            "max": 15758.536944,
            "med": 715.8018985,
            "min": 316.387903,
            "p(90)": 1615.4785450000002,
            "p(95)": 2014.5448215499998
        },
        "http_reqs": {
            "count": 1930,
            "rate": 1.071606882847504
        },
        "iteration_duration": {
            "avg": 933.1278340668388,
            "max": 16566.420601,
            "med": 716.3231055,
            "min": 316.845006,
            "p(90)": 1637.3154802,
            "p(95)": 2046.8806881
        },
        "iterations": {
            "count": 1930,
            "rate": 1.071606882847504
        },
        "vus": {
            "max": 1,
            "min": 1,
            "value": 1
        },
        "vus_max": {
            "max": 1,
            "min": 1,
            "value": 1
        }
    },
    "root_group": {
        "name": "",
        "path": "",
        "id": "d41d8cd98f00b204e9800998ecf8427e",
        "groups": {},
        "checks": {
            "status is 200": {
                "name": "status is 200",
                "path": "::status is 200",
                "id": "6210a8cd14cd70477eba5c5e4cb3fb5f",
                "passes": 1930,
                "fails": 0
            }
        }
    }
}
