{
    "metrics": {
        "checks": {
            "fails": 0,
            "passes": 296,
            "value": 0
        },
        "data_received": {
            "count": 160217,
            "rate": 88.72198244599723
        },
        "data_sent": {
            "count": 209508,
            "rate": 116.01743322054456
        },
        "http_req_blocked": {
            "avg": 7.589691192567563,
            "max": 774.669159,
            "med": 0.0118375,
            "min": 0.008172,
            "p(90)": 0.0160635,
            "p(95)": 0.01908325
        },
        "http_req_connecting": {
            "avg": 2.450037827702703,
            "max": 261.834095,
            "med": 0,
            "min": 0,
            "p(90)": 0,
            "p(95)": 0
        },
        "http_req_duration": {
            "avg": 6092.72930783446,
            "max": 13117.767481,
            "med": 5947.1157965,
            "min": 5692.46384,
            "p(90)": 6446.4490184999995,
            "p(95)": 6732.588373250001
        },
        "http_req_receiving": {
            "avg": 0.12242442567567562,
            "max": 0.311425,
            "med": 0.1137725,
            "min": 0.065298,
            "p(90)": 0.156097,
            "p(95)": 0.18329425
        },
        "http_req_sending": {
            "avg": 0.047214952702702685,
            "max": 0.119849,
            "med": 0.044033,
            "min": 0.026679,
            "p(90)": 0.059468,
            "p(95)": 0.07413675
        },
        "http_req_tls_handshaking": {
            "avg": 5.124905692567567,
            "max": 521.220326,
            "med": 0,
            "min": 0,
            "p(90)": 0,
            "p(95)": 0
        },
        "http_req_waiting": {
            "avg": 6092.559668456083,
            "max": 13117.494538,
            "med": 5946.947757,
            "min": 5692.30886,
            "p(90)": 6446.2704015,
            "p(95)": 6732.44076575
        },
        "http_reqs": {
            "count": 296,
            "rate": 0.16391336003055343
        },
        "iteration_duration": {
            "avg": 6100.619984425677,
            "max": 13870.516153,
            "med": 5951.0811675,
            "min": 5692.730427,
            "p(90)": 6449.548586,
            "p(95)": 6732.8976775
        },
        "iterations": {
            "count": 296,
            "rate": 0.16391336003055343
        },
        "vus": {
            "max": 1,
            "min": 1,
            "value": 1
        },
        "vus_max": {
            "max": 1,
            "min": 1,
            "value": 1
        }
    },
    "root_group": {
        "name": "",
        "path": "",
        "id": "d41d8cd98f00b204e9800998ecf8427e",
        "groups": {},
        "checks": {
            "status is 200": {
                "name": "status is 200",
                "path": "::status is 200",
                "id": "6210a8cd14cd70477eba5c5e4cb3fb5f",
                "passes": 296,
                "fails": 0
            }
        }
    }
}
