{
    "metrics": {
        "checks": {
            "fails": 0,
            "passes": 1130,
            "value": 0
        },
        "data_received": {
            "count": 611211,
            "rate": 339.5460096078445
        },
        "data_sent": {
            "count": 647559,
            "rate": 359.73841183428664
        },
        "http_req_blocked": {
            "avg": 10.415655036283093,
            "max": 1905.873797,
            "med": 0.011594,
            "min": 0.008032,
            "p(90)": 0.015854,
            "p(95)": 0.019486
        },
        "http_req_connecting": {
            "avg": 3.7326557247787604,
            "max": 1237.471284,
            "med": 0,
            "min": 0,
            "p(90)": 0,
            "p(95)": 0
        },
        "http_req_duration": {
            "avg": 1582.209018545135,
            "max": 16804.070891,
            "med": 1418.837118,
            "min": 1186.546427,
            "p(90)": 2015.6910599,
            "p(95)": 2300.5481440999984
        },
        "http_req_receiving": {
            "avg": 0.11582975221238938,
            "max": 0.479046,
            "med": 0.10884849999999999,
            "min": 0.06586,
            "p(90)": 0.1454871,
            "p(95)": 0.15924645
        },
        "http_req_sending": {
            "avg": 0.04546285221238937,
            "max": 0.202541,
            "med": 0.0420795,
            "min": 0.024375,
            "p(90)": 0.0585349,
            "p(95)": 0.068166
        },
        "http_req_tls_handshaking": {
            "avg": 6.668436227433629,
            "max": 1206.450481,
            "med": 0,
            "min": 0,
            "p(90)": 0,
            "p(95)": 0
        },
        "http_req_waiting": {
            "avg": 1582.0477259407098,
            "max": 16803.919124,
            "med": 1418.703441,
            "min": 1186.391797,
            "p(90)": 2015.5144021,
            "p(95)": 2300.407349749998
        },
        "http_reqs": {
            "count": 1130,
            "rate": 0.6277488311840989
        },
        "iteration_duration": {
            "avg": 1592.9204719584066,
            "max": 16804.389789,
            "med": 1421.632912,
            "min": 1186.863649,
            "p(90)": 2046.1990901000001,
            "p(95)": 2354.7595825
        },
        "iterations": {
            "count": 1130,
            "rate": 0.6277488311840989
        },
        "vus": {
            "max": 1,
            "min": 1,
            "value": 1
        },
        "vus_max": {
            "max": 1,
            "min": 1,
            "value": 1
        }
    },
    "root_group": {
        "name": "",
        "path": "",
        "id": "d41d8cd98f00b204e9800998ecf8427e",
        "groups": {},
        "checks": {
            "status is 200": {
                "name": "status is 200",
                "path": "::status is 200",
                "id": "6210a8cd14cd70477eba5c5e4cb3fb5f",
                "passes": 1130,
                "fails": 0
            }
        }
    }
}
