{
    "metrics": {
        "checks": {
            "fails": 0,
            "passes": 297,
            "value": 0
        },
        "data_received": {
            "count": 160745,
            "rate": 89.08650203111686
        },
        "data_sent": {
            "count": 210212,
            "rate": 116.50161289598518
        },
        "http_req_blocked": {
            "avg": 8.238886996632989,
            "max": 862.788923,
            "med": 0.011524,
            "min": 0.008032,
            "p(90)": 0.015295,
            "p(95)": 0.019304799999999997
        },
        "http_req_connecting": {
            "avg": 2.8891534545454545,
            "max": 305.51077,
            "med": 0,
            "min": 0,
            "p(90)": 0,
            "p(95)": 0
        },
        "http_req_duration": {
            "avg": 6066.573217333331,
            "max": 13305.577393,
            "med": 5971.477597,
            "min": 5718.733009,
            "p(90)": 6282.6200546,
            "p(95)": 6436.7765561999995
        },
        "http_req_receiving": {
            "avg": 0.11593927946127948,
            "max": 0.287404,
            "med": 0.111055,
            "min": 0.055663,
            "p(90)": 0.142783,
            "p(95)": 0.15221459999999998
        },
        "http_req_sending": {
            "avg": 0.04534778787878792,
            "max": 0.141986,
            "med": 0.042395,
            "min": 0.029543,
            "p(90)": 0.05826320000000002,
            "p(95)": 0.0671884
        },
        "http_req_tls_handshaking": {
            "avg": 5.335603737373737,
            "max": 614.98878,
            "med": 0,
            "min": 0,
            "p(90)": 0,
            "p(95)": 0
        },
        "http_req_waiting": {
            "avg": 6066.411930265994,
            "max": 13305.416759,
            "med": 5971.307872,
            "min": 5718.581588,
            "p(90)": 6282.474042,
            "p(95)": 6436.5180044
        },
        "http_reqs": {
            "count": 297,
            "rate": 0.16460039878840219
        },
        "iteration_duration": {
            "avg": 6075.109423447814,
            "max": 13453.516367,
            "med": 5971.772904,
            "min": 5719.035993,
            "p(90)": 6297.962456600001,
            "p(95)": 6447.2389166
        },
        "iterations": {
            "count": 297,
            "rate": 0.16460039878840219
        },
        "vus": {
            "max": 1,
            "min": 1,
            "value": 1
        },
        "vus_max": {
            "max": 1,
            "min": 1,
            "value": 1
        }
    },
    "root_group": {
        "name": "",
        "path": "",
        "id": "d41d8cd98f00b204e9800998ecf8427e",
        "groups": {},
        "checks": {
            "status is 200": {
                "name": "status is 200",
                "path": "::status is 200",
                "id": "6210a8cd14cd70477eba5c5e4cb3fb5f",
                "passes": 297,
                "fails": 0
            }
        }
    }
}
