{
    "metrics": {
        "checks": {
            "fails": 4,
            "passes": 634,
            "value": 0
        },
        "data_received": {
            "count": 346265,
            "rate": 192.82257474845284
        },
        "data_sent": {
            "count": 434590,
            "rate": 242.0076033094021
        },
        "http_req_blocked": {
            "avg": 10.469003772727323,
            "max": 1486.238989,
            "med": 0.011454,
            "min": 0.008032,
            "p(90)": 0.015847000000000014,
            "p(95)": 0.019296999999999998
        },
        "http_req_connecting": {
            "avg": 2.8345032084639503,
            "max": 289.231033,
            "med": 0,
            "min": 0,
            "p(90)": 0,
            "p(95)": 0
        },
        "http_req_duration": {
            "avg": 2803.859500001569,
            "max": 31036.907709,
            "med": 2146.3779974999998,
            "min": 306.677815,
            "p(90)": 4297.6194221999995,
            "p(95)": 5658.822977899996
        },
        "http_req_receiving": {
            "avg": 0.11622859717868339,
            "max": 0.213784,
            "med": 0.1105235,
            "min": 0.064393,
            "p(90)": 0.14424970000000004,
            "p(95)": 0.15507135
        },
        "http_req_sending": {
            "avg": 0.046187973354232005,
            "max": 0.188919,
            "med": 0.0430575,
            "min": 0.024933,
            "p(90)": 0.059575,
            "p(95)": 0.067187
        },
        "http_req_tls_handshaking": {
            "avg": 7.620296423197492,
            "max": 1229.341882,
            "med": 0,
            "min": 0,
            "p(90)": 0,
            "p(95)": 0
        },
        "http_req_waiting": {
            "avg": 2803.6970834310328,
            "max": 31036.731779,
            "med": 2146.2085625,
            "min": 306.505167,
            "p(90)": 4297.4550086,
            "p(95)": 5658.656378399995
        },
        "http_reqs": {
            "count": 638,
            "rate": 0.3552793458464266
        },
        "iteration_duration": {
            "avg": 2814.6195397742954,
            "max": 31037.239734,
            "med": 2148.948105,
            "min": 306.981275,
            "p(90)": 4297.9338763,
            "p(95)": 5659.137956999995
        },
        "iterations": {
            "count": 638,
            "rate": 0.3552793458464266
        },
        "vus": {
            "max": 1,
            "min": 1,
            "value": 1
        },
        "vus_max": {
            "max": 1,
            "min": 1,
            "value": 1
        }
    },
    "root_group": {
        "name": "",
        "path": "",
        "id": "d41d8cd98f00b204e9800998ecf8427e",
        "groups": {},
        "checks": {
            "status is 200": {
                "name": "status is 200",
                "path": "::status is 200",
                "id": "6210a8cd14cd70477eba5c5e4cb3fb5f",
                "passes": 634,
                "fails": 4
            }
        }
    }
}
