{
    "metrics": {
        "checks": {
            "fails": 0,
            "passes": 807,
            "value": 0
        },
        "data_received": {
            "count": 437873,
            "rate": 244.61381921290575
        },
        "data_sent": {
            "count": 549773,
            "rate": 307.1257493157533
        },
        "http_req_blocked": {
            "avg": 8.978192690210703,
            "max": 910.270547,
            "med": 0.011524,
            "min": 0.007613,
            "p(90)": 0.0157426,
            "p(95)": 0.019184299999999994
        },
        "http_req_connecting": {
            "avg": 3.0111586084262703,
            "max": 380.523036,
            "med": 0,
            "min": 0,
            "p(90)": 0,
            "p(95)": 0
        },
        "http_req_duration": {
            "avg": 2208.8297056964057,
            "max": 11819.447248,
            "med": 1932.244265,
            "min": 905.754732,
            "p(90)": 3382.5906273999994,
            "p(95)": 4263.515567899999
        },
        "http_req_receiving": {
            "avg": 0.11840972986369262,
            "max": 0.812541,
            "med": 0.111329,
            "min": 0.067677,
            "p(90)": 0.1486488,
            "p(95)": 0.1624348
        },
        "http_req_sending": {
            "avg": 0.047257384138785614,
            "max": 0.161544,
            "med": 0.04365,
            "min": 0.026749,
            "p(90)": 0.060383799999999994,
            "p(95)": 0.06810679999999997
        },
        "http_req_tls_handshaking": {
            "avg": 5.952764342007435,
            "max": 620.670259,
            "med": 0,
            "min": 0,
            "p(90)": 0,
            "p(95)": 0
        },
        "http_req_waiting": {
            "avg": 2208.664038582402,
            "max": 11819.296465,
            "med": 1932.044879,
            "min": 905.519935,
            "p(90)": 3382.4192661999996,
            "p(95)": 4263.345153099999
        },
        "http_reqs": {
            "count": 807,
            "rate": 0.45082330288648753
        },
        "iteration_duration": {
            "avg": 2218.104180717469,
            "max": 11819.749792,
            "med": 1943.122238,
            "min": 906.094216,
            "p(90)": 3382.8957198,
            "p(95)": 4263.8200087
        },
        "iterations": {
            "count": 807,
            "rate": 0.45082330288648753
        },
        "vus": {
            "max": 1,
            "min": 1,
            "value": 1
        },
        "vus_max": {
            "max": 1,
            "min": 1,
            "value": 1
        }
    },
    "root_group": {
        "name": "",
        "path": "",
        "id": "d41d8cd98f00b204e9800998ecf8427e",
        "groups": {},
        "checks": {
            "status is 200": {
                "name": "status is 200",
                "path": "::status is 200",
                "id": "6210a8cd14cd70477eba5c5e4cb3fb5f",
                "passes": 807,
                "fails": 0
            }
        }
    }
}
