{
    "metrics": {
        "checks": {
            "fails": 0,
            "passes": 2482,
            "value": 0
        },
        "data_received": {
            "count": 1340719,
            "rate": 747.2279073861964
        },
        "data_sent": {
            "count": 1354838,
            "rate": 755.0969021751013
        },
        "http_req_blocked": {
            "avg": 10.453534745769616,
            "max": 1670.514723,
            "med": 0.011524,
            "min": 0.007543,
            "p(90)": 0.016204,
            "p(95)": 0.019412499999999985
        },
        "http_req_connecting": {
            "avg": 2.586914305398872,
            "max": 319.183135,
            "med": 0,
            "min": 0,
            "p(90)": 0,
            "p(95)": 0
        },
        "http_req_duration": {
            "avg": 712.1194737268328,
            "max": 12791.856653,
            "med": 608.9470249999999,
            "min": 306.752208,
            "p(90)": 1125.312996,
            "p(95)": 1432.2186772999999
        },
        "http_req_receiving": {
            "avg": 0.1227862965350527,
            "max": 0.542248,
            "med": 0.114996,
            "min": 0.058038,
            "p(90)": 0.15539,
            "p(95)": 0.17690194999999997
        },
        "http_req_sending": {
            "avg": 0.048658334004834804,
            "max": 0.200375,
            "med": 0.0451525,
            "min": 0.025981,
            "p(90)": 0.063416,
            "p(95)": 0.07158354999999998
        },
        "http_req_tls_handshaking": {
            "avg": 7.852304392425464,
            "max": 1351.180031,
            "med": 0,
            "min": 0,
            "p(90)": 0,
            "p(95)": 0
        },
        "http_req_waiting": {
            "avg": 711.9480290962928,
            "max": 12791.487682,
            "med": 608.73327,
            "min": 306.578722,
            "p(90)": 1125.1268405,
            "p(95)": 1432.0954522499999
        },
        "http_reqs": {
            "count": 2482,
            "rate": 1.383302292376359
        },
        "iteration_duration": {
            "avg": 722.8747786079779,
            "max": 13565.768281,
            "med": 612.249157,
            "min": 307.044145,
            "p(90)": 1157.1801459,
            "p(95)": 1460.8568133999997
        },
        "iterations": {
            "count": 2482,
            "rate": 1.383302292376359
        },
        "vus": {
            "max": 1,
            "min": 1,
            "value": 1
        },
        "vus_max": {
            "max": 1,
            "min": 1,
            "value": 1
        }
    },
    "root_group": {
        "name": "",
        "path": "",
        "id": "d41d8cd98f00b204e9800998ecf8427e",
        "groups": {},
        "checks": {
            "status is 200": {
                "name": "status is 200",
                "path": "::status is 200",
                "id": "6210a8cd14cd70477eba5c5e4cb3fb5f",
                "passes": 2482,
                "fails": 0
            }
        }
    }
}
