{
    "metrics": {
        "checks": {
            "fails": 0,
            "passes": 864,
            "value": 0
        },
        "data_received": {
            "count": 467969,
            "rate": 259.8636637843589
        },
        "data_sent": {
            "count": 588362,
            "rate": 326.71801967970737
        },
        "http_req_blocked": {
            "avg": 9.851180942129677,
            "max": 1739.141651,
            "med": 0.011593,
            "min": 0.008101,
            "p(90)": 0.015645,
            "p(95)": 0.01893314999999996
        },
        "http_req_connecting": {
            "avg": 2.868519042824074,
            "max": 319.332446,
            "med": 0,
            "min": 0,
            "p(90)": 0,
            "p(95)": 0
        },
        "http_req_duration": {
            "avg": 2074.0592496747695,
            "max": 13188.567301,
            "med": 1917.5128585,
            "min": 759.95262,
            "p(90)": 2951.2407825000005,
            "p(95)": 3378.2719204
        },
        "http_req_receiving": {
            "avg": 0.11456497800925915,
            "max": 0.370425,
            "med": 0.10915749999999999,
            "min": 0.0572,
            "p(90)": 0.1424336,
            "p(95)": 0.15468539999999997
        },
        "http_req_sending": {
            "avg": 0.04505645717592591,
            "max": 0.154911,
            "med": 0.0416225,
            "min": 0.024722,
            "p(90)": 0.0608803,
            "p(95)": 0.06730414999999998
        },
        "http_req_tls_handshaking": {
            "avg": 6.968232010416666,
            "max": 1433.646505,
            "med": 0,
            "min": 0,
            "p(90)": 0,
            "p(95)": 0
        },
        "http_req_waiting": {
            "avg": 2073.899628239585,
            "max": 13188.305403,
            "med": 1917.3611660000001,
            "min": 759.79814,
            "p(90)": 2951.0619615,
            "p(95)": 3378.1183281
        },
        "http_reqs": {
            "count": 864,
            "rate": 0.4797800826757458
        },
        "iteration_duration": {
            "avg": 2084.2039793530093,
            "max": 14053.267515,
            "med": 1924.095205,
            "min": 760.252642,
            "p(90)": 2965.0984702000005,
            "p(95)": 3392.0991520499983
        },
        "iterations": {
            "count": 864,
            "rate": 0.4797800826757458
        },
        "vus": {
            "max": 1,
            "min": 1,
            "value": 1
        },
        "vus_max": {
            "max": 1,
            "min": 1,
            "value": 1
        }
    },
    "root_group": {
        "name": "",
        "path": "",
        "id": "d41d8cd98f00b204e9800998ecf8427e",
        "groups": {},
        "checks": {
            "status is 200": {
                "name": "status is 200",
                "path": "::status is 200",
                "id": "6210a8cd14cd70477eba5c5e4cb3fb5f",
                "passes": 864,
                "fails": 0
            }
        }
    }
}
