{
    "metrics": {
        "checks": {
            "fails": 0,
            "passes": 2,
            "value": 0
        },
        "data_received": {
            "count": 2369,
            "rate": 94.45717147573943
        },
        "data_sent": {
            "count": 2497,
            "rate": 99.56080927603264
        },
        "http_req_blocked": {
            "avg": 383.77201,
            "max": 767.531518,
            "med": 383.77201,
            "min": 0.012502,
            "p(90)": 690.7796164,
            "p(95)": 729.1555672
        },
        "http_req_connecting": {
            "avg": 115.230641,
            "max": 230.461282,
            "med": 115.230641,
            "min": 0,
            "p(90)": 207.4151538,
            "p(95)": 218.9382179
        },
        "http_req_duration": {
            "avg": 11870.553226,
            "max": 16838.740075,
            "med": 11870.553226,
            "min": 6902.366377,
            "p(90)": 15845.1027052,
            "p(95)": 16341.9213901
        },
        "http_req_receiving": {
            "avg": 0.12340899999999999,
            "max": 0.128298,
            "med": 0.12340899999999999,
            "min": 0.11852,
            "p(90)": 0.1273202,
            "p(95)": 0.1278091
        },
        "http_req_sending": {
            "avg": 0.1191835,
            "max": 0.183193,
            "med": 0.1191835,
            "min": 0.055174,
            "p(90)": 0.17039110000000002,
            "p(95)": 0.17679204999999998
        },
        "http_req_tls_handshaking": {
            "avg": 268.413455,
            "max": 536.82691,
            "med": 268.413455,
            "min": 0,
            "p(90)": 483.144219,
            "p(95)": 509.98556449999995
        },
        "http_req_waiting": {
            "avg": 11870.310633500001,
            "max": 16838.428584,
            "med": 11870.310633500001,
            "min": 6902.192683,
            "p(90)": 15844.804993900001,
            "p(95)": 16341.61678895
        },
        "http_reqs": {
            "count": 2,
            "rate": 0.07974434062958162
        },
        "iteration_duration": {
            "avg": 12254.6967545,
            "max": 17606.699926,
            "med": 12254.6967545,
            "min": 6902.693583,
            "p(90)": 16536.2992917,
            "p(95)": 17071.49960885
        },
        "iterations": {
            "count": 2,
            "rate": 0.07974434062958162
        },
        "vus": {
            "max": 1,
            "min": 1,
            "value": 1
        },
        "vus_max": {
            "max": 1,
            "min": 1,
            "value": 1
        }
    },
    "root_group": {
        "name": "",
        "path": "",
        "id": "d41d8cd98f00b204e9800998ecf8427e",
        "groups": {},
        "checks": {
            "status is 200": {
                "name": "status is 200",
                "path": "::status is 200",
                "id": "6210a8cd14cd70477eba5c5e4cb3fb5f",
                "passes": 2,
                "fails": 0
            }
        }
    }
}
