{
    "metrics": {
        "checks": {
            "fails": 0,
            "passes": 2369,
            "value": 0
        },
        "data_received": {
            "count": 1279860,
            "rate": 710.9294935247675
        },
        "data_sent": {
            "count": 1293207,
            "rate": 718.3434106329474
        },
        "http_req_blocked": {
            "avg": 9.548588943435957,
            "max": 2225.738278,
            "med": 0.011803,
            "min": 0.007612,
            "p(90)": 0.016273,
            "p(95)": 0.0194856
        },
        "http_req_connecting": {
            "avg": 2.8684053296749683,
            "max": 652.21613,
            "med": 0,
            "min": 0,
            "p(90)": 0,
            "p(95)": 0
        },
        "http_req_duration": {
            "avg": 750.0374799189542,
            "max": 9208.160837,
            "med": 614.001429,
            "min": 309.133926,
            "p(90)": 1215.6110476000003,
            "p(95)": 1534.4373762
        },
        "http_req_receiving": {
            "avg": 0.12509564246517507,
            "max": 10.314233,
            "med": 0.113282,
            "min": 0.054057,
            "p(90)": 0.1549218,
            "p(95)": 0.17363939999999997
        },
        "http_req_sending": {
            "avg": 0.047405663571127,
            "max": 0.192553,
            "med": 0.043721,
            "min": 0.020673,
            "p(90)": 0.062927,
            "p(95)": 0.07269139999999999
        },
        "http_req_tls_handshaking": {
            "avg": 6.665571940903336,
            "max": 1573.280567,
            "med": 0,
            "min": 0,
            "p(90)": 0,
            "p(95)": 0
        },
        "http_req_waiting": {
            "avg": 749.8649786129167,
            "max": 9207.801223,
            "med": 613.853645,
            "min": 309.002415,
            "p(90)": 1215.3545630000006,
            "p(95)": 1534.2438176
        },
        "http_reqs": {
            "count": 2369,
            "rate": 1.3159189053179055
        },
        "iteration_duration": {
            "avg": 759.8884649324631,
            "max": 9975.401028,
            "med": 614.612118,
            "min": 309.396251,
            "p(90)": 1228.0164262,
            "p(95)": 1560.7631929999995
        },
        "iterations": {
            "count": 2369,
            "rate": 1.3159189053179055
        },
        "vus": {
            "max": 1,
            "min": 1,
            "value": 1
        },
        "vus_max": {
            "max": 1,
            "min": 1,
            "value": 1
        }
    },
    "root_group": {
        "name": "",
        "path": "",
        "id": "d41d8cd98f00b204e9800998ecf8427e",
        "groups": {},
        "checks": {
            "status is 200": {
                "name": "status is 200",
                "path": "::status is 200",
                "id": "6210a8cd14cd70477eba5c5e4cb3fb5f",
                "passes": 2369,
                "fails": 0
            }
        }
    }
}
