{
    "metrics": {
        "checks": {
            "fails": 0,
            "passes": 1132,
            "value": 0
        },
        "data_received": {
            "count": 613397,
            "rate": 370.9824217439276
        },
        "data_sent": {
            "count": 782273,
            "rate": 473.11860345728377
        },
        "http_req_blocked": {
            "avg": 1.2169910353356879,
            "max": 317.173808,
            "med": 0.0128505,
            "min": 0.007892,
            "p(90)": 0.019339099999999998,
            "p(95)": 0.021022
        },
        "http_req_connecting": {
            "avg": 0.11233315371024737,
            "max": 25.870172,
            "med": 0,
            "min": 0,
            "p(90)": 0,
            "p(95)": 0
        },
        "http_req_duration": {
            "avg": 1459.0302222137798,
            "max": 14030.83788,
            "med": 1048.6862995000001,
            "min": 547.156258,
            "p(90)": 2820.9571897999995,
            "p(95)": 3680.1444930000002
        },
        "http_req_receiving": {
            "avg": 0.1387474019434628,
            "max": 0.857513,
            "med": 0.130743,
            "min": 0.07494,
            "p(90)": 0.1776421,
            "p(95)": 0.20242810000000006
        },
        "http_req_sending": {
            "avg": 0.05600478886925796,
            "max": 0.324343,
            "med": 0.0510195,
            "min": 0.026749,
            "p(90)": 0.0718181,
            "p(95)": 0.08891860000000003
        },
        "http_req_tls_handshaking": {
            "avg": 1.088993094522968,
            "max": 291.143907,
            "med": 0,
            "min": 0,
            "p(90)": 0,
            "p(95)": 0
        },
        "http_req_waiting": {
            "avg": 1458.835470022968,
            "max": 14030.579887,
            "med": 1048.4290030000002,
            "min": 546.859851,
            "p(90)": 2820.8150904999993,
            "p(95)": 3679.94838875
        },
        "http_reqs": {
            "count": 1132,
            "rate": 0.6846334452469217
        },
        "iteration_duration": {
            "avg": 1460.5759439743822,
            "max": 14031.175634,
            "med": 1050.0409,
            "min": 547.566856,
            "p(90)": 2821.2793898999994,
            "p(95)": 3680.46722025
        },
        "iterations": {
            "count": 1132,
            "rate": 0.6846334452469217
        },
        "vus": {
            "max": 1,
            "min": 1,
            "value": 1
        },
        "vus_max": {
            "max": 1,
            "min": 1,
            "value": 1
        }
    },
    "root_group": {
        "name": "",
        "path": "",
        "id": "d41d8cd98f00b204e9800998ecf8427e",
        "groups": {},
        "checks": {
            "status is 200": {
                "name": "status is 200",
                "path": "::status is 200",
                "id": "6210a8cd14cd70477eba5c5e4cb3fb5f",
                "passes": 1132,
                "fails": 0
            }
        }
    }
}
