{
    "metrics": {
        "checks": {
            "fails": 0,
            "passes": 1455,
            "value": 0
        },
        "data_received": {
            "count": 787865,
            "rate": 437.44028609622956
        },
        "data_sent": {
            "count": 1005329,
            "rate": 558.1811673076432
        },
        "http_req_blocked": {
            "avg": 2.456680409621986,
            "max": 1266.549981,
            "med": 0.012292,
            "min": 0.008031,
            "p(90)": 0.01838200000000002,
            "p(95)": 0.020045
        },
        "http_req_connecting": {
            "avg": 1.499610301718213,
            "max": 1040.19748,
            "med": 0,
            "min": 0,
            "p(90)": 0,
            "p(95)": 0
        },
        "http_req_duration": {
            "avg": 1235.0269196646013,
            "max": 9170.4829,
            "med": 874.779771,
            "min": 511.507361,
            "p(90)": 2344.2974752000014,
            "p(95)": 3269.8489888999998
        },
        "http_req_receiving": {
            "avg": 0.13575252302405513,
            "max": 6.260536,
            "med": 0.122083,
            "min": 0.073054,
            "p(90)": 0.17190800000000003,
            "p(95)": 0.2107957
        },
        "http_req_sending": {
            "avg": 0.05124965567010311,
            "max": 0.189969,
            "med": 0.047702,
            "min": 0.024794,
            "p(90)": 0.06667100000000001,
            "p(95)": 0.078544
        },
        "http_req_tls_handshaking": {
            "avg": 0.9419536783505155,
            "max": 313.937991,
            "med": 0,
            "min": 0,
            "p(90)": 0,
            "p(95)": 0
        },
        "http_req_waiting": {
            "avg": 1234.8399174859119,
            "max": 9170.145846,
            "med": 874.577022,
            "min": 511.341139,
            "p(90)": 2344.1382646000015,
            "p(95)": 3269.6475308999998
        },
        "http_reqs": {
            "count": 1455,
            "rate": 0.807848573385052
        },
        "iteration_duration": {
            "avg": 1237.8046045312722,
            "max": 9425.152852,
            "med": 876.724661,
            "min": 511.85538,
            "p(90)": 2344.6083678000014,
            "p(95)": 3270.1857502
        },
        "iterations": {
            "count": 1455,
            "rate": 0.807848573385052
        },
        "vus": {
            "max": 1,
            "min": 1,
            "value": 1
        },
        "vus_max": {
            "max": 1,
            "min": 1,
            "value": 1
        }
    },
    "root_group": {
        "name": "",
        "path": "",
        "id": "d41d8cd98f00b204e9800998ecf8427e",
        "groups": {},
        "checks": {
            "status is 200": {
                "name": "status is 200",
                "path": "::status is 200",
                "id": "6210a8cd14cd70477eba5c5e4cb3fb5f",
                "passes": 1455,
                "fails": 0
            }
        }
    }
}
