{
    "metrics": {
        "checks": {
            "fails": 0,
            "passes": 300,
            "value": 0
        },
        "data_received": {
            "count": 162324,
            "rate": 90.02333724829722
        },
        "data_sent": {
            "count": 215355,
            "rate": 119.43382243603563
        },
        "http_req_blocked": {
            "avg": 2.8585734700000014,
            "max": 483.23883,
            "med": 0.013374500000000001,
            "min": 0.007543,
            "p(90)": 0.019975,
            "p(95)": 0.021860050000000002
        },
        "http_req_connecting": {
            "avg": 0.10890397,
            "max": 14.063139,
            "med": 0,
            "min": 0,
            "p(90)": 0,
            "p(95)": 0
        },
        "http_req_duration": {
            "avg": 6007.081895299994,
            "max": 14418.182233,
            "med": 5839.251063,
            "min": 5671.406195,
            "p(90)": 6225.196412400001,
            "p(95)": 6415.609259400001
        },
        "http_req_receiving": {
            "avg": 0.15078249333333338,
            "max": 0.592676,
            "med": 0.135458,
            "min": 0.072356,
            "p(90)": 0.2289898000000001,
            "p(95)": 0.27651950000000003
        },
        "http_req_sending": {
            "avg": 0.05961334333333333,
            "max": 0.277271,
            "med": 0.052765,
            "min": 0.028146,
            "p(90)": 0.08692440000000007,
            "p(95)": 0.1047105
        },
        "http_req_tls_handshaking": {
            "avg": 2.73254617,
            "max": 468.850158,
            "med": 0,
            "min": 0,
            "p(90)": 0,
            "p(95)": 0
        },
        "http_req_waiting": {
            "avg": 6006.871499463335,
            "max": 14417.781203,
            "med": 5838.987725999999,
            "min": 5671.262181,
            "p(90)": 6225.0049842,
            "p(95)": 6415.4030895000005
        },
        "http_reqs": {
            "count": 300,
            "rate": 0.16637712953407485
        },
        "iteration_duration": {
            "avg": 6010.295379756667,
            "max": 14902.718647,
            "med": 5840.112138,
            "min": 5671.679417,
            "p(90)": 6225.5398023,
            "p(95)": 6416.022033050001
        },
        "iterations": {
            "count": 300,
            "rate": 0.16637712953407485
        },
        "vus": {
            "max": 1,
            "min": 1,
            "value": 1
        },
        "vus_max": {
            "max": 1,
            "min": 1,
            "value": 1
        }
    },
    "root_group": {
        "name": "",
        "path": "",
        "id": "d41d8cd98f00b204e9800998ecf8427e",
        "groups": {},
        "checks": {
            "status is 200": {
                "name": "status is 200",
                "path": "::status is 200",
                "id": "6210a8cd14cd70477eba5c5e4cb3fb5f",
                "passes": 300,
                "fails": 0
            }
        }
    }
}
