{
    "metrics": {
        "checks": {
            "fails": 1,
            "passes": 1607,
            "value": 0
        },
        "data_received": {
            "count": 871284,
            "rate": 483.79232185763146
        },
        "data_sent": {
            "count": 1111210,
            "rate": 617.0145049965553
        },
        "http_req_blocked": {
            "avg": 1.7144924999999962,
            "max": 1109.561637,
            "med": 0.012432,
            "min": 0.005797,
            "p(90)": 0.019136,
            "p(95)": 0.02011465
        },
        "http_req_connecting": {
            "avg": 0.10369221082089553,
            "max": 14.298778,
            "med": 0,
            "min": 0,
            "p(90)": 0,
            "p(95)": 0
        },
        "http_req_duration": {
            "avg": 1117.9139635317179,
            "max": 60180.171285,
            "med": 845.6925855,
            "min": 539.244376,
            "p(90)": 1827.2541895999993,
            "p(95)": 2330.9655042
        },
        "http_req_receiving": {
            "avg": 0.1347889626865672,
            "max": 0.565716,
            "med": 0.12781,
            "min": 0.065791,
            "p(90)": 0.176901,
            "p(95)": 0.19958919999999986
        },
        "http_req_sending": {
            "avg": 0.053074468905472655,
            "max": 0.261068,
            "med": 0.049134,
            "min": 0.018997,
            "p(90)": 0.06867569999999999,
            "p(95)": 0.07849784999999997
        },
        "http_req_tls_handshaking": {
            "avg": 1.5954441616915422,
            "max": 1095.113189,
            "med": 0,
            "min": 0,
            "p(90)": 0,
            "p(95)": 0
        },
        "http_req_waiting": {
            "avg": 1117.7261001001232,
            "max": 60179.87858,
            "med": 845.412889,
            "min": 539.034781,
            "p(90)": 1827.0715255999992,
            "p(95)": 2330.81524765
        },
        "http_reqs": {
            "count": 1608,
            "rate": 0.8928639267415348
        },
        "iteration_duration": {
            "avg": 1119.9507136305983,
            "max": 60222.300923,
            "med": 846.337565,
            "min": 539.596167,
            "p(90)": 1827.5406645999992,
            "p(95)": 2335.3973265499994
        },
        "iterations": {
            "count": 1608,
            "rate": 0.8928639267415348
        },
        "vus": {
            "max": 1,
            "min": 1,
            "value": 1
        },
        "vus_max": {
            "max": 1,
            "min": 1,
            "value": 1
        }
    },
    "root_group": {
        "name": "",
        "path": "",
        "id": "d41d8cd98f00b204e9800998ecf8427e",
        "groups": {},
        "checks": {
            "status is 200": {
                "name": "status is 200",
                "path": "::status is 200",
                "id": "6210a8cd14cd70477eba5c5e4cb3fb5f",
                "passes": 1607,
                "fails": 1
            }
        }
    }
}
