{
    "metrics": {
        "checks": {
            "fails": 0,
            "passes": 22,
            "value": 0
        },
        "data_received": {
            "count": 12929,
            "rate": 88.30334193192523
        },
        "data_sent": {
            "count": 16807,
            "rate": 114.78956360506359
        },
        "http_req_blocked": {
            "avg": 1.0959397272727271,
            "max": 23.768239,
            "med": 0.0143175,
            "min": 0.00894,
            "p(90)": 0.024472700000000007,
            "p(95)": 0.03965579999999999
        },
        "http_req_connecting": {
            "avg": 0.32540727272727277,
            "max": 7.15896,
            "med": 0,
            "min": 0,
            "p(90)": 0,
            "p(95)": 0
        },
        "http_req_duration": {
            "avg": 6554.698699999999,
            "max": 11520.575916,
            "med": 5997.347839,
            "min": 5687.125085,
            "p(90)": 7089.8143209,
            "p(95)": 11019.851161999997
        },
        "http_req_receiving": {
            "avg": 0.14849581818181817,
            "max": 0.256179,
            "med": 0.1461435,
            "min": 0.097429,
            "p(90)": 0.18677710000000003,
            "p(95)": 0.19366015
        },
        "http_req_sending": {
            "avg": 0.06284136363636363,
            "max": 0.144572,
            "med": 0.0600985,
            "min": 0.030521,
            "p(90)": 0.07676290000000001,
            "p(95)": 0.0867947
        },
        "http_req_tls_handshaking": {
            "avg": 0.7447354545454545,
            "max": 16.38418,
            "med": 0,
            "min": 0,
            "p(90)": 0,
            "p(95)": 0
        },
        "http_req_waiting": {
            "avg": 6554.487362818181,
            "max": 11520.282791,
            "med": 5997.1757855,
            "min": 5686.85396,
            "p(90)": 7089.5799754,
            "p(95)": 11019.634838449998
        },
        "http_reqs": {
            "count": 22,
            "rate": 0.1502570595175462
        },
        "iteration_duration": {
            "avg": 6556.175967772728,
            "max": 11544.986836,
            "med": 5997.724634,
            "min": 5687.548883,
            "p(90)": 7090.1663646,
            "p(95)": 11020.249409049997
        },
        "iterations": {
            "count": 22,
            "rate": 0.1502570595175462
        },
        "vus": {
            "max": 1,
            "min": 1,
            "value": 1
        },
        "vus_max": {
            "max": 1,
            "min": 1,
            "value": 1
        }
    },
    "root_group": {
        "name": "",
        "path": "",
        "id": "d41d8cd98f00b204e9800998ecf8427e",
        "groups": {},
        "checks": {
            "status is 200": {
                "name": "status is 200",
                "path": "::status is 200",
                "id": "6210a8cd14cd70477eba5c5e4cb3fb5f",
                "passes": 22,
                "fails": 0
            }
        }
    }
}
