{
    "metrics": {
        "checks": {
            "fails": 0,
            "passes": 3766,
            "value": 0
        },
        "data_received": {
            "count": 2038157,
            "rate": 1132.228382928891
        },
        "data_sent": {
            "count": 2609373,
            "rate": 1449.5478867664804
        },
        "http_req_blocked": {
            "avg": 0.7486464832713723,
            "max": 1036.58916,
            "med": 0.0037035,
            "min": 0.00237,
            "p(90)": 0.0052525,
            "p(95)": 0.01331175
        },
        "http_req_connecting": {
            "avg": 0.5845698866171003,
            "max": 1021.413243,
            "med": 0,
            "min": 0,
            "p(90)": 0,
            "p(95)": 0
        },
        "http_req_duration": {
            "avg": 477.03610150212546,
            "max": 9023.726731,
            "med": 378.79147,
            "min": 231.883435,
            "p(90)": 750.7426305,
            "p(95)": 946.25727925
        },
        "http_req_receiving": {
            "avg": 0.08173973154540601,
            "max": 0.363636,
            "med": 0.08013400000000001,
            "min": 0.04352,
            "p(90)": 0.099371,
            "p(95)": 0.10492625
        },
        "http_req_sending": {
            "avg": 0.036700090546999554,
            "max": 0.113848,
            "med": 0.0380775,
            "min": 0.015639,
            "p(90)": 0.0502345,
            "p(95)": 0.05396
        },
        "http_req_tls_handshaking": {
            "avg": 0.15898461125862987,
            "max": 57.264585,
            "med": 0,
            "min": 0,
            "p(90)": 0,
            "p(95)": 0
        },
        "http_req_waiting": {
            "avg": 476.9176616800323,
            "max": 9023.500848,
            "med": 378.6866615,
            "min": 231.789405,
            "p(90)": 750.6296215,
            "p(95)": 946.1223467499999
        },
        "http_reqs": {
            "count": 3766,
            "rate": 2.0920724409896803
        },
        "iteration_duration": {
            "avg": 477.97807236324985,
            "max": 10060.680431,
            "med": 379.343514,
            "min": 232.039267,
            "p(90)": 752.696398,
            "p(95)": 950.0551945
        },
        "iterations": {
            "count": 3766,
            "rate": 2.0920724409896803
        },
        "vus": {
            "max": 1,
            "min": 1,
            "value": 1
        },
        "vus_max": {
            "max": 1,
            "min": 1,
            "value": 1
        }
    },
    "root_group": {
        "name": "",
        "path": "",
        "id": "d41d8cd98f00b204e9800998ecf8427e",
        "groups": {},
        "checks": {
            "status is 200": {
                "name": "status is 200",
                "path": "::status is 200",
                "id": "6210a8cd14cd70477eba5c5e4cb3fb5f",
                "passes": 3766,
                "fails": 0
            }
        }
    }
}
