{
    "metrics": {
        "checks": {
            "fails": 0,
            "passes": 3362,
            "value": 0
        },
        "data_received": {
            "count": 1819613,
            "rate": 1014.7665741816777
        },
        "data_sent": {
            "count": 2329477,
            "rate": 1299.108873658856
        },
        "http_req_blocked": {
            "avg": 0.38598690243902356,
            "max": 244.793282,
            "med": 0.0052125,
            "min": 0.002864,
            "p(90)": 0.007306300000000001,
            "p(95)": 0.01430195
        },
        "http_req_connecting": {
            "avg": 0.07458051189767995,
            "max": 16.016035,
            "med": 0,
            "min": 0,
            "p(90)": 0,
            "p(95)": 0
        },
        "http_req_duration": {
            "avg": 532.7149803494923,
            "max": 6032.728452,
            "med": 421.22682,
            "min": 242.049808,
            "p(90)": 889.1870089,
            "p(95)": 1120.7013770999997
        },
        "http_req_receiving": {
            "avg": 0.10068814991076754,
            "max": 0.290411,
            "med": 0.0990695,
            "min": 0.058772,
            "p(90)": 0.1115915,
            "p(95)": 0.1183419
        },
        "http_req_sending": {
            "avg": 0.04328079387269481,
            "max": 0.165086,
            "med": 0.0440315,
            "min": 0.019676,
            "p(90)": 0.0520307,
            "p(95)": 0.055823399999999995
        },
        "http_req_tls_handshaking": {
            "avg": 0.3045409095776324,
            "max": 237.481831,
            "med": 0,
            "min": 0,
            "p(90)": 0,
            "p(95)": 0
        },
        "http_req_waiting": {
            "avg": 532.5710114057111,
            "max": 6032.573499,
            "med": 421.0817465,
            "min": 241.90368,
            "p(90)": 889.0412920000001,
            "p(95)": 1120.5563280499998
        },
        "http_reqs": {
            "count": 3362,
            "rate": 1.8749290219397203
        },
        "iteration_duration": {
            "avg": 533.3294495788223,
            "max": 6032.934468,
            "med": 421.7798895,
            "min": 242.296449,
            "p(90)": 889.4350710000001,
            "p(95)": 1120.9213636499999
        },
        "iterations": {
            "count": 3362,
            "rate": 1.8749290219397203
        },
        "vus": {
            "max": 1,
            "min": 1,
            "value": 1
        },
        "vus_max": {
            "max": 1,
            "min": 1,
            "value": 1
        }
    },
    "root_group": {
        "name": "",
        "path": "",
        "id": "d41d8cd98f00b204e9800998ecf8427e",
        "groups": {},
        "checks": {
            "status is 200": {
                "name": "status is 200",
                "path": "::status is 200",
                "id": "6210a8cd14cd70477eba5c5e4cb3fb5f",
                "passes": 3362,
                "fails": 0
            }
        }
    }
}
