{
    "metrics": {
        "checks": {
            "fails": 0,
            "passes": 5496,
            "value": 0
        },
        "data_received": {
            "count": 2968337,
            "rate": 1648.979562137503
        },
        "data_sent": {
            "count": 3016464,
            "rate": 1675.7152189672336
        },
        "http_req_blocked": {
            "avg": 2.9998782874817995,
            "max": 2274.305162,
            "med": 0.003869,
            "min": 0.002274,
            "p(90)": 0.0051885,
            "p(95)": 0.006508750000000001
        },
        "http_req_connecting": {
            "avg": 1.7862371877729255,
            "max": 2033.206941,
            "med": 0,
            "min": 0,
            "p(90)": 0,
            "p(95)": 0
        },
        "http_req_duration": {
            "avg": 324.3241322177951,
            "max": 12111.347448,
            "med": 190.2787845,
            "min": 58.372635,
            "p(90)": 653.877009,
            "p(95)": 929.0557765000001
        },
        "http_req_receiving": {
            "avg": 0.08455182678311528,
            "max": 0.414369,
            "med": 0.083523,
            "min": 0.038812,
            "p(90)": 0.09941549999999999,
            "p(95)": 0.106965
        },
        "http_req_sending": {
            "avg": 0.035065037481804895,
            "max": 0.197909,
            "med": 0.031978,
            "min": 0.015811,
            "p(90)": 0.045131000000000004,
            "p(95)": 0.0536625
        },
        "http_req_tls_handshaking": {
            "avg": 1.2084359239446871,
            "max": 936.949415,
            "med": 0,
            "min": 0,
            "p(90)": 0,
            "p(95)": 0
        },
        "http_req_waiting": {
            "avg": 324.2045153535294,
            "max": 12111.117807,
            "med": 190.15339699999998,
            "min": 58.249753,
            "p(90)": 653.783002,
            "p(95)": 928.930606
        },
        "http_reqs": {
            "count": 5496,
            "rate": 3.0531545688739916
        },
        "iteration_duration": {
            "avg": 327.51521278820974,
            "max": 12361.883556,
            "med": 192.2727905,
            "min": 58.574768,
            "p(90)": 658.7251285,
            "p(95)": 946.55861825
        },
        "iterations": {
            "count": 5496,
            "rate": 3.0531545688739916
        },
        "vus": {
            "max": 1,
            "min": 1,
            "value": 1
        },
        "vus_max": {
            "max": 1,
            "min": 1,
            "value": 1
        }
    },
    "root_group": {
        "name": "",
        "path": "",
        "id": "d41d8cd98f00b204e9800998ecf8427e",
        "groups": {},
        "checks": {
            "status is 200": {
                "name": "status is 200",
                "path": "::status is 200",
                "id": "6210a8cd14cd70477eba5c5e4cb3fb5f",
                "passes": 5496,
                "fails": 0
            }
        }
    }
}
