{
    "metrics": {
        "checks": {
            "fails": 65,
            "passes": 6098,
            "value": 0
        },
        "data_received": {
            "count": 3332959,
            "rate": 1846.5035873522684
        },
        "data_sent": {
            "count": 3382674,
            "rate": 1874.0463581589952
        },
        "http_req_blocked": {
            "avg": 0.44821406636378397,
            "max": 1043.97596,
            "med": 0.005034,
            "min": 0.002294,
            "p(90)": 0.007766800000000005,
            "p(95)": 0.014069599999999998
        },
        "http_req_connecting": {
            "avg": 0.22160244913191626,
            "max": 1016.504725,
            "med": 0,
            "min": 0,
            "p(90)": 0,
            "p(95)": 0
        },
        "http_req_duration": {
            "avg": 292.18588123641126,
            "max": 39540.484259,
            "med": 166.254895,
            "min": 5.450998,
            "p(90)": 533.1363384,
            "p(95)": 785.9103895999996
        },
        "http_req_receiving": {
            "avg": 0.09966891530099017,
            "max": 0.473112,
            "med": 0.098301,
            "min": 0.045,
            "p(90)": 0.110071,
            "p(95)": 0.1152898
        },
        "http_req_sending": {
            "avg": 0.04315516826221,
            "max": 0.140863,
            "med": 0.04456,
            "min": 0.018509,
            "p(90)": 0.0532944,
            "p(95)": 0.0559627
        },
        "http_req_tls_handshaking": {
            "avg": 0.219880778516956,
            "max": 242.391412,
            "med": 0,
            "min": 0,
            "p(90)": 0,
            "p(95)": 0
        },
        "http_req_waiting": {
            "avg": 292.0430571528479,
            "max": 39540.337869,
            "med": 166.120243,
            "min": 5.331655,
            "p(90)": 532.9988206,
            "p(95)": 785.7762486999995
        },
        "http_reqs": {
            "count": 6163,
            "rate": 3.4143839179695967
        },
        "iteration_duration": {
            "avg": 292.8616205988973,
            "max": 39540.71585,
            "med": 166.691599,
            "min": 5.641221,
            "p(90)": 533.7250218,
            "p(95)": 788.694785499999
        },
        "iterations": {
            "count": 6163,
            "rate": 3.4143839179695967
        },
        "vus": {
            "max": 1,
            "min": 0,
            "value": 0
        },
        "vus_max": {
            "max": 1,
            "min": 1,
            "value": 1
        }
    },
    "root_group": {
        "name": "",
        "path": "",
        "id": "d41d8cd98f00b204e9800998ecf8427e",
        "groups": {},
        "checks": {
            "status is 200": {
                "name": "status is 200",
                "path": "::status is 200",
                "id": "6210a8cd14cd70477eba5c5e4cb3fb5f",
                "passes": 6098,
                "fails": 65
            }
        }
    }
}
