{
    "metrics": {
        "checks": {
            "fails": 0,
            "passes": 2580,
            "value": 0
        },
        "data_received": {
            "count": 1396253,
            "rate": 775.5828161199732
        },
        "data_sent": {
            "count": 1787599,
            "rate": 992.9655059027612
        },
        "http_req_blocked": {
            "avg": 0.26052453023255806,
            "max": 52.829368,
            "med": 0.005024,
            "min": 0.002481,
            "p(90)": 0.006750499999999999,
            "p(95)": 0.014100149999999999
        },
        "http_req_connecting": {
            "avg": 0.06527406395348838,
            "max": 16.659345,
            "med": 0,
            "min": 0,
            "p(90)": 0,
            "p(95)": 0
        },
        "http_req_duration": {
            "avg": 697.2698548182182,
            "max": 14558.221806,
            "med": 480.9727645,
            "min": 244.084804,
            "p(90)": 1286.9298819,
            "p(95)": 1669.030000399997
        },
        "http_req_receiving": {
            "avg": 0.09888647441860463,
            "max": 0.176162,
            "med": 0.0979275,
            "min": 0.055091,
            "p(90)": 0.1094147,
            "p(95)": 0.11387394999999999
        },
        "http_req_sending": {
            "avg": 0.04339363914728685,
            "max": 0.149379,
            "med": 0.044872499999999996,
            "min": 0.019641,
            "p(90)": 0.0536471,
            "p(95)": 0.05597865
        },
        "http_req_tls_handshaking": {
            "avg": 0.1885892527131783,
            "max": 41.343608,
            "med": 0,
            "min": 0,
            "p(90)": 0,
            "p(95)": 0
        },
        "http_req_waiting": {
            "avg": 697.1275747046518,
            "max": 14557.968981,
            "med": 480.8349525,
            "min": 243.929979,
            "p(90)": 1286.7940847,
            "p(95)": 1668.9003187999972
        },
        "http_reqs": {
            "count": 2580,
            "rate": 1.433123986547947
        },
        "iteration_duration": {
            "avg": 697.7520262554275,
            "max": 14586.357788,
            "med": 481.6799175,
            "min": 244.303775,
            "p(90)": 1287.2054455,
            "p(95)": 1669.2338248499973
        },
        "iterations": {
            "count": 2580,
            "rate": 1.433123986547947
        },
        "vus": {
            "max": 1,
            "min": 1,
            "value": 1
        },
        "vus_max": {
            "max": 1,
            "min": 1,
            "value": 1
        }
    },
    "root_group": {
        "name": "",
        "path": "",
        "id": "d41d8cd98f00b204e9800998ecf8427e",
        "groups": {},
        "checks": {
            "status is 200": {
                "name": "status is 200",
                "path": "::status is 200",
                "id": "6210a8cd14cd70477eba5c5e4cb3fb5f",
                "passes": 2580,
                "fails": 0
            }
        }
    }
}
