{
    "metrics": {
        "checks": {
            "fails": 0,
            "passes": 8597,
            "value": 0
        },
        "data_received": {
            "count": 4643112,
            "rate": 2586.3136928906197
        },
        "data_sent": {
            "count": 4718444,
            "rate": 2628.2752443485288
        },
        "http_req_blocked": {
            "avg": 1.033602100383854,
            "max": 3508.486891,
            "med": 0.003164,
            "min": 0.002178,
            "p(90)": 0.004336800000000001,
            "p(95)": 0.015302399999999997
        },
        "http_req_connecting": {
            "avg": 0.7735333427939978,
            "max": 3049.862873,
            "med": 0,
            "min": 0,
            "p(90)": 0,
            "p(95)": 0
        },
        "http_req_duration": {
            "avg": 207.6122123195296,
            "max": 8383.410149,
            "med": 144.548612,
            "min": 50.122808,
            "p(90)": 389.0916422,
            "p(95)": 523.8389586
        },
        "http_req_receiving": {
            "avg": 0.06995749354425954,
            "max": 0.152725,
            "med": 0.068246,
            "min": 0.039145,
            "p(90)": 0.08281279999999999,
            "p(95)": 0.0889242
        },
        "http_req_sending": {
            "avg": 0.03395488135396073,
            "max": 0.121215,
            "med": 0.034252,
            "min": 0.014477,
            "p(90)": 0.0491718,
            "p(95)": 0.0514198
        },
        "http_req_tls_handshaking": {
            "avg": 0.25549794195649644,
            "max": 458.52543,
            "med": 0,
            "min": 0,
            "p(90)": 0,
            "p(95)": 0
        },
        "http_req_waiting": {
            "avg": 207.50829994463152,
            "max": 8383.305542,
            "med": 144.45265,
            "min": 50.011729,
            "p(90)": 388.96817780000003,
            "p(95)": 523.7409547999999
        },
        "http_reqs": {
            "count": 8597,
            "rate": 4.788714727919692
        },
        "iteration_duration": {
            "avg": 208.81326147051254,
            "max": 8383.578993,
            "med": 144.897842,
            "min": 50.252341,
            "p(90)": 389.6323924,
            "p(95)": 525.4791677999999
        },
        "iterations": {
            "count": 8597,
            "rate": 4.788714727919692
        },
        "vus": {
            "max": 1,
            "min": 1,
            "value": 1
        },
        "vus_max": {
            "max": 1,
            "min": 1,
            "value": 1
        }
    },
    "root_group": {
        "name": "",
        "path": "",
        "id": "d41d8cd98f00b204e9800998ecf8427e",
        "groups": {},
        "checks": {
            "status is 200": {
                "name": "status is 200",
                "path": "::status is 200",
                "id": "6210a8cd14cd70477eba5c5e4cb3fb5f",
                "passes": 8597,
                "fails": 0
            }
        }
    }
}
