{
    "metrics": {
        "checks": {
            "fails": 0,
            "passes": 2950,
            "value": 0
        },
        "data_received": {
            "count": 1596845,
            "rate": 887.1212684481102
        },
        "data_sent": {
            "count": 2044069,
            "rate": 1135.5748892819656
        },
        "http_req_blocked": {
            "avg": 0.725430876949152,
            "max": 1027.12996,
            "med": 0.005316,
            "min": 0.002576,
            "p(90)": 0.0073463999999999995,
            "p(95)": 0.014339599999999997
        },
        "http_req_connecting": {
            "avg": 0.44438669491525423,
            "max": 1014.211833,
            "med": 0,
            "min": 0,
            "p(90)": 0,
            "p(95)": 0
        },
        "http_req_duration": {
            "avg": 609.2040198925436,
            "max": 14204.920087,
            "med": 416.751307,
            "min": 223.676407,
            "p(90)": 1077.3810706,
            "p(95)": 1404.8103842
        },
        "http_req_receiving": {
            "avg": 0.10224215084745751,
            "max": 0.506347,
            "med": 0.1009835,
            "min": 0.048734,
            "p(90)": 0.1127454,
            "p(95)": 0.1183809
        },
        "http_req_sending": {
            "avg": 0.04425830440677963,
            "max": 0.142799,
            "med": 0.04561,
            "min": 0.020571,
            "p(90)": 0.05368,
            "p(95)": 0.0571385
        },
        "http_req_tls_handshaking": {
            "avg": 0.27404641864406776,
            "max": 240.769066,
            "med": 0,
            "min": 0,
            "p(90)": 0,
            "p(95)": 0
        },
        "http_req_waiting": {
            "avg": 609.0575194372884,
            "max": 14204.757581,
            "med": 416.600552,
            "min": 223.515962,
            "p(90)": 1077.235196,
            "p(95)": 1404.6033183999998
        },
        "http_reqs": {
            "count": 2950,
            "rate": 1.6388614686597167
        },
        "iteration_duration": {
            "avg": 610.1580928725424,
            "max": 14205.147896,
            "med": 417.266054,
            "min": 223.9241,
            "p(90)": 1078.0433862,
            "p(95)": 1405.3047577
        },
        "iterations": {
            "count": 2950,
            "rate": 1.6388614686597167
        },
        "vus": {
            "max": 1,
            "min": 1,
            "value": 1
        },
        "vus_max": {
            "max": 1,
            "min": 1,
            "value": 1
        }
    },
    "root_group": {
        "name": "",
        "path": "",
        "id": "d41d8cd98f00b204e9800998ecf8427e",
        "groups": {},
        "checks": {
            "status is 200": {
                "name": "status is 200",
                "path": "::status is 200",
                "id": "6210a8cd14cd70477eba5c5e4cb3fb5f",
                "passes": 2950,
                "fails": 0
            }
        }
    }
}
