{
    "metrics": {
        "checks": {
            "fails": 0,
            "passes": 2757,
            "value": 0
        },
        "data_received": {
            "count": 1492325,
            "rate": 828.9376303229552
        },
        "data_sent": {
            "count": 1910322,
            "rate": 1061.121265028602
        },
        "http_req_blocked": {
            "avg": 0.6494684613710566,
            "max": 454.768975,
            "med": 0.004034,
            "min": 0.002407,
            "p(90)": 0.0051514,
            "p(95)": 0.007838599999999887
        },
        "http_req_connecting": {
            "avg": 0.06974039390642002,
            "max": 12.13073,
            "med": 0,
            "min": 0,
            "p(90)": 0,
            "p(95)": 0
        },
        "http_req_duration": {
            "avg": 652.1233589383394,
            "max": 9522.181148,
            "med": 509.342189,
            "min": 238.292567,
            "p(90)": 1180.2243728,
            "p(95)": 1435.3350946
        },
        "http_req_receiving": {
            "avg": 0.08074922052956118,
            "max": 0.195953,
            "med": 0.080399,
            "min": 0.046753,
            "p(90)": 0.0929662,
            "p(95)": 0.09941799999999999
        },
        "http_req_sending": {
            "avg": 0.03747168335146894,
            "max": 0.1755,
            "med": 0.03912,
            "min": 0.016797,
            "p(90)": 0.051664800000000004,
            "p(95)": 0.055406199999999996
        },
        "http_req_tls_handshaking": {
            "avg": 0.5743853989844033,
            "max": 446.174485,
            "med": 0,
            "min": 0,
            "p(90)": 0,
            "p(95)": 0
        },
        "http_req_waiting": {
            "avg": 652.0051380344576,
            "max": 9521.962086,
            "med": 509.240343,
            "min": 238.1538,
            "p(90)": 1180.1008406000003,
            "p(95)": 1435.2201892
        },
        "http_reqs": {
            "count": 2757,
            "rate": 1.5314231462988206
        },
        "iteration_duration": {
            "avg": 652.9662435643825,
            "max": 9554.781631,
            "med": 509.827962,
            "min": 238.474183,
            "p(90)": 1180.4174076000004,
            "p(95)": 1435.5608232
        },
        "iterations": {
            "count": 2757,
            "rate": 1.5314231462988206
        },
        "vus": {
            "max": 1,
            "min": 1,
            "value": 1
        },
        "vus_max": {
            "max": 1,
            "min": 1,
            "value": 1
        }
    },
    "root_group": {
        "name": "",
        "path": "",
        "id": "d41d8cd98f00b204e9800998ecf8427e",
        "groups": {},
        "checks": {
            "status is 200": {
                "name": "status is 200",
                "path": "::status is 200",
                "id": "6210a8cd14cd70477eba5c5e4cb3fb5f",
                "passes": 2757,
                "fails": 0
            }
        }
    }
}
