{
    "metrics": {
        "checks": {
            "fails": 0,
            "passes": 3175,
            "value": 0
        },
        "data_received": {
            "count": 1718261,
            "rate": 954.3496313643114
        },
        "data_sent": {
            "count": 2199864,
            "rate": 1221.8396375472757
        },
        "http_req_blocked": {
            "avg": 0.3622350384251968,
            "max": 151.621796,
            "med": 0.005183,
            "min": 0.00284,
            "p(90)": 0.007217599999999999,
            "p(95)": 0.0143406
        },
        "http_req_connecting": {
            "avg": 0.08330311622047244,
            "max": 22.268119,
            "med": 0,
            "min": 0,
            "p(90)": 0,
            "p(95)": 0
        },
        "http_req_duration": {
            "avg": 566.4595241496063,
            "max": 11869.377219,
            "med": 446.313909,
            "min": 249.375956,
            "p(90)": 900.0430925999998,
            "p(95)": 1119.5316750999996
        },
        "http_req_receiving": {
            "avg": 0.10163621921259816,
            "max": 0.523299,
            "med": 0.100136,
            "min": 0.050223,
            "p(90)": 0.112525,
            "p(95)": 0.11803519999999999
        },
        "http_req_sending": {
            "avg": 0.043986603149606306,
            "max": 0.157646,
            "med": 0.04524,
            "min": 0.018689,
            "p(90)": 0.0541628,
            "p(95)": 0.0569589
        },
        "http_req_tls_handshaking": {
            "avg": 0.2720894072440945,
            "max": 146.171456,
            "med": 0,
            "min": 0,
            "p(90)": 0,
            "p(95)": 0
        },
        "http_req_waiting": {
            "avg": 566.3139013272454,
            "max": 11869.179943,
            "med": 446.160868,
            "min": 249.220447,
            "p(90)": 899.9039031999998,
            "p(95)": 1119.3747905999996
        },
        "http_reqs": {
            "count": 3175,
            "rate": 1.7634457626528734
        },
        "iteration_duration": {
            "avg": 567.0493332554327,
            "max": 11883.488725,
            "med": 447.111451,
            "min": 249.618091,
            "p(90)": 900.2631193999999,
            "p(95)": 1121.9041526999993
        },
        "iterations": {
            "count": 3175,
            "rate": 1.7634457626528734
        },
        "vus": {
            "max": 1,
            "min": 1,
            "value": 1
        },
        "vus_max": {
            "max": 1,
            "min": 1,
            "value": 1
        }
    },
    "root_group": {
        "name": "",
        "path": "",
        "id": "d41d8cd98f00b204e9800998ecf8427e",
        "groups": {},
        "checks": {
            "status is 200": {
                "name": "status is 200",
                "path": "::status is 200",
                "id": "6210a8cd14cd70477eba5c5e4cb3fb5f",
                "passes": 3175,
                "fails": 0
            }
        }
    }
}
