{
    "metrics": {
        "checks": {
            "fails": 0,
            "passes": 2383,
            "value": 0
        },
        "data_received": {
            "count": 1289621,
            "rate": 716.3674996794323
        },
        "data_sent": {
            "count": 1651096,
            "rate": 917.1621067357867
        },
        "http_req_blocked": {
            "avg": 0.7882812119177501,
            "max": 1039.305225,
            "med": 0.005043,
            "min": 0.002562,
            "p(90)": 0.006613800000000001,
            "p(95)": 0.0139627
        },
        "http_req_connecting": {
            "avg": 0.502088274024339,
            "max": 1021.979899,
            "med": 0,
            "min": 0,
            "p(90)": 0,
            "p(95)": 0
        },
        "http_req_duration": {
            "avg": 754.4103284238344,
            "max": 7522.582622,
            "med": 520.080756,
            "min": 256.435082,
            "p(90)": 1401.129227400001,
            "p(95)": 1853.9053627000003
        },
        "http_req_receiving": {
            "avg": 0.09961244733529159,
            "max": 0.184845,
            "med": 0.098321,
            "min": 0.055427,
            "p(90)": 0.1104914,
            "p(95)": 0.11608960000000002
        },
        "http_req_sending": {
            "avg": 0.04333022324800666,
            "max": 0.165552,
            "med": 0.044523,
            "min": 0.019845,
            "p(90)": 0.05341240000000001,
            "p(95)": 0.0557453
        },
        "http_req_tls_handshaking": {
            "avg": 0.27945267226185483,
            "max": 243.74534,
            "med": 0,
            "min": 0,
            "p(90)": 0,
            "p(95)": 0
        },
        "http_req_waiting": {
            "avg": 754.2673857532533,
            "max": 7522.436922,
            "med": 519.94842,
            "min": 256.298664,
            "p(90)": 1400.9805190000009,
            "p(95)": 1853.7562400000004
        },
        "http_reqs": {
            "count": 2383,
            "rate": 1.32372515005268
        },
        "iteration_duration": {
            "avg": 755.4208915824596,
            "max": 7522.794301,
            "med": 520.57012,
            "min": 256.677557,
            "p(90)": 1402.1001030000002,
            "p(95)": 1854.1244484000003
        },
        "iterations": {
            "count": 2383,
            "rate": 1.32372515005268
        },
        "vus": {
            "max": 1,
            "min": 1,
            "value": 1
        },
        "vus_max": {
            "max": 1,
            "min": 1,
            "value": 1
        }
    },
    "root_group": {
        "name": "",
        "path": "",
        "id": "d41d8cd98f00b204e9800998ecf8427e",
        "groups": {},
        "checks": {
            "status is 200": {
                "name": "status is 200",
                "path": "::status is 200",
                "id": "6210a8cd14cd70477eba5c5e4cb3fb5f",
                "passes": 2383,
                "fails": 0
            }
        }
    }
}
