{
    "metrics": {
        "checks": {
            "fails": 0,
            "passes": 3466,
            "value": 0
        },
        "data_received": {
            "count": 1875833,
            "rate": 1048.465580071802
        },
        "data_sent": {
            "count": 2401518,
            "rate": 1342.2884462118288
        },
        "http_req_blocked": {
            "avg": 1.1121911416618615,
            "max": 1262.034044,
            "med": 0.005125,
            "min": 0.002596,
            "p(90)": 0.0070595,
            "p(95)": 0.014229
        },
        "http_req_connecting": {
            "avg": 0.6689203170802075,
            "max": 1032.475574,
            "med": 0,
            "min": 0,
            "p(90)": 0,
            "p(95)": 0
        },
        "http_req_duration": {
            "avg": 514.837536730813,
            "max": 6724.339762,
            "med": 405.45958199999995,
            "min": 236.222521,
            "p(90)": 822.0567275000001,
            "p(95)": 1050.135857
        },
        "http_req_receiving": {
            "avg": 0.10040446364685517,
            "max": 0.482996,
            "med": 0.09916849999999999,
            "min": 0.053132,
            "p(90)": 0.111677,
            "p(95)": 0.11673800000000001
        },
        "http_req_sending": {
            "avg": 0.043049782458164945,
            "max": 0.126381,
            "med": 0.044277,
            "min": 0.017506,
            "p(90)": 0.053309999999999996,
            "p(95)": 0.05590075
        },
        "http_req_tls_handshaking": {
            "avg": 0.4364424200807848,
            "max": 251.723684,
            "med": 0,
            "min": 0,
            "p(90)": 0,
            "p(95)": 0
        },
        "http_req_waiting": {
            "avg": 514.6940824847082,
            "max": 6724.213847,
            "med": 405.30360099999996,
            "min": 236.073289,
            "p(90)": 821.9398020000001,
            "p(95)": 1049.986382
        },
        "http_reqs": {
            "count": 3466,
            "rate": 1.9372629122788996
        },
        "iteration_duration": {
            "avg": 516.1725341982111,
            "max": 6724.537841,
            "med": 405.9666065,
            "min": 236.454671,
            "p(90)": 823.479439,
            "p(95)": 1054.55175425
        },
        "iterations": {
            "count": 3466,
            "rate": 1.9372629122788996
        },
        "vus": {
            "max": 1,
            "min": 1,
            "value": 1
        },
        "vus_max": {
            "max": 1,
            "min": 1,
            "value": 1
        }
    },
    "root_group": {
        "name": "",
        "path": "",
        "id": "d41d8cd98f00b204e9800998ecf8427e",
        "groups": {},
        "checks": {
            "status is 200": {
                "name": "status is 200",
                "path": "::status is 200",
                "id": "6210a8cd14cd70477eba5c5e4cb3fb5f",
                "passes": 3466,
                "fails": 0
            }
        }
    }
}
