{
    "metrics": {
        "checks": {
            "fails": 0,
            "passes": 2,
            "value": 0
        },
        "data_received": {
            "count": 2369,
            "rate": 109.18763732060812
        },
        "data_sent": {
            "count": 2527,
            "rate": 116.46988582067401
        },
        "http_req_blocked": {
            "avg": 10.598332000000001,
            "max": 21.193373,
            "med": 10.598332000000001,
            "min": 0.003291,
            "p(90)": 19.0743648,
            "p(95)": 20.1338689
        },
        "http_req_connecting": {
            "avg": 1.3784525,
            "max": 2.756905,
            "med": 1.3784525,
            "min": 0,
            "p(90)": 2.4812145,
            "p(95)": 2.61905975
        },
        "http_req_duration": {
            "avg": 10400.182341,
            "max": 14481.878089,
            "med": 10400.182341,
            "min": 6318.486593,
            "p(90)": 13665.538939400001,
            "p(95)": 14073.7085142
        },
        "http_req_receiving": {
            "avg": 0.105829,
            "max": 0.111008,
            "med": 0.105829,
            "min": 0.10065,
            "p(90)": 0.10997219999999999,
            "p(95)": 0.1104901
        },
        "http_req_sending": {
            "avg": 0.048730499999999996,
            "max": 0.068716,
            "med": 0.048730499999999996,
            "min": 0.028745,
            "p(90)": 0.0647189,
            "p(95)": 0.06671745
        },
        "http_req_tls_handshaking": {
            "avg": 9.1745135,
            "max": 18.349027,
            "med": 9.1745135,
            "min": 0,
            "p(90)": 16.5141243,
            "p(95)": 17.43157565
        },
        "http_req_waiting": {
            "avg": 10400.0277815,
            "max": 14481.698365,
            "med": 10400.0277815,
            "min": 6318.357198,
            "p(90)": 13665.3642483,
            "p(95)": 14073.53130665
        },
        "http_reqs": {
            "count": 2,
            "rate": 0.09218036076032766
        },
        "iteration_duration": {
            "avg": 10411.037725,
            "max": 14503.392251,
            "med": 10411.037725,
            "min": 6318.683199,
            "p(90)": 13684.9213458,
            "p(95)": 14094.1567984
        },
        "iterations": {
            "count": 2,
            "rate": 0.09218036076032766
        },
        "vus": {
            "max": 1,
            "min": 1,
            "value": 1
        },
        "vus_max": {
            "max": 1,
            "min": 1,
            "value": 1
        }
    },
    "root_group": {
        "name": "",
        "path": "",
        "id": "d41d8cd98f00b204e9800998ecf8427e",
        "groups": {},
        "checks": {
            "status is 200": {
                "name": "status is 200",
                "path": "::status is 200",
                "id": "6210a8cd14cd70477eba5c5e4cb3fb5f",
                "passes": 2,
                "fails": 0
            }
        }
    }
}
