{
    "metrics": {
        "checks": {
            "fails": 33,
            "passes": 1682,
            "value": 0
        },
        "data_received": {
            "count": 931049,
            "rate": 523.9350230189127
        },
        "data_sent": {
            "count": 1188534,
            "rate": 668.8311664034443
        },
        "http_req_blocked": {
            "avg": 1.6238198711370257,
            "max": 1054.29988,
            "med": 0.005177,
            "min": 0.00253,
            "p(90)": 0.007105600000000007,
            "p(95)": 0.0142753
        },
        "http_req_connecting": {
            "avg": 1.2613173632653065,
            "max": 1022.151768,
            "med": 0,
            "min": 0,
            "p(90)": 0,
            "p(95)": 0
        },
        "http_req_duration": {
            "avg": 1034.2904512279902,
            "max": 46957.031579,
            "med": 799.315986,
            "min": 7.885823,
            "p(90)": 1670.9847274,
            "p(95)": 2050.5990503999997
        },
        "http_req_receiving": {
            "avg": 0.10135112186588921,
            "max": 0.435119,
            "med": 0.099933,
            "min": 0.053871,
            "p(90)": 0.11228400000000001,
            "p(95)": 0.1187521
        },
        "http_req_sending": {
            "avg": 0.043716050145772616,
            "max": 0.129779,
            "med": 0.043978,
            "min": 0.015698,
            "p(90)": 0.0543138,
            "p(95)": 0.0567515
        },
        "http_req_tls_handshaking": {
            "avg": 0.35560119183673466,
            "max": 238.299788,
            "med": 0,
            "min": 0,
            "p(90)": 0,
            "p(95)": 0
        },
        "http_req_waiting": {
            "avg": 1034.1453840559768,
            "max": 46956.893435,
            "med": 799.16475,
            "min": 7.737193,
            "p(90)": 1670.8574238000003,
            "p(95)": 2050.4558929
        },
        "http_reqs": {
            "count": 1715,
            "rate": 0.9650926691048863
        },
        "iteration_duration": {
            "avg": 1036.1424166483973,
            "max": 46957.272005,
            "med": 799.5565,
            "min": 8.110781,
            "p(90)": 1680.1294552000004,
            "p(95)": 2050.821261
        },
        "iterations": {
            "count": 1715,
            "rate": 0.9650926691048863
        },
        "vus": {
            "max": 1,
            "min": 1,
            "value": 1
        },
        "vus_max": {
            "max": 1,
            "min": 1,
            "value": 1
        }
    },
    "root_group": {
        "name": "",
        "path": "",
        "id": "d41d8cd98f00b204e9800998ecf8427e",
        "groups": {},
        "checks": {
            "status is 200": {
                "name": "status is 200",
                "path": "::status is 200",
                "id": "6210a8cd14cd70477eba5c5e4cb3fb5f",
                "passes": 1682,
                "fails": 33
            }
        }
    }
}
