{
    "metrics": {
        "checks": {
            "fails": 0,
            "passes": 5688,
            "value": 0
        },
        "data_received": {
            "count": 3504425,
            "rate": 3892.3901734280494
        },
        "data_sent": {
            "count": 2399498,
            "rate": 2665.139769394482
        },
        "http_req_blocked": {
            "avg": 0.5616458936357223,
            "max": 1268.70184,
            "med": 0.009946,
            "min": 0.003914,
            "p(90)": 0.011744,
            "p(95)": 0.012968599999999999
        },
        "http_req_connecting": {
            "avg": 0.2507649027777778,
            "max": 1019.468065,
            "med": 0,
            "min": 0,
            "p(90)": 0,
            "p(95)": 0
        },
        "http_req_duration": {
            "avg": 157.28079661339652,
            "max": 6577.833711,
            "med": 92.7960405,
            "min": 23.546701,
            "p(90)": 306.78747160000006,
            "p(95)": 445.11246235
        },
        "http_req_receiving": {
            "avg": 0.16505404571026666,
            "max": 1.073685,
            "med": 0.15999249999999998,
            "min": 0.072244,
            "p(90)": 0.1890313,
            "p(95)": 0.19809849999999998
        },
        "http_req_sending": {
            "avg": 0.07456799314345991,
            "max": 0.267648,
            "med": 0.071106,
            "min": 0.028078,
            "p(90)": 0.08494979999999999,
            "p(95)": 0.0891652
        },
        "http_req_tls_handshaking": {
            "avg": 0.2989402902601969,
            "max": 249.088163,
            "med": 0,
            "min": 0,
            "p(90)": 0,
            "p(95)": 0
        },
        "http_req_waiting": {
            "avg": 157.0411745745426,
            "max": 6577.592063,
            "med": 92.5689215,
            "min": 23.30537,
            "p(90)": 306.5389089000001,
            "p(95)": 444.87769995
        },
        "http_reqs": {
            "count": 5688,
            "rate": 6.317702706280986
        },
        "iteration_duration": {
            "avg": 158.25892300474675,
            "max": 6801.896959,
            "med": 93.54609049999999,
            "min": 23.973592,
            "p(90)": 307.8250991,
            "p(95)": 445.55446029999996
        },
        "iterations": {
            "count": 5688,
            "rate": 6.317702706280986
        },
        "vus": {
            "max": 1,
            "min": 1,
            "value": 1
        },
        "vus_max": {
            "max": 1,
            "min": 1,
            "value": 1
        }
    },
    "root_group": {
        "name": "",
        "path": "",
        "id": "d41d8cd98f00b204e9800998ecf8427e",
        "groups": {},
        "checks": {
            "status is 200": {
                "name": "status is 200",
                "path": "::status is 200",
                "id": "6210a8cd14cd70477eba5c5e4cb3fb5f",
                "passes": 5688,
                "fails": 0
            }
        }
    }
}
