{
    "metrics": {
        "checks": {
            "fails": 0,
            "passes": 8352,
            "value": 0
        },
        "data_received": {
            "count": 5146133,
            "rate": 2858.6436205594796
        },
        "data_sent": {
            "count": 4734485,
            "rate": 2629.9758171591266
        },
        "http_req_blocked": {
            "avg": 0.19680174640804615,
            "max": 51.754534,
            "med": 0.009692,
            "min": 0.003573,
            "p(90)": 0.011439600000000003,
            "p(95)": 0.01279615
        },
        "http_req_connecting": {
            "avg": 0.038645557231800756,
            "max": 12.541958,
            "med": 0,
            "min": 0,
            "p(90)": 0,
            "p(95)": 0
        },
        "http_req_duration": {
            "avg": 214.90345710895534,
            "max": 15774.27283,
            "med": 94.871001,
            "min": 24.81182,
            "p(90)": 478.2831723000001,
            "p(95)": 763.8101173
        },
        "http_req_receiving": {
            "avg": 0.1622675496886972,
            "max": 0.852013,
            "med": 0.1571005,
            "min": 0.052537,
            "p(90)": 0.18637220000000002,
            "p(95)": 0.19596015
        },
        "http_req_sending": {
            "avg": 0.07504572677203061,
            "max": 0.3037,
            "med": 0.0718775,
            "min": 0.028826,
            "p(90)": 0.0852904,
            "p(95)": 0.0898662
        },
        "http_req_tls_handshaking": {
            "avg": 0.14656461625957853,
            "max": 47.987461,
            "med": 0,
            "min": 0,
            "p(90)": 0,
            "p(95)": 0
        },
        "http_req_waiting": {
            "avg": 214.6661438324958,
            "max": 15774.040246,
            "med": 94.63380849999999,
            "min": 24.542494,
            "p(90)": 478.0430253000001,
            "p(95)": 763.57807865
        },
        "http_reqs": {
            "count": 8352,
            "rate": 4.639482018617236
        },
        "iteration_duration": {
            "avg": 215.51793829154724,
            "max": 15774.681284,
            "med": 95.434684,
            "min": 25.274362,
            "p(90)": 478.7274911000001,
            "p(95)": 764.24188895
        },
        "iterations": {
            "count": 8352,
            "rate": 4.639482018617236
        },
        "vus": {
            "max": 1,
            "min": 1,
            "value": 1
        },
        "vus_max": {
            "max": 1,
            "min": 1,
            "value": 1
        }
    },
    "root_group": {
        "name": "",
        "path": "",
        "id": "d41d8cd98f00b204e9800998ecf8427e",
        "groups": {},
        "checks": {
            "status is 200": {
                "name": "status is 200",
                "path": "::status is 200",
                "id": "6210a8cd14cd70477eba5c5e4cb3fb5f",
                "passes": 8352,
                "fails": 0
            }
        }
    }
}
