{
    "metrics": {
        "checks": {
            "fails": 0,
            "passes": 196,
            "value": 0
        },
        "data_received": {
            "count": 120809,
            "rate": 2012.121451632233
        },
        "data_sent": {
            "count": 111087,
            "rate": 1850.1977145533021
        },
        "http_req_blocked": {
            "avg": 5.553243494897959,
            "max": 1050.78992,
            "med": 0.009415,
            "min": 0.003949,
            "p(90)": 0.0104425,
            "p(95)": 0.01275125
        },
        "http_req_connecting": {
            "avg": 5.315566515306122,
            "max": 1032.634034,
            "med": 0,
            "min": 0,
            "p(90)": 0,
            "p(95)": 0
        },
        "http_req_duration": {
            "avg": 300.1768685510203,
            "max": 9915.729044,
            "med": 86.1899495,
            "min": 32.590775,
            "p(90)": 210.4653755,
            "p(95)": 334.14008
        },
        "http_req_receiving": {
            "avg": 0.16372986224489797,
            "max": 0.310699,
            "med": 0.15814899999999998,
            "min": 0.086206,
            "p(90)": 0.1867915,
            "p(95)": 0.202388
        },
        "http_req_sending": {
            "avg": 0.07335039795918366,
            "max": 0.186817,
            "med": 0.0700465,
            "min": 0.033133,
            "p(90)": 0.07874800000000001,
            "p(95)": 0.0857255
        },
        "http_req_tls_handshaking": {
            "avg": 0.22626438775510205,
            "max": 26.352529,
            "med": 0,
            "min": 0,
            "p(90)": 0,
            "p(95)": 0
        },
        "http_req_waiting": {
            "avg": 299.9397882908164,
            "max": 9915.309147,
            "med": 85.9655195,
            "min": 32.308605,
            "p(90)": 210.2132005,
            "p(95)": 333.87443825
        },
        "http_reqs": {
            "count": 196,
            "rate": 3.264457155674806
        },
        "iteration_duration": {
            "avg": 306.1390856530613,
            "max": 10967.11493,
            "med": 87.7224035,
            "min": 33.026181,
            "p(90)": 210.8905465,
            "p(95)": 334.559122
        },
        "iterations": {
            "count": 196,
            "rate": 3.264457155674806
        },
        "vus": {
            "max": 1,
            "min": 1,
            "value": 1
        },
        "vus_max": {
            "max": 1,
            "min": 1,
            "value": 1
        }
    },
    "root_group": {
        "name": "",
        "path": "",
        "id": "d41d8cd98f00b204e9800998ecf8427e",
        "groups": {},
        "checks": {
            "status is 200": {
                "name": "status is 200",
                "path": "::status is 200",
                "id": "6210a8cd14cd70477eba5c5e4cb3fb5f",
                "passes": 196,
                "fails": 0
            }
        }
    }
}
