{
    "metrics": {
        "checks": {
            "fails": 0,
            "passes": 10312,
            "value": 0
        },
        "data_received": {
            "count": 6354173,
            "rate": 3529.8785140974787
        },
        "data_sent": {
            "count": 4350425,
            "rate": 2416.7537985970043
        },
        "http_req_blocked": {
            "avg": 0.859443079228083,
            "max": 1047.830286,
            "med": 0.009806,
            "min": 0.003528,
            "p(90)": 0.011809699999999998,
            "p(95)": 0.012888699999999994
        },
        "http_req_connecting": {
            "avg": 0.46307114594646986,
            "max": 1024.311129,
            "med": 0,
            "min": 0,
            "p(90)": 0,
            "p(95)": 0
        },
        "http_req_duration": {
            "avg": 173.2597836873548,
            "max": 11682.045079,
            "med": 91.414022,
            "min": 24.245635,
            "p(90)": 350.0087890999998,
            "p(95)": 539.8036028499997
        },
        "http_req_receiving": {
            "avg": 0.16555530314197023,
            "max": 0.962007,
            "med": 0.1605655,
            "min": 0.063399,
            "p(90)": 0.18954459999999998,
            "p(95)": 0.20033629999999997
        },
        "http_req_sending": {
            "avg": 0.07460573710240499,
            "max": 0.232271,
            "med": 0.07136,
            "min": 0.027104,
            "p(90)": 0.0851089,
            "p(95)": 0.08940179999999998
        },
        "http_req_tls_handshaking": {
            "avg": 0.38450000184251343,
            "max": 501.607159,
            "med": 0,
            "min": 0,
            "p(90)": 0,
            "p(95)": 0
        },
        "http_req_waiting": {
            "avg": 173.01962264711054,
            "max": 11681.676149,
            "med": 91.170806,
            "min": 24.002804,
            "p(90)": 349.7734625999998,
            "p(95)": 539.5419001999996
        },
        "http_reqs": {
            "count": 10312,
            "rate": 5.728535757111618
        },
        "iteration_duration": {
            "avg": 174.54014342532855,
            "max": 11706.259953,
            "med": 92.182065,
            "min": 24.655194,
            "p(90)": 353.6678432999999,
            "p(95)": 542.6848275499992
        },
        "iterations": {
            "count": 10312,
            "rate": 5.728535757111618
        },
        "vus": {
            "max": 1,
            "min": 1,
            "value": 1
        },
        "vus_max": {
            "max": 1,
            "min": 1,
            "value": 1
        }
    },
    "root_group": {
        "name": "",
        "path": "",
        "id": "d41d8cd98f00b204e9800998ecf8427e",
        "groups": {},
        "checks": {
            "status is 200": {
                "name": "status is 200",
                "path": "::status is 200",
                "id": "6210a8cd14cd70477eba5c5e4cb3fb5f",
                "passes": 10312,
                "fails": 0
            }
        }
    }
}
