{
    "metrics": {
        "checks": {
            "fails": 0,
            "passes": 7416,
            "value": 0
        },
        "data_received": {
            "count": 4569953,
            "rate": 5076.924235320925
        },
        "data_sent": {
            "count": 4204052,
            "rate": 4670.431727711292
        },
        "http_req_blocked": {
            "avg": 0.36964741113807764,
            "max": 1021.333325,
            "med": 0.009672,
            "min": 0.002769,
            "p(90)": 0.011084,
            "p(95)": 0.012398
        },
        "http_req_connecting": {
            "avg": 0.1802199591423948,
            "max": 1009.389772,
            "med": 0,
            "min": 0,
            "p(90)": 0,
            "p(95)": 0
        },
        "http_req_duration": {
            "avg": 120.57132523692009,
            "max": 7101.5802,
            "med": 79.2235335,
            "min": 24.511215,
            "p(90)": 217.82385499999998,
            "p(95)": 311.550633
        },
        "http_req_receiving": {
            "avg": 0.16460911232470318,
            "max": 0.792526,
            "med": 0.159895,
            "min": 0.055405,
            "p(90)": 0.188142,
            "p(95)": 0.19793725
        },
        "http_req_sending": {
            "avg": 0.07360072923408859,
            "max": 0.304343,
            "med": 0.070381,
            "min": 0.02157,
            "p(90)": 0.08395,
            "p(95)": 0.08807525
        },
        "http_req_tls_handshaking": {
            "avg": 0.17779823206580372,
            "max": 224.734783,
            "med": 0,
            "min": 0,
            "p(90)": 0,
            "p(95)": 0
        },
        "http_req_waiting": {
            "avg": 120.33311539536163,
            "max": 7101.345972,
            "med": 78.991269,
            "min": 24.356188,
            "p(90)": 217.5570545,
            "p(95)": 311.320854
        },
        "http_reqs": {
            "count": 7416,
            "rate": 8.238699638517065
        },
        "iteration_duration": {
            "avg": 121.35236725674234,
            "max": 7101.976989,
            "med": 79.8934075,
            "min": 24.792275,
            "p(90)": 218.59335099999998,
            "p(95)": 312.1828985
        },
        "iterations": {
            "count": 7416,
            "rate": 8.238699638517065
        },
        "vus": {
            "max": 1,
            "min": 1,
            "value": 1
        },
        "vus_max": {
            "max": 1,
            "min": 1,
            "value": 1
        }
    },
    "root_group": {
        "name": "",
        "path": "",
        "id": "d41d8cd98f00b204e9800998ecf8427e",
        "groups": {},
        "checks": {
            "status is 200": {
                "name": "status is 200",
                "path": "::status is 200",
                "id": "6210a8cd14cd70477eba5c5e4cb3fb5f",
                "passes": 7416,
                "fails": 0
            }
        }
    }
}
