{
    "metrics": {
        "checks": {
            "fails": 0,
            "passes": 192,
            "value": 0
        },
        "data_received": {
            "count": 118397,
            "rate": 1964.8326399875812
        },
        "data_sent": {
            "count": 80995,
            "rate": 1344.135575021277
        },
        "http_req_blocked": {
            "avg": 0.17237805729166678,
            "max": 18.274862,
            "med": 0.009396999999999999,
            "min": 0.0058,
            "p(90)": 0.010333300000000002,
            "p(95)": 0.010972949999999999
        },
        "http_req_connecting": {
            "avg": 0.03607075520833333,
            "max": 4.161319,
            "med": 0,
            "min": 0,
            "p(90)": 0,
            "p(95)": 0
        },
        "http_req_duration": {
            "avg": 313.069191098958,
            "max": 5428.809938,
            "med": 94.4791845,
            "min": 27.70722,
            "p(90)": 420.6122406000001,
            "p(95)": 940.5763023499991
        },
        "http_req_receiving": {
            "avg": 0.16040519791666674,
            "max": 0.233724,
            "med": 0.15825650000000002,
            "min": 0.093443,
            "p(90)": 0.186133,
            "p(95)": 0.19303444999999997
        },
        "http_req_sending": {
            "avg": 0.07210305208333333,
            "max": 0.169099,
            "med": 0.06969049999999999,
            "min": 0.044845,
            "p(90)": 0.0828483,
            "p(95)": 0.0856165
        },
        "http_req_tls_handshaking": {
            "avg": 0.125532484375,
            "max": 14.008226,
            "med": 0,
            "min": 0,
            "p(90)": 0,
            "p(95)": 0
        },
        "http_req_waiting": {
            "avg": 312.83668284895833,
            "max": 5428.490134,
            "med": 94.244472,
            "min": 27.459229,
            "p(90)": 420.3513419000001,
            "p(95)": 940.326693949999
        },
        "http_reqs": {
            "count": 192,
            "rate": 3.186295825718689
        },
        "iteration_duration": {
            "avg": 313.64191219791684,
            "max": 5447.574613,
            "med": 94.8951785,
            "min": 28.101177,
            "p(90)": 421.04732650000017,
            "p(95)": 940.969083149999
        },
        "iterations": {
            "count": 192,
            "rate": 3.186295825718689
        },
        "vus": {
            "max": 1,
            "min": 1,
            "value": 1
        },
        "vus_max": {
            "max": 1,
            "min": 1,
            "value": 1
        }
    },
    "root_group": {
        "name": "",
        "path": "",
        "id": "d41d8cd98f00b204e9800998ecf8427e",
        "groups": {},
        "checks": {
            "status is 200": {
                "name": "status is 200",
                "path": "::status is 200",
                "id": "6210a8cd14cd70477eba5c5e4cb3fb5f",
                "passes": 192,
                "fails": 0
            }
        }
    }
}
