{
    "metrics": {
        "checks": {
            "fails": 0,
            "passes": 941,
            "value": 0
        },
        "data_received": {
            "count": 580508,
            "rate": 1932.6634726296068
        },
        "data_sent": {
            "count": 397157,
            "rate": 1322.2398774851627
        },
        "http_req_blocked": {
            "avg": 0.2885611307120086,
            "max": 58.305782,
            "med": 0.009729,
            "min": 0.002639,
            "p(90)": 0.011804,
            "p(95)": 0.012997
        },
        "http_req_connecting": {
            "avg": 0.0729607991498406,
            "max": 21.284633,
            "med": 0,
            "min": 0,
            "p(90)": 0,
            "p(95)": 0
        },
        "http_req_duration": {
            "avg": 318.4390151604671,
            "max": 10940.528448,
            "med": 173.556246,
            "min": 32.454348,
            "p(90)": 611.374577,
            "p(95)": 985.90598
        },
        "http_req_receiving": {
            "avg": 0.16299603506907562,
            "max": 0.285937,
            "med": 0.158218,
            "min": 0.066804,
            "p(90)": 0.187583,
            "p(95)": 0.199916
        },
        "http_req_sending": {
            "avg": 0.07349400212539847,
            "max": 0.189406,
            "med": 0.07,
            "min": 0.026332,
            "p(90)": 0.08457,
            "p(95)": 0.09038
        },
        "http_req_tls_handshaking": {
            "avg": 0.2038343432518597,
            "max": 55.31779,
            "med": 0,
            "min": 0,
            "p(90)": 0,
            "p(95)": 0
        },
        "http_req_waiting": {
            "avg": 318.2025251232735,
            "max": 10940.33506,
            "med": 173.252071,
            "min": 32.207624,
            "p(90)": 611.144466,
            "p(95)": 985.673148
        },
        "http_reqs": {
            "count": 941,
            "rate": 3.1328359432504977
        },
        "iteration_duration": {
            "avg": 319.144079065887,
            "max": 10940.915953,
            "med": 174.14784,
            "min": 32.868077,
            "p(90)": 611.772805,
            "p(95)": 986.327152
        },
        "iterations": {
            "count": 941,
            "rate": 3.1328359432504977
        },
        "vus": {
            "max": 1,
            "min": 1,
            "value": 1
        },
        "vus_max": {
            "max": 1,
            "min": 1,
            "value": 1
        }
    },
    "root_group": {
        "name": "",
        "path": "",
        "id": "d41d8cd98f00b204e9800998ecf8427e",
        "groups": {},
        "checks": {
            "status is 200": {
                "name": "status is 200",
                "path": "::status is 200",
                "id": "6210a8cd14cd70477eba5c5e4cb3fb5f",
                "passes": 941,
                "fails": 0
            }
        }
    }
}
