{
    "metrics": {
        "checks": {
            "fails": 0,
            "passes": 1554,
            "value": 0
        },
        "data_received": {
            "count": 957995,
            "rate": 3192.9082896946366
        },
        "data_sent": {
            "count": 881031,
            "rate": 2936.394431471934
        },
        "http_req_blocked": {
            "avg": 2.3660725810810828,
            "max": 1262.778413,
            "med": 0.009642,
            "min": 0.003697,
            "p(90)": 0.0115791,
            "p(95)": 0.012904399999999993
        },
        "http_req_connecting": {
            "avg": 1.3961823629343628,
            "max": 1022.224828,
            "med": 0,
            "min": 0,
            "p(90)": 0,
            "p(95)": 0
        },
        "http_req_duration": {
            "avg": 190.24788971621635,
            "max": 8559.765334,
            "med": 105.8579055,
            "min": 29.846994,
            "p(90)": 331.7493175000001,
            "p(95)": 440.0370433499994
        },
        "http_req_receiving": {
            "avg": 0.16527998970398952,
            "max": 1.173002,
            "med": 0.15922999999999998,
            "min": 0.098034,
            "p(90)": 0.18932590000000002,
            "p(95)": 0.20245285
        },
        "http_req_sending": {
            "avg": 0.0754254337194337,
            "max": 0.195861,
            "med": 0.07174649999999999,
            "min": 0.029046,
            "p(90)": 0.08585380000000001,
            "p(95)": 0.09236039999999998
        },
        "http_req_tls_handshaking": {
            "avg": 0.9581572535392536,
            "max": 457.131137,
            "med": 0,
            "min": 0,
            "p(90)": 0,
            "p(95)": 0
        },
        "http_req_waiting": {
            "avg": 190.00718429279246,
            "max": 8559.492661,
            "med": 105.626091,
            "min": 29.585313,
            "p(90)": 331.5083238000001,
            "p(95)": 439.77529419999945
        },
        "http_reqs": {
            "count": 1554,
            "rate": 5.179337556235121
        },
        "iteration_duration": {
            "avg": 193.03437950193074,
            "max": 8560.204768,
            "med": 106.5697945,
            "min": 30.192821,
            "p(90)": 333.35397980000005,
            "p(95)": 454.8268604999999
        },
        "iterations": {
            "count": 1554,
            "rate": 5.179337556235121
        },
        "vus": {
            "max": 1,
            "min": 1,
            "value": 1
        },
        "vus_max": {
            "max": 1,
            "min": 1,
            "value": 1
        }
    },
    "root_group": {
        "name": "",
        "path": "",
        "id": "d41d8cd98f00b204e9800998ecf8427e",
        "groups": {},
        "checks": {
            "status is 200": {
                "name": "status is 200",
                "path": "::status is 200",
                "id": "6210a8cd14cd70477eba5c5e4cb3fb5f",
                "passes": 1554,
                "fails": 0
            }
        }
    }
}
